age,sex,bmi,waist_cm,platelets_1000_uL,fasting_glucose_mg_dL,fasting_insulin_uU_mL,triglycerides_mg_dL,hdl_mg_dL,ast_U_L,alt_U_L,ggt_U_L,ancestry_proxy,cap_score,ir_label
33.98491511838121,2,22.00257238096136,74.1771850304282,388.48692332147624,106.12075787616622,7.598081226939213,57.202282648263825,76.05917086414081,26.01017647398279,4.621669864707983,16.00992583727236,6,186.64000607735684,0
60.767007007893234,1,24.7658556611166,93.70706195534333,242.31019181548876,79.18868022458354,2.296821809925469,246.94440172549827,51.82803361285008,24.151152438260777,4.426667886094419,29.408969824589494,6,281.8790326471511,0
42.47124782679369,1,22.327623875713115,82.47528803776692,222.68769151580932,93.36970174109332,6.269004132530429,104.39016195853061,45.613538410780905,27.093447681161056,4.090956645300663,26.40739305713239,6,235.2912271867727,0
20.0,2,23.999166455890563,80.78286245582639,222.8349598342519,87.66572722082778,4.058992864556254,30.901427247622145,80.19556210262071,8.757122385752504,4.0223124344438625,14.54109251100751,6,177.88353704636944,0
54.73291590028794,1,23.385285018782998,89.08960572385038,357.05287642866847,93.48224383576765,11.337599850024443,141.12315199504877,59.00081395479608,21.13814015363248,4.054758993744363,14.428212532217959,6,236.74846701446145,1
20.0,1,22.786645663244094,84.03971937833495,252.12857919613506,91.92982512657903,4.008202346030205,46.24332188130625,50.86220379672279,31.121158356847523,4.762676503555302,19.754427548666918,6,172.4404556386009,0
26.47937452310964,1,18.53586468196783,66.46571984708827,149.12103653518682,87.35970086307023,3.6151406678809774,27.884163177499293,70.52326282085076,40.725587882475736,4.286168161198191,22.13871903383995,6,136.8094869662644,0
43.273680209494614,1,24.9,89.089983478173,253.6251522919192,112.63880250289401,13.386634284810414,79.57289994208739,45.969127148020235,23.32355117006936,4.054235066472755,34.279658248218134,6,232.52756981019067,0
68.5679414205744,2,20.143130440359638,70.03194010518006,116.07889524369438,112.69565539039199,17.622802164395313,91.76777892618277,63.74751488378417,35.1121823066517,4.036277726140181,60.202307513133285,6,224.92565072841307,1
46.70751349164097,1,22.03356966069891,76.18313468508656,183.62582418330564,107.22543713618359,2.723213905667317,44.72085232583774,67.9411224968555,10.193633597327983,4.369595639677385,12.723609749420241,6,144.5876158065955,0
77.1356091548509,1,22.240570300053037,84.69464678211027,266.01046476418287,115.6077319105803,4.9439250497963,43.32020162519343,105.35843844041433,10.607877937885213,4.433477700793675,7.5745792585292255,6,170.41321362677726,0
45.06046970486406,2,19.788632193284382,71.98907718675979,248.47616497851254,97.46598220627303,7.130374403554034,71.33018014850263,67.71065724147029,11.160507842229327,3.9113943938916576,11.350652255594195,6,213.30098167565035,0
57.199032168498164,2,22.28899380552851,75.32745407571883,208.64535338684786,99.32438898458128,1.596322784811743,44.43277604204911,103.89074560068397,10.403287765352871,4.169473580628856,27.575664100952235,6,140.5627598361174,0
55.24220166768446,2,22.362456933485095,71.9299994139536,149.26623826359187,72.65238695344313,3.5169448952184785,57.995902812005916,57.3087716454622,24.314146112784865,3.5334369125416636,41.31200732584773,6,182.38927811989097,0
59.12737994182058,2,24.802349351557286,81.32578412847849,241.58256273894898,157.87828416515035,4.797568853908221,158.42935807316616,50.92385333956174,33.30700973456109,4.638567364417183,65.69348004570782,6,244.51264608917384,0
80.0,1,19.947398331723843,79.09117860732647,155.43860973651314,98.71886911572088,7.952114302223894,62.849030413656145,62.68020481895385,37.298521980581526,4.446985435869129,22.582935732137585,6,205.08688267326272,0
61.03179909682687,2,23.41096077238635,78.51089645069395,275.30336883823804,144.51326751841256,7.62683088342399,159.50512016742366,73.83202723594106,16.64644296689318,3.9617199868720743,26.237791853597827,6,230.32978048543677,1
44.74729599410944,1,24.371984149581504,92.65356596063108,239.70635010774186,123.42581724887293,15.282845285949488,66.84656376882103,60.19820206178189,21.11163686490793,4.1855294730159205,50.56134373804789,6,240.14119065288932,0
36.93139242610503,2,24.473794166415228,80.99284136484236,288.28137185328853,98.02314429221786,5.4770293427342525,152.7459837780065,42.70695902359621,10.116717808544829,3.697968587304381,23.101310289039034,6,222.4250534058903,0
59.81403549152684,2,22.38444047395349,74.28241485878,301.5260306846263,106.86860865625434,2.972448386847393,85.9138792620204,48.25973341819778,12.743137500846942,3.843334491843201,17.660289667156416,6,183.33481094066417,0
38.106883662660664,2,21.221398579843317,69.84596078119124,147.91326333528826,83.22648706509608,2.368820195179902,31.326253778558343,80.17427065924163,8.009861439348873,4.031468113467415,27.641551325321593,6,156.33852470827364,0
26.47884878812622,2,22.635363963846412,68.48613988049313,235.2784440923884,94.42296907368132,5.360004686733953,38.6999378536192,70.59716567126745,27.597648948145913,3.8048734431685105,31.056782588127263,6,118.74419564014929,0
27.597681539051866,1,23.696523133490157,88.2157020969901,288.8768565538675,101.66010868780937,5.369959955063776,114.92644871116389,54.96450895111617,13.818484413651019,4.022021409627696,15.599273816589134,6,219.82395987292554,0
71.01263613715815,2,21.667536977611867,81.32064207849804,80.0,108.32893975555402,21.555017216013663,145.53206126737805,59.72868064687371,16.496392754352836,3.748673260678079,6.630121310770951,6,297.85782089809476,1
35.10911328884882,1,24.780229595691996,87.59478204381455,243.95853789484417,109.69756386906839,4.61429954275278,189.55881327034314,26.129737468981006,12.308156230822707,4.294377015090801,14.45042561653938,6,263.4696633655628,0
47.06608944980457,1,21.355489261511444,84.6434322832437,147.57870802216922,98.43012607764706,3.301787446016517,42.66626188841845,67.98459037193716,44.459447663190616,4.5620182303533054,31.300387971433707,6,207.51110906576514,0
35.30032143678454,2,20.422619809337164,67.79393212478236,142.4242174432456,65.57254689554559,4.618401537745173,53.772106267783414,57.15758406473965,17.622958278045722,4.072340696368689,14.581905517353034,6,167.60191893626484,0
43.35447594784375,1,23.79215242644535,84.64439837065687,313.01682734635017,129.6821758790947,16.83184039775929,151.17527540549946,25.83947090838701,5.980982803317858,3.8726173111865294,5.0,6,274.35269359272024,1
63.487683316992964,1,24.9,79.71607752942742,304.65339497053947,145.06288148957566,12.785827761686658,176.79899714004523,45.87528427506716,26.54857404529032,4.19660234626555,30.6847102374985,6,287.4922838182677,1
45.31783619276268,1,23.202527576715923,82.17786571628453,222.58582138296373,135.5725039469269,34.196065069132025,90.06476136043266,41.39693139958103,40.59694698202222,4.487226369751773,123.96878535484151,6,309.40856181506996,1
63.22739729925806,1,23.07062511793501,87.07578357915106,213.321783990343,107.56246078046958,10.488826008504088,131.3066452066139,43.14715603525849,27.06279298915431,4.234257135784765,30.126697995244744,6,247.51235548079072,1
73.17837971479578,1,24.86009020559712,92.16590314521062,230.74865536022185,124.16938316136968,9.33810599626669,52.08899138443371,72.10884218414218,13.601842908589882,4.0340288208745685,23.855017547898505,6,221.45282515065597,0
62.646246841743974,2,20.70769097504285,69.49709593182034,223.2593963437864,105.09992345990581,3.6898972160663615,42.037268238037775,58.00615302331879,22.472412154313833,4.112058074977287,37.39987315274764,6,172.16191997748044,0
35.70777339727026,2,21.551260886449292,73.08960402434073,154.69991666422993,97.43997747035182,5.762669991080805,124.99302129733388,45.27504986295001,52.29535251268131,4.913905397080229,41.902820134136064,6,206.7141842313401,0
51.862255046632484,2,19.11409334207983,69.28673697194218,229.3378009707384,120.69156546282387,3.3403817018692923,54.75717926966562,88.91457062334464,27.373633651403157,3.9593843977213234,42.025311258450735,6,159.74513322384135,0
52.97968783281127,1,23.241237675509176,92.33024932370276,208.0799976841683,106.55396012820125,11.160723528767074,133.49080892351733,53.83901990173684,14.56385722940775,3.695897283308794,31.027114273897787,6,279.6179878229065,1
56.30616819218424,1,21.73320603595721,91.55044219515486,128.43516748970194,130.81083500944413,4.872770809123222,98.20063077447217,51.769542703639836,21.056756253527524,4.534111102728948,33.74834120667957,6,202.40045505348036,0
51.34654892097998,2,23.785605277756915,79.44239380732144,155.40399251092038,149.6537922390719,5.099977795325413,67.45157638700317,87.4483917101445,21.914270635867602,4.595527849410147,27.62532581767841,6,196.79645297786726,0
52.27727097412531,2,19.34676648486703,71.19591570650744,337.59404463452404,77.1620132699425,5.408753983907632,59.731867776807576,71.33725500807363,12.932676595165585,4.360328967208892,18.525629800292055,6,149.9431281915202,0
80.0,1,24.9,95.9484766530187,180.48807470921696,176.05639582887838,17.44863805417593,318.9058707262684,44.30722219630124,39.64240313177082,4.301712128287985,30.136129525266973,6,358.48448636234934,1
42.753630327110706,2,20.884657255375718,69.87456139471811,273.7482985741421,118.85346816844276,8.009465794128428,73.64989593505936,73.3042871952469,7.6064008029338135,4.6899741858593,5.23739599560752,6,195.22164373164426,0
61.57965609111285,2,22.50812558897404,77.27585640839351,105.48753240144205,112.75692599526938,13.474323250472366,224.93987796124821,42.38346609564076,14.221442931691834,3.7034859605045614,13.00723608395539,6,298.2485571707627,1
67.55032072232318,1,24.9,88.49847716969224,305.90657369635727,107.10066312671447,13.493127362397422,170.30809263891035,36.08165742571998,20.672598150630037,4.3361706189346965,35.980878958525736,6,305.4267968499036,1
60.647530594313395,1,21.941713293360436,77.5410481276529,300.9763513953859,151.98183806605002,13.107647833898547,41.811442739935835,81.28566970059552,46.11477128374893,4.713886443796958,75.8347934436111,6,208.64307150045713,0
57.73785075719502,2,21.16352338939917,73.01836417753951,168.3219191300264,110.3576402521931,16.062445140071503,133.75151814113232,86.22215822656582,21.387552436776687,4.325810812980475,81.10857956428619,6,227.68697490792036,1
27.387712143332845,2,21.908710611883006,70.77065970786333,125.20322396287484,68.85389655101388,2.018924357226355,53.05469572378445,75.98859389555926,20.393840132821474,3.9361332815754713,17.716484738708278,6,152.95261188421696,0
58.481407253967575,2,22.73637997476008,78.06363628210237,175.11824298049055,126.79306664216175,17.35636109439982,117.69118338521243,47.5635351441575,25.059580586129886,3.988061611033785,29.6057050373636,6,266.25458689485896,1
55.59482498923736,1,20.601905417939477,83.75149669473417,344.1029831549783,129.3304934027279,3.045004352505323,71.09545079828798,65.96106018215298,8.907025119330054,4.396272700822607,9.916678124594803,6,197.88462670469713,0
60.26099460558947,1,23.259862609184857,82.67340590353623,180.61813282610257,184.15455392620697,22.296245383370092,433.7984338043478,22.741727106870098,23.5928432907321,4.35139718057528,54.76503905862367,6,400.0,1
49.667281721450465,1,24.531913870983907,82.89959039991729,242.01528536331645,129.80221858899205,8.59192594046057,136.47567299067595,58.10642596132232,34.564492733311305,4.61414036299435,36.12444116448633,6,229.45996503636147,1
43.985673265399065,1,23.92666840441832,90.45375209943467,162.82445491329398,91.22528728930476,4.2411368086654715,80.15371484851471,53.97814350474742,17.37220853704697,4.5305710758632385,20.18687306961985,6,201.21123204641924,0
25.62169713157643,2,21.001513337295087,70.07947626294781,261.1843760769109,81.16301000784138,1.9299991458641204,53.477336835831466,53.39389443734277,6.538059807443007,4.051287080400928,20.129471722275348,6,164.75523079266654,0
56.42790137408683,1,23.38488241863118,80.00361872818344,266.7675620077798,109.67562803197335,9.339980664257212,297.44394600782846,33.00846342404803,30.612619124019265,4.0318640944722075,29.310498212338604,6,307.88024123778627,1
51.56055264471442,2,24.9,78.1163627275195,214.01840206019315,105.53410877266766,5.592483597897548,78.9908519842063,64.09876641195089,9.66296399447471,4.151308780987586,7.6398985760092275,6,212.90449094716325,0
43.4535536015754,1,21.417950881593793,86.95370371344141,169.92352175822316,108.29456003575336,12.37412317212456,95.00545123599865,49.78886365642981,29.364442952648005,4.147850108824961,32.67634486046514,6,231.1858229763134,1
42.796223766103466,2,20.35495864654175,70.73545001025138,222.70110806125146,109.47149776581222,3.595288527120389,59.38331244064628,92.2490969288631,16.038739354943825,4.382807277904123,19.722414843757157,6,167.8385306072911,0
42.89382636652531,2,19.095781749954256,69.0339871773065,203.29305629710686,97.79180974557998,5.191104179404461,61.06523498106552,89.4199595501617,11.259959452530635,4.259272854744452,23.860010846334525,6,176.94419382606424,0
40.22967757274067,2,22.590881862591367,79.31070929361547,285.10917770554374,98.01582366039528,18.255245311407005,114.46057941691912,55.23150824521061,17.292023059215435,4.0921193027150435,15.243480867052448,6,250.4478880698335,1
55.93727309859839,2,24.9,81.9685518923438,208.46554611377007,116.59463901173999,12.038899270644375,82.23657575564486,64.22216784470038,27.999223952360687,3.883156332404458,35.62375183237828,6,236.73186774488465,0
43.128794958935785,1,23.061626293050548,84.24075369803704,202.48026075476855,99.9929334234703,7.63544023961028,60.44590620005717,46.0925764481517,25.57440514269291,4.824052297000069,24.254665242676584,6,201.15379064029173,0
77.19724761728625,2,23.788226411137316,75.04253069690061,193.72285688506037,143.178225971572,8.75248632954234,101.65147312009225,69.24695745018506,31.21921047215269,4.290386903415665,30.839909849967537,6,221.23213556481485,1
20.0,1,24.62767529024756,90.03661826104931,125.85334335619739,96.19303345759371,4.648425150283046,188.14273853452082,42.5339702404605,36.56720255350131,4.668365041690132,102.7974327572661,6,244.30807934017128,0
71.37320787754983,2,19.449967562536767,71.82882305587091,158.26009617952454,103.04337691565972,10.70198208371416,99.78773813527981,31.54965150191706,8.984072453220891,4.10894672744192,5.0,6,222.75013354792878,1
61.51159796841512,2,20.16637014516687,79.8420767041612,350.8118874661777,108.17449223192051,3.603292585964762,67.85374729859089,87.14857930649289,9.118414101483202,3.7294703397474414,21.441347527224572,6,169.48416651467605,0
41.73099073256129,1,23.516158187549465,91.41398698845744,203.04804654128682,122.33032865625194,28.47300028307591,87.98219892385958,41.517575704799455,27.913514583059303,3.5424731288168374,12.099305245730196,6,299.3460664041096,1
54.77707422447628,1,24.20945530832388,88.50340631585583,288.5058031784742,127.02198537147508,6.321052376698221,78.09968698523384,55.93001019090815,17.04294742126026,4.374796838754173,33.10088467303548,6,214.52118905838185,0
75.6198701362749,2,23.57999235994027,80.88139756300065,233.3156658381009,143.2355074161955,7.7765092269686,195.33243264041676,39.85493940790731,25.254673958141435,4.270050814185347,34.21165396838754,6,272.08140336204366,1
45.0501549096823,1,22.746783247758398,90.97016610760423,244.39209541273092,127.74614052143161,7.250196493937134,117.60748062086782,52.28239556879285,19.645857967198005,4.126245850172633,30.377712713174976,6,261.5260460526723,0
52.33799106251932,1,21.42708227931452,76.60662349831964,181.66741199539334,119.57019755663225,3.451455043211553,96.63468817589829,63.198203405755216,17.47303780471835,3.976006054850379,20.378315017112282,6,199.8201113363443,0
22.487787024415095,2,24.632325975861075,79.53933472037345,354.77532864083423,112.2997974280383,14.016097605834908,64.24899697790516,39.48711387698105,27.04344820811475,4.09277995513955,37.874762315458284,6,223.13839840590666,0
35.31374804550024,1,20.98447014360072,74.1886633791965,272.1653628937228,109.69317471223238,10.077464529043224,76.62327279071066,68.99201292908025,15.130498240364338,4.516729899026058,40.91349431143615,6,190.36830816292428,0
31.35932553591296,2,22.46464626498909,78.45809924682277,344.6812642551749,65.12744616616953,1.5522141055276635,66.50528973138192,69.01377490893032,6.01989027996766,3.693983104302154,11.4872752116039,6,168.2483788855431,0
51.17494638880036,2,21.6135096002834,78.47008590729129,219.31537055629013,123.3578376539247,10.072776317929007,132.41337447366837,48.895655219611626,22.327775644879633,4.640943909519407,16.248672785745562,6,242.73277365695247,1
56.60341441859154,2,21.071227384812342,69.72389555273834,270.94077651828457,108.0153025173134,3.296410881546042,47.11611387577573,74.9206995008222,19.483219004137155,4.285698404251343,25.353357099010232,6,151.32424220396314,0
41.28391769466384,2,21.846447186439946,73.57616596678398,309.65678246302696,106.51335026633022,25.23428628029661,69.6756963328543,48.22373844207672,19.3966252878918,3.9523247326012885,39.32982227882887,6,259.1278029354325,0
74.60492355497905,1,23.438780316367236,87.68212054347396,263.0015221052613,113.44259753478572,9.031279000282838,191.57726258882929,61.40301741702842,29.816862656867734,3.942622348696197,120.15430421106228,6,261.47939685275014,1
37.951279405376,1,23.613179451672785,86.25054037641489,194.66159408152268,125.95135091369764,26.64833921438191,190.68929673895914,47.330112168666275,58.1220082037458,4.6970253270168145,58.38440627749622,6,321.37639601523097,1
44.54070816813064,1,23.16876819035097,93.1301831508848,184.62765021702384,120.84719350573614,19.389546051098876,148.3079025105505,56.43949310077847,14.04008660280421,4.03216178225562,26.774017006039557,6,311.75699207012383,1
72.86230909611692,1,20.76776413159641,78.23963485077937,200.15275760219794,95.29612632503779,3.4622229562501894,76.71525923022718,74.90957753030342,11.632201451971264,4.038389840237925,20.223517905657552,6,192.454680964517,0
49.39304192139672,1,19.054962753540046,75.64531458839926,260.6283942480822,96.89012072123491,9.685941531521582,206.3711565425725,55.5829923845208,25.543557545521157,3.5431369357384934,27.156603294374975,6,241.4292693196824,0
80.0,2,23.97137241741035,71.16353400803125,237.58306677397977,124.95368803641705,6.7485211205830655,78.50702247632424,55.18973064646041,11.549260487839057,3.893230090544126,10.207760263355636,6,179.80735887344423,0
48.376503913547324,2,22.585399656954202,73.95249262404566,222.7520131797799,109.6734243668973,1.5790982779746336,136.54738002007053,47.57339319445131,25.708155372604,4.373106616814245,25.705042890270015,6,185.2256803440656,0
61.234261299481545,1,22.85306408645595,84.98803612103892,300.93526939273494,107.96378775762932,7.413435367088013,163.10651498595007,32.680034501396946,7.943267647355445,4.20606955082314,5.445531299759487,6,235.59669782209795,0
46.907543561409526,2,21.191951594142758,72.91072009154426,207.063389402939,105.09890360527424,7.063841289867583,66.5103736910892,64.99497808470001,25.973705317837478,3.991504621967158,23.95103130986159,6,193.42482408359447,0
41.51641215391059,1,23.25796589572995,79.95756048932006,225.98397978678926,98.21922692525011,4.235575365874914,141.72757623375816,43.04005836883471,41.266919485769236,4.158554827946922,49.78391606834675,6,226.3365342117954,0
66.82980098416881,2,23.47720375220426,70.38198543642822,189.52419808768576,118.77949701802088,16.385767253370283,68.08972077785772,69.39469029973627,5.729694130756825,4.330633670470861,8.47198226803168,6,211.21475982420932,0
40.10733572045248,2,18.5,63.641397256732205,200.1180557238242,106.1879807871174,6.002032171358929,106.12642768227245,46.19135964017866,22.065941512502263,3.786476051642369,26.678670151536462,6,187.46666318175397,0
30.89368190978053,2,23.166445087161378,82.43643184189264,307.1281241922544,107.79946260030361,4.224019248356959,128.53569230904986,60.706127078329665,12.219617298757973,4.5270910524922785,12.010162875492234,6,228.80697465530668,0
28.725370259539957,1,20.288984896246806,82.12298619767165,225.39910012205027,75.31362987059872,5.687108489216924,34.43387272384483,69.68735546067863,28.64565919312567,4.47992003152943,25.647286793307615,6,161.2549683574045,0
80.0,1,21.408919585456577,84.64595221702255,190.028134703658,112.66878405256806,8.986874992423443,192.27072127002734,45.33412968720876,29.944078096695844,4.2075413731500575,33.000564392058315,6,258.95986927403203,1
32.90514825037086,2,22.54330203459306,78.70401120015705,278.4340791018486,95.31013565135675,6.157187193949677,57.17285352822584,67.45718433492131,5.50668181254407,3.7806649632788702,10.515642609122432,6,160.7594912815544,0
35.83541168583389,1,24.518057095352994,81.75981599708624,176.69327258271903,100.64037092204926,2.853592690970768,79.46480719850481,45.19401388326663,10.055069399897864,3.8565586005352515,8.65095417019047,6,195.84335115058823,0
42.1770191721792,1,22.999470276479396,81.1325229662205,194.92737073784605,123.45138742612114,5.63028105195459,70.68864600854499,74.56227403904144,20.839266446889525,4.3476577477563705,30.64069145193094,6,203.39128148775518,0
60.34008020682835,2,23.290613802583447,77.29264840264256,344.058872613212,112.56055215445642,9.096718972649363,108.8065973168699,51.53660101540278,32.31972252267997,4.692226265850896,85.35905278987647,6,206.83679181357556,1
28.473278755268257,2,24.051447377195682,85.38546568064523,250.05721800293742,109.64542256528338,4.340813731047621,44.462323095514265,80.94925226638702,13.129254396186294,4.266057343063007,22.424623578800876,6,173.44040646228294,0
46.89954659600612,2,21.271646202017283,69.84373557790155,236.65984898975745,100.40242219968296,3.3884645740966612,155.64171649192602,61.32284967266841,17.927638903053893,4.462534697039487,24.970481648403076,6,198.40862759757655,0
41.97158910214746,2,24.677279489786617,83.04832822771206,322.5000633061671,124.24099346104248,24.649377053878254,78.36368692410468,80.14825637970291,17.528994366507263,4.029819985807469,48.40664231142001,6,257.9294173525291,0
28.936510876158536,2,20.172401804042,68.5914527921427,219.0932887403703,83.41467913907097,3.8346365089515846,86.9444120897665,66.00497232242928,12.74275297896195,3.8469584033674624,13.591937560843434,6,164.02736813599967,0
57.39091400572623,1,22.991500917637513,83.32044504347716,277.0717270289544,106.2774921169575,15.36449723180137,64.40914060771271,61.57666424499287,20.306382083964923,4.845350830372347,14.883036008913383,6,255.8528278321973,0
59.95213992778509,1,21.85755685415559,83.03082351059584,352.4093217582544,137.09506269380944,7.996040704134772,68.27093758362027,62.613234977749286,7.816912520080876,4.338516406755778,18.258311589565565,6,233.97563718245092,0
58.59368645371272,1,22.498412645351106,89.01380757466428,255.2674146821579,114.6466783336453,5.986065740512646,152.38220553258307,64.37847991049048,24.470239896371577,4.363618454202138,55.610322020735126,6,267.69776155947517,0
74.09533803453638,2,19.299224350647492,69.43134444202053,246.55591614823342,146.34399609399543,14.145772726696805,98.26575380335866,60.81883469666258,19.70421611820208,3.866359663623803,38.03285593833414,6,225.04140598729657,1
65.90718668651952,2,20.440457110873663,68.0800341009846,288.86268888624227,112.63954534081635,15.831345816935443,47.503864119437885,64.37605728012608,42.25493448826218,3.876893591624225,69.46670624051966,6,209.6952505652076,0
55.87535152571786,2,22.900973679627853,77.14180558933305,219.95127312463396,115.10611040090038,4.869330315175773,57.493605487212086,120.0,12.262827406006737,3.4760890528114325,11.865571716032967,6,180.40781337939475,0
32.154271642753834,2,23.802914003422952,76.02213044634651,213.90536255673427,99.22909491891214,9.264389074971808,24.45804722829497,82.94748791496498,9.576890220451634,4.290419974698624,5.0,6,197.07902854859628,0
52.08382095529165,2,20.61419900413833,73.33261691288519,285.4487004058382,153.6021944929642,5.0081640345465726,38.44405545157118,78.93935467195237,20.86889808428454,4.160288552289198,27.7954972291781,6,174.73402748164608,0
20.0,2,20.689704842731125,69.84099768922763,295.4019442700892,93.84797542805235,13.121746148596737,49.217949602710604,60.04643583413266,17.478766063875888,4.537057527923364,32.020553418764756,6,190.43993317792476,0
47.83632602034635,1,22.853163180581262,87.99575990376117,258.1829027356279,134.30959193196554,9.703783718125656,122.66977533873296,63.766319112377715,17.574309201373985,4.177120945165335,48.54448671439902,6,264.7966292369396,1
59.095356843696855,2,23.652640609825,81.7568428429396,140.34547742850776,85.47818917568911,2.056199690524006,95.5086098946785,102.55298450775481,12.327842300381732,4.165559223089874,5.2449892057581895,6,205.42438561994683,0
30.35563717857161,1,24.83165776880516,91.07062618935595,238.1212745202765,89.14998081917545,5.38724011082594,47.516217143967,55.61974793934381,10.47882591408865,4.9288972639543935,6.775090598148744,6,196.71111452618334,0
20.0,2,22.990459912162375,78.69560164610685,199.56823801394967,101.98882281787066,4.041272504331686,52.00634176961235,61.36166356308702,12.152563759063003,4.070583125882603,17.383748825889537,6,200.20923591653536,0
65.09347862252669,1,22.27822063812547,83.49187918849114,185.19482873287586,95.22527866086782,6.172918655652019,53.94335676430684,74.57498269533389,14.869961643433667,4.410887836744903,18.135211888116935,6,185.6647516720378,0
20.0,1,23.834138340170146,81.83224809208764,284.7925359289046,93.19245121590389,15.747178525661338,79.31183561252743,52.669205963348595,32.28543649236286,3.965776362932864,19.632518824241384,6,237.24483052498258,0
31.58723654102653,1,21.858042265772827,83.17991118320195,218.2881686142154,82.52144916669566,7.361041099148442,26.55727926122865,47.00886967279549,14.531056977417544,4.4712697239402965,13.514011542667255,6,215.57632820083185,0
47.385607777197606,2,23.003259275662742,77.61888062422943,165.48404759364462,117.02351577196377,3.386989901054438,50.811435330470246,65.32872369577942,14.190687894501485,3.7505055797512092,22.181155433772524,6,172.02180299307284,0
61.473841243110854,1,24.00895019579972,86.43115746125491,287.368680164951,103.59544459186928,3.315086826420843,120.77366163251726,43.239986835285315,12.764242129043033,3.972013033719562,26.552977798547932,6,222.51372920898237,0
61.199322007947515,2,23.67247084644965,77.44645205782103,336.82272044569754,123.85172505974845,25.06934398312112,115.83717138012263,44.43383844355529,13.802766577892761,4.702674282377921,15.85332461388048,6,286.58374535328227,1
60.28147777990668,2,23.381647169145523,76.1693764940685,177.45432067796455,129.8934369234626,4.266434913942885,84.94467097879303,77.08464066061944,15.62161343867625,4.137905245381689,23.044893245106515,6,199.68612257607825,0
28.60131177218372,1,20.452934875629243,81.3412594802869,248.35029283966554,91.42861064483702,3.6500541368576225,44.57851010057382,71.01003212615569,8.663930312946288,4.192943435828555,12.156632637322888,6,177.69844854473644,0
50.872188113858535,2,21.6566793535608,72.46095106781306,247.19813335142865,110.89834041795636,16.816544590074926,107.52420828467253,53.12836009754631,15.378746269117066,3.843559863396829,13.64204167759507,6,244.51743553914926,1
49.77963382281653,1,21.4057073072201,83.02789726804161,253.7473281018207,129.36700163240076,3.838125906228474,38.77961448541836,64.04285342860065,25.1312873148939,4.184412616575084,24.126877668401132,6,153.196811474793,0
41.46234069569115,1,24.42096631660447,76.95471718833045,196.30922517770605,118.35163292572867,12.474335985196381,284.7449059032754,46.05463927214791,32.93104095996634,4.69999888979923,45.40695747067047,6,315.20508250243444,1
57.06308133050027,1,22.749237533786747,84.82747112811724,214.12616550662804,84.9713086276238,5.130528677357797,99.64401058780919,60.790820099138166,34.47908953380102,4.268962621822944,108.02749278042339,6,207.28162970752663,0
46.316467592799455,1,22.39075540921448,83.84948181385009,201.11565144813684,127.53974631294349,10.299582019469163,144.4780250306433,39.05573735171443,22.073068354599457,4.109766439705665,7.013716285009974,6,253.00908321989328,1
48.05699822381752,1,22.077962774500563,89.61533184627108,243.73436279968303,92.04862530200379,6.801657156426127,92.52304667031046,36.612790060815215,15.751837676165682,3.855059751352844,20.28811335908106,6,212.69613545337202,0
60.79677753554728,2,23.984287914793757,71.98402604964065,285.09520919158973,135.04118940033948,8.444636804036453,106.39901480367959,42.53927069299107,7.86732413196076,3.555341346152011,9.65519095567599,6,215.8495367263336,1
36.375539208872915,1,22.719051574916044,86.222505130796,189.21894687275577,128.40006396120828,9.882977526169254,81.4926364879132,54.69896041729284,38.07445329674881,4.205863733869768,24.904768380898513,6,240.81807037880063,1
43.75059629954359,2,19.0172872138917,71.3057767901531,279.0154325664765,91.16049706094145,1.9013755429117618,70.19867947563729,56.918510940177164,10.232131816768746,3.6604479652134856,5.859617014712519,6,160.47139564400473,0
25.15421656751454,1,19.065187128302302,77.13069519019454,329.79732191459226,93.38636922230566,4.178725120486676,30.10938179542667,77.91395377888523,5.586846051730999,4.231068641001793,5.529221552839452,6,143.7150899825629,0
58.60200959874925,2,21.099488802394905,76.03304899679755,226.85296724057457,113.22093399462874,9.261532103532762,126.33804744936343,52.602395005902956,35.13415290616291,4.270329149691334,30.352974758416515,6,229.19033243008147,1
48.30696760619995,1,24.167269565083963,91.25139697491241,320.7277584270895,66.91034010582811,2.5839495631440172,96.18686282096607,64.89493445535193,16.54413433715688,3.89147816085007,37.42421277951539,6,214.64079712172565,0
48.708642365636834,2,22.500601463419088,83.38229371407515,159.89032153897222,80.05449703030018,1.7853326578511832,45.841330227460965,78.51892626512436,12.76802955697434,3.7172692060499215,29.996637256640987,6,191.6599022423622,0
43.41140889616059,1,21.748320426986858,75.34708801418469,176.29614199894417,114.45146899117255,14.853274859904896,118.24845476040812,42.75362019073771,7.340246847609225,4.021903745611248,5.0,6,242.84796562526836,1
49.41465846499688,2,19.906751388368953,71.04885540225662,295.3613710269165,90.09112218443772,4.774372430429107,72.20087036764643,49.26676670990655,11.144339930867202,4.1940737441171745,5.9878547330597796,6,189.7702582460666,0
44.341212688112535,2,24.35739397022182,76.80936276354204,237.9271083321512,82.9236203182531,2.166934714654372,52.448170379827815,120.0,16.30160084837915,4.106129330909929,26.837640794402848,6,183.005737496706,0
50.427543360051295,1,23.292699962132872,84.70753103438102,80.0,104.50359941577535,17.49805611465843,54.91080920244166,61.87144832053688,60.41870217675995,4.459458423563825,46.65253571563111,6,226.2308300548639,0
46.52880772275378,2,23.901865633937373,85.70980074526078,174.40583347373996,102.1493615933717,3.7047752317028224,49.31373506833057,105.34785154868433,13.837241291847016,3.9794740171605567,10.469696607474967,6,177.67567877671038,0
49.269915027794575,1,23.511969392253537,91.04258160475469,293.04624711882286,124.76632555550506,8.307073516864678,90.08605500086821,60.571126727952915,12.049517072109714,4.100691897495117,10.1159083719682,6,234.83172404454393,1
80.0,2,22.171639893896177,82.58967324883808,270.080535004675,132.8706722528925,9.480897124690799,484.76747669637246,48.95156738933095,24.96893668101154,4.099260936615956,69.59326223291586,6,396.3228110482965,1
20.0,1,22.485310590451288,78.40487799048937,269.9986237725609,100.49234927200987,7.565548923677733,90.72480871424034,49.69447318588779,13.222923128786942,4.922220099249834,14.021555880486645,6,210.38444835780865,0
80.0,1,19.964743570536136,70.37555166780578,180.4803484777727,115.4872342569067,2.2362335205796278,91.638918018457,58.09982884591541,27.774163869801978,4.0222282279925246,25.177427493333187,6,166.95675741039997,0
65.13387798218085,2,24.25256304168285,83.66395089255919,222.21648981883683,125.30805820236962,3.374312014433018,257.39237870600283,74.24451337727666,15.276556777640177,4.153807214214034,21.91101691274702,6,276.32394377908435,0
44.310590476589596,2,24.17083343076847,83.70576975053389,289.4456393354802,139.66613301815033,2.8431141233739887,43.20808181188975,82.44326698944549,13.997776659099854,4.607343231731168,16.350945999421338,6,188.3135724805272,0
58.822836155544515,2,24.08743249863629,75.6109741812093,328.4998656960237,101.60097924263113,6.203634740807383,102.35752215264475,68.20331037269159,13.815928149053073,3.9213131880349783,29.16577797805166,6,212.64294525933173,0
34.19477317780737,2,22.283557507989713,82.84501361786873,253.17422145401838,121.26299898829846,6.3726369684462805,87.11300914010585,70.46623650880125,8.320219302309914,4.310925165508564,11.887772612439186,6,214.90612271586383,0
46.52864327947848,1,24.019474566178328,92.56629561833567,216.86774474299807,91.35070578814732,6.327035175352037,269.7332972765764,45.13306234363537,38.636261248815764,4.215292473867978,103.52727720815032,6,321.25060544116235,0
20.3512964199457,1,24.33349507118367,86.32396834030865,188.32249442412558,91.63340054163321,14.025376701328751,149.3291506606397,31.45931348136892,18.647308281258372,4.137196164355243,15.611184676051595,6,273.04547954578146,1
41.35014524799892,2,23.079752712193056,75.61791548184618,261.7749467815124,107.90634349730364,4.177791309917727,80.50974075191282,53.815815850674525,17.935058368396607,4.08852526550655,14.489020326729111,6,201.94308709088625,0
47.8830894746644,1,22.139739972748124,86.32653634990939,287.3702536336155,94.72318139493684,2.565976683078912,55.540306085219314,85.2341907643388,26.71218883635361,3.767478674142054,27.565531456554776,6,174.5519766813178,0
52.03643148676823,1,20.62596973556993,77.88930163001669,247.63859759229317,94.33074859293514,4.782522335220959,59.615026500823966,62.7372193929278,20.916592099117533,3.8883907583414055,17.40822814984944,6,173.53754960694764,0
57.15488756917173,2,18.857508702155656,61.052218795462515,176.46898497207843,123.0403747150393,4.698385047440817,50.071976299700715,114.22455156004284,9.575472943380175,4.5436191273547415,17.574147740725778,6,154.47600549045652,0
80.0,2,19.622069422549885,75.47122154547621,220.66916066250562,82.71908251626616,2.9192069163460816,142.63091280192498,63.535584015750004,10.06196141423015,3.458376745724842,12.431807179951138,6,195.52090576717325,0
57.72990816302022,1,21.54466401695319,88.74215714332108,177.57006071318665,100.88785159445466,2.1969065630601152,71.21793457065206,46.55497145507631,24.2788799545866,4.113373071649749,72.57822064788579,6,189.91358421587134,0
44.941427489784715,2,20.304711998618597,65.57891810046296,123.57172470510662,68.67831507102318,3.536271739126795,47.25737311693153,57.41110148460275,16.057459009311962,4.061020207591098,7.001358731375826,6,135.23494228596385,0
30.900654063082598,2,19.67125931890692,70.11435184281268,258.3607031018218,77.35234798389025,4.04301106554601,20.0,87.15197059650943,5.996863693451005,4.137168508322798,10.299813553273692,6,156.73474042637406,0
20.0,1,22.87421854548885,90.31081058575843,201.4538828314739,109.29733092987546,7.489023580660787,48.01512630977566,58.571452876760695,14.672521958858226,4.342431270970472,15.901703362782067,6,225.35957778116625,0
38.85959178249365,1,20.252656121992,77.36030706767673,200.695039405723,126.89313703446885,3.9162516861315875,147.78898301311298,48.8317249658341,16.505022817488342,4.685892998829226,9.74098010460255,6,216.03493426980026,0
28.654052197492188,2,23.988540620568024,70.90771024007309,281.1438838093186,86.38961559221953,4.065693947949422,105.5907378245008,62.344479104288546,13.869518754681591,4.63794201730984,15.772504905575074,6,200.25311912981795,0
25.134076799720404,2,22.92845674687301,69.35835394361554,155.77976864042364,95.20684792731988,15.590986300263436,77.54991909814949,71.90630799321474,12.379784411807332,4.533220318866914,12.620625464854768,6,208.96198365270564,0
46.36143480509597,2,21.749432252020174,70.4499744294346,203.4414760628309,108.00651411401391,2.9703279342636644,88.07297515282164,70.16423795494974,22.390080621018026,3.8599480684154,17.417544784065893,6,194.208227788926,0
40.64091265324141,1,21.85051273034723,80.18509895831193,250.92219432002125,101.4836237894497,3.2066056156828444,32.85272852452396,60.92869460623407,12.154171133649147,4.267735702413066,9.03921521733487,6,149.47313379342665,0
80.0,1,21.555792212133873,82.30025980987814,168.11445926831624,154.12608349593563,5.964174454465383,130.27146973114225,51.915403565927996,23.458234314283107,4.27494712456511,31.734947102318092,6,230.1976615026539,0
44.064155656602615,2,23.359212291913035,80.43903637354936,302.88502478620416,80.66986110125544,2.8421499718930057,45.565736699971225,78.5469120581428,13.595176716491622,3.9760096398722986,15.824819555571798,6,155.24128951359586,0
42.147803006155655,2,21.791481548232554,63.19852325468243,182.99863999294104,99.06772875541444,2.5502959991475582,210.51029467179325,57.983567618140235,16.93809411167954,3.5250161139496816,54.15750705727947,6,211.48841178445284,0
20.0,2,23.98565812438895,80.41797631404874,326.784815397667,83.56069776851744,6.236099856295213,50.2331584189164,82.4253602357641,7.381009274128434,4.462178663089398,5.0,6,180.06086087885765,0
46.05508376699292,1,23.25361898824928,83.02527926424848,164.76255239022015,104.69215696564785,3.3482369071146727,122.99467226131748,58.46429516340172,13.150260254265481,4.410667904009072,19.795819170821254,6,218.21447169928078,0
22.227584544763598,1,24.70981676142617,85.02374045032765,298.9046889468926,128.08027626456422,15.18752793127673,424.85781348105775,40.911560970316124,120.0,4.771011414964796,155.95436712666947,6,400.0,1
80.0,2,23.1329615719944,79.17700139579695,219.61755953405756,110.11361002037489,4.877203913920126,37.52956212262046,92.6172410814728,16.43203863254486,4.204760151657271,36.60906595504053,6,196.44028476343198,0
20.0,2,20.27920522270286,72.67071119315973,236.3810023709388,88.24286165092182,1.8009369342593193,39.51366292850682,83.32774918819226,14.155322388380103,4.281648700896461,29.497919431655,6,148.80973743683418,0
20.0,1,22.436621665207163,78.06787579169327,218.95087523285878,88.70726267785054,3.8871177652058457,58.39479751923032,57.30631837132355,19.369982371820395,4.750865987226191,24.23106249269167,6,167.5421697908679,0
41.881899632356514,2,21.51015235106103,71.81771586678605,212.67230780801657,144.43738495011857,21.564068994363247,127.33399773398843,61.32454230744671,15.004242998935485,4.484884450011585,21.845362997636684,6,251.71669828330934,1
27.500394384165016,2,21.6000069793702,76.37332048368081,125.34231015362124,116.7766498219598,19.346161934380817,75.64621292674337,58.5356006184553,23.123044404091576,4.293967128264967,20.756511014857914,6,231.7080874239008,0
62.79037991942999,2,23.4227515488488,76.64056407063481,187.5330570666744,87.1683657113945,2.2794987224831247,69.60041652509587,112.05884032689255,22.73924299884181,4.349544715378985,33.28244209516863,6,162.22486774651472,0
35.01621506813541,1,24.093246562109968,88.97776849179238,292.84972372932685,115.17463135728369,8.28191633196644,134.8175622161213,42.086109019944224,25.64064227516446,4.310136964400108,31.97344506117112,6,244.49190759095583,0
39.87372442935311,1,23.070086119748847,88.39637404190259,191.27284489260506,100.58554063081945,17.593541567213553,133.5794888695418,54.0460904478369,43.97283624106377,4.81774207041083,49.09768545929942,6,292.5039716585031,1
61.46131504707043,2,21.486882765832586,74.84598974756986,167.19905628539632,94.53662947647496,6.8130211218306584,49.99224792391366,68.63394820634919,11.364431180567193,4.0433616245215545,5.0,6,180.84812180838122,0
20.0,2,22.39412877270694,79.17195231253848,223.76499571362322,95.89558458955148,8.041251731094013,166.41094002039287,48.61660701056423,31.176791145631896,4.6697500998957056,28.017108478543577,6,245.4059787623745,0
25.14370864716136,2,22.283021935129522,75.05574297315867,229.31180567000533,94.34207439166896,2.793646596448282,63.74114571327468,54.63472643922726,9.14106249101718,4.230182430193648,12.59451533736333,6,163.2868919680697,0
52.75550020968093,2,21.65628604727166,77.15432506116264,346.627797431146,127.0244164727193,18.50083441327424,165.74623995168886,61.61546773720792,27.076018562049626,3.985038628689322,32.1989174838328,6,289.7311428707622,1
40.71984184505572,1,19.683483907607393,80.19357972966696,278.3164568295926,123.03881023783114,9.308679341941023,82.74432587115211,45.27201417292229,14.053521906530591,4.279809233059303,9.96530099903381,6,210.17538082489295,1
34.0399679213203,2,23.103009158365406,78.65895419841821,187.09440474681995,111.07396044220684,3.2639459689865,57.44063677914535,50.851910948288605,26.11138038394047,3.9865393095575787,10.744555285722624,6,205.0725410340757,0
50.673471778643204,2,20.71065526112051,74.7108160615254,228.73537929401257,142.9177021163787,10.000597317716757,66.91898575592879,84.76744002209752,13.997450271675104,4.276747891513085,25.06694082296884,6,204.18987921405397,0
44.79762546118612,2,18.595457891450877,71.63862372122847,188.68249309140856,94.71691558387812,10.780280923398971,73.19931953089453,56.0956449318899,28.511023178663855,3.8722613672486133,29.88234543640864,6,175.34046622347603,0
43.65076530838246,2,21.026536956583797,68.76013053647578,240.0861410227601,82.95106715553534,7.908174570331167,112.34904769749798,61.532189615948745,22.493644637375745,3.776188742730413,43.13313226176341,6,208.4948285797263,0
27.87012925880112,1,20.76121330461586,90.22633563849398,277.2874774659022,116.55898360916984,3.959322301908306,57.66516157832787,63.92321424832736,15.287343042007224,3.8015909916348916,15.367738014304877,6,202.50157961037215,0
70.13907633363388,2,19.657596024524548,69.09609103645525,200.1891256148078,113.28007450921828,6.89182531655521,176.91159998545348,60.438218729637285,8.84111985939182,3.8792729594838127,8.617205219037855,6,228.95316861623851,0
53.08881168460039,2,24.9,80.86244832458182,299.6223008326103,94.56672008740117,10.388768155581419,87.92056963553519,59.4418208181493,24.335513230332417,4.135117996371194,12.516184101948062,6,201.9299276498004,0
75.83147758671028,1,22.058600501920047,81.6178129267014,194.6822208099337,99.77251616227751,5.558933307921232,103.42946768557492,54.97004130490154,8.370229178214263,4.345509524805646,19.416190887742303,6,221.69345434484683,0
28.71510189163576,2,20.631861817056443,66.83276959039284,225.12681001067955,96.88759910505864,9.454585883743212,62.400239955030784,54.87743666586995,9.631458178982221,4.1369330504352515,13.416164889831583,6,181.4253669031442,0
68.80727465198254,2,21.006767458485683,76.0339588861067,217.57118436394012,170.84849641822322,8.026064965801062,116.59024347001484,50.548893648877296,11.101428318704142,3.895435158956807,9.13757054267349,6,225.24999041332012,1
29.592766845139806,1,24.296021579711535,84.76642534306053,257.30105903740065,152.64017481324728,5.840910883409774,97.71379311044936,49.484465680888896,34.5140403259037,4.256375784970665,14.870891653341499,6,224.96397846102616,0
57.45520838237594,2,24.9,79.16053941207883,248.74200402858852,107.3656029232729,11.689312810295572,197.75527183086427,41.09452443674085,26.944086031785073,4.602667827719406,27.713217404804443,6,254.85781986607307,1
44.29362963333266,1,21.609544477828585,83.42403990656926,272.52567510279596,82.58572922437804,4.0908463143162,259.9696363196154,26.882700851892952,20.023516242180197,3.9920569863127553,24.424953456827602,6,275.8015124171389,0
47.00551133747742,1,20.288884768682838,84.11299096470555,192.19583607150633,102.15483726637612,4.364192115661974,134.48869679643695,41.9620059518606,32.40227335295359,4.624732282534323,23.33517360211002,6,214.80955860500956,0
47.28790770263375,2,19.436270401300284,62.27707151849247,274.7661157948322,80.48971724855649,1.5,65.59841410524416,85.15416976466668,13.059740874854935,4.083885003987504,13.306394327381705,6,164.08518669386416,0
20.0,2,22.143163096477164,76.76433593806865,206.45772604281217,105.0833449648383,4.714015740230524,62.33947192155259,53.965804876877876,14.810408881153664,3.95982686463139,17.774153112079947,6,179.03305051499524,0
57.340363507923364,1,22.653862455373766,89.86528108091811,187.90646432830468,105.56193522815586,1.9440645646962909,49.876341833403885,49.51593670130334,13.054749164159716,4.125349312625782,14.902367051198041,6,182.73934885499887,0
34.12487440433053,2,22.99372159226516,75.4063578101124,255.27741029070214,102.3567794974716,17.576384745394478,112.61652424196421,79.37780702778801,10.242550996357679,4.1056815165598515,13.875456991611765,6,234.15702768633435,1
52.44318468488931,2,22.510574159889163,80.18708278188437,226.3733969293387,131.43861385955725,8.157911173950904,116.47431253559866,63.86312908240158,28.368228270965346,4.209626464640732,38.721029280862155,6,226.51879448058563,1
42.40135070216315,1,23.896796409094755,91.79693110482987,255.19950796635828,143.97155445164682,6.950207188619682,130.59080569653355,48.68056956182091,19.910459214714464,4.304983113375085,40.62493870149304,6,252.39857886432176,0
57.82363950356455,1,23.48377665968957,93.90325152610893,290.94293676429777,114.7982238240549,7.513279727715418,207.35600544473408,33.56548142749406,12.538593687922566,4.226491790603148,16.39271836751923,6,277.745813333784,0
62.358274574420214,2,20.88409962482129,71.8577954061063,210.25737312107435,81.67522916099678,6.228204668825316,107.10691639868138,68.33440322459533,61.817664680712696,4.054513330648114,43.954501872656024,6,178.4545696498863,0
49.91394133682132,2,22.354835548238174,76.92533726410609,231.4460283337284,106.1666203123382,2.6647726560592586,49.19635608334356,91.41776134558363,13.837932235756654,3.9740631639434754,18.767125110445132,6,163.53674863941342,0
70.21146239196602,2,24.111485059712447,77.4227854546871,259.1638180217835,147.07806945287544,8.111798910253171,38.5456244878727,69.29128779478188,7.864773492476861,4.187379273510107,7.899356532196345,6,179.01024600349638,0
49.55393690721728,1,22.154616961191405,86.17392106929258,318.0216891262146,177.86274089685364,6.51706361439944,117.86634624130765,64.86374675525583,24.90683706946299,4.274633155109193,51.06779176877253,6,247.2661220101677,1
51.05657160296949,2,22.856437349348628,72.00733778120818,285.1150531786797,108.27682967719132,4.304229320682136,66.28194196239009,75.7014835120535,8.528591717787174,3.8233069130042687,10.374652643672707,6,174.19537904701286,0
58.19103048456161,1,22.38275845376194,84.87728914408162,121.65306596354272,127.25494863622983,25.731657403090576,136.1873896426214,43.68030056838893,14.994194394006216,3.733227317621344,40.857526773728345,6,281.7686145787091,1
20.0,2,20.84299458830079,71.43184422949153,140.27946733691385,100.95772242564,6.19330330984427,42.96700085261868,88.60945720205694,38.391798445661294,4.503274903112565,37.84532558716453,6,187.29473078180789,0
32.759053167615235,1,24.76842746017769,92.23386018475892,226.79262250567123,124.2795958736122,8.894437679467224,56.11265512054821,61.45255280141289,20.180791448342024,4.339849548990943,32.65260807182261,6,224.09823123396006,0
27.75531944306748,1,24.6494570224977,80.43940314247233,265.84562099823773,114.8013062624941,29.00537993948293,111.48705918335457,38.72155626289962,23.800624572878036,4.416335410395269,16.367819452782634,6,308.60173406102706,1
56.76403461114574,1,20.768123222726693,82.6096228427915,151.9230875533151,102.75324181383752,3.3430197105369377,126.85380905951452,46.310102582760976,25.95776627933034,3.628295057637679,33.055168283835606,6,198.6621320618757,0
46.4906504666871,1,24.6365562943205,88.96530654527285,253.6248584394672,144.35391349723253,15.251566878061304,81.18841812643724,45.62080186475833,16.128975109939883,4.344410993013934,22.10607564427177,6,264.19659898291246,1
61.04207230379053,2,24.60734378219502,77.53591284980556,283.3101149789488,147.9158756066166,9.74055187931619,119.59905527633332,46.57798015439338,30.841855513069067,4.056270051140842,43.4556837816874,6,234.69881082895958,1
31.441341934196426,1,23.701633939937576,84.33354126199961,230.0407430095226,96.64798505185773,3.0074191217339643,108.51040388230179,52.73112481672808,22.826911693854374,4.303250079243022,20.334053695395472,6,226.235184200459,0
33.645047454552284,2,23.570448985493787,69.81974868412371,99.91213376903548,93.46351571433908,9.050197686431115,59.00726767383129,69.91081633321942,9.005882909095044,4.55412114764976,10.506775586764041,6,183.02122300886617,0
36.79542120567487,1,21.99648151778244,80.18869063941786,260.0131165885922,114.78888632678618,4.803165121171461,42.75903115651522,101.0161770452576,14.5377292941262,4.619818847569152,18.136088525909734,6,158.11459905275584,0
39.88105890228499,2,21.568510229210894,66.30922839164724,176.42153341953704,94.66362027383634,4.12485641114598,65.27495709149012,35.72000676386992,11.959393340962464,3.9130937199639577,5.0,6,168.6668686956222,0
64.56161989071262,1,24.064774115110474,82.31664592396956,237.3849517211801,110.62865484816164,11.773312973698479,126.73036653436294,60.674615172641786,25.014260441552548,4.177299651864401,11.714989231892515,6,240.82914501520574,1
71.92953754516243,1,24.769127392854386,96.78119890608174,215.28018430921705,127.92235118104836,10.177013711733494,118.99383155082727,65.89334737906356,26.129760718532633,4.181055332942411,22.770345459712406,6,258.62135395647505,1
52.423421256135114,1,22.971136916595622,92.88452079062883,204.78563501950111,118.90402052262199,5.198319640623649,81.40745802669778,52.67826853656309,33.368104720521025,4.47018038895947,28.63341930806168,6,196.58793030561284,0
36.531608523229195,2,20.724241493431343,70.41094962849105,258.63790916360557,98.79318587682106,3.2262412274436723,84.89743646664847,47.021325907088325,9.385702661055733,4.165782077369974,27.495783145577427,6,158.69629572407456,0
55.56071886937407,2,23.1850075474955,80.78310235244774,201.39740245967167,119.42628009441867,30.04238175839027,283.2052496882264,53.049445262759136,31.4251110387314,4.089733244878,35.19873267546373,6,366.1578543756635,1
43.63552610443077,2,21.595563431223162,78.33073387920146,278.1985590204007,113.22630063461446,2.077266575748968,60.37895899257798,61.43783002262616,15.958785649961575,3.8868554199883194,18.727929686609546,6,177.7730594735729,0
50.07892138045127,2,19.976905421657783,71.96188974074744,318.71133624896913,125.89153815261712,7.992024196987846,34.209313814911134,102.28547990898345,11.315884582538342,3.819726701326107,9.842694546994089,6,161.10016696482435,0
35.07546579826581,1,24.235198482568435,90.12159803717775,316.8063260858303,102.70223992607073,5.07656638589723,75.99222803132463,47.24065320041478,15.38278211077138,4.073901055952013,38.543464258839855,6,211.05161345923148,0
45.47589527467464,2,19.712625560640564,72.75114194583385,293.8732044036517,76.98437628255344,1.873829323055944,54.187101825779415,66.9903239530754,6.077944297681563,3.5292457273104247,5.411659017561294,6,143.9215940143088,0
40.25161709427794,2,20.181115646298586,76.61004571997537,110.3332509715752,97.17089263980839,8.144108194028897,112.4952160559822,70.50993906194383,13.464622196008476,4.444240563748087,27.09949929418032,6,235.19566133293,0
56.253212480635604,2,22.03055257132611,73.59604570246692,289.0445444729536,102.67957937708927,12.286983861723678,48.443047105475074,83.89774928393028,13.666755759362365,4.382935373625447,34.74268226258548,6,199.9162173072662,0
36.11292353697273,1,24.9,87.78995199982349,205.77459696661157,91.30880107974575,6.360847693514576,173.57973069142318,32.18052345388049,16.301795053939692,3.6090911607311784,14.094164992393925,6,261.2215696181174,0
36.58148125988074,1,19.032328366237387,77.72540505368194,262.27272759703936,109.06610354951162,27.53200597507093,144.14479641195257,41.63846066885435,23.692677664210787,4.21264585840621,46.27569340516755,6,295.37634275680546,1
51.92481568204598,2,21.540596670850725,65.51115500351922,283.713042955849,124.3239572253164,13.051127928952601,60.235441753159634,67.20979163989949,9.195494263080125,4.226298332251146,5.0,6,199.46912691438104,0
53.89189740931333,2,24.9,85.63089946482987,296.38899315709205,126.63719171705488,3.8601632457634043,93.47508140678545,48.689678790575236,14.479132746515496,4.422313670313542,37.12269784004316,6,204.43619623959097,0
23.29739080518731,1,23.8793147358401,85.08150043004254,214.4781438341098,122.93945087837312,11.92053320773368,98.2749225570501,59.854384541771736,27.802215113118933,4.231162668121823,25.53586320639025,6,260.7638037546124,1
25.805007508868712,1,23.42435575571342,86.75034768364824,281.41329882003555,63.02794389858356,7.522101168197194,52.74073909126135,64.1434915713046,12.040721013785566,3.661123054227017,9.04573216818504,6,191.3718129058572,0
80.0,1,22.837023920838252,84.98152566239676,196.81560794108756,106.68694952268146,2.719583332603847,86.05623893450372,59.425595103357104,32.527547299030374,3.771135592207846,61.00444163206309,6,190.83427526493313,0
58.97712971577103,2,23.61998163817007,79.15150442718095,252.61907930210165,130.7418748409749,5.3299866047603155,94.27239134350093,42.85159269382495,28.48380763512504,4.651712502394273,9.50530631768792,6,219.0000276175222,0
20.0,1,21.75817821504056,85.5471100243673,229.65808555027914,93.81713222974929,4.978455446252698,55.20019549547282,57.26910280591545,24.418394685352652,4.277063419344739,12.323597432678236,6,189.5921949788276,0
58.66317931024451,2,21.60488037801238,74.59097440302035,241.59505602277696,120.45564649576106,3.0725135309039864,133.36053434436417,47.57749206220554,15.152059835985328,4.179235122002677,20.43410418438235,6,207.75364099155993,0
20.0,2,22.97665470579988,68.56674142932668,159.68657859520303,75.55064163561237,1.5,52.283529999745376,51.810521991094106,14.74745318931851,3.577504362741541,13.539300233476606,6,149.56230946002296,0
80.0,1,23.42582670303639,90.09322483686343,89.7965900235593,139.38987643566912,17.766872040487232,213.85489741759906,45.42428728787448,40.55406008514379,4.1303402305368735,19.91005532362468,6,318.08751992084865,1
49.287678687717104,1,22.11288204528875,90.15806159741383,137.74328712421556,88.86746533072173,9.529722283472157,155.03070467439565,72.7320242277443,8.91773793510684,4.2509024366596515,24.222383389831684,6,262.3705725226103,0
55.26146220012146,1,20.233618471284398,87.82556384244103,270.028545763658,96.40913614251045,5.444321070197119,69.46869458923534,58.01872091795472,27.942839198061787,4.000812117537017,22.716478285514295,6,187.24885114911967,0
75.57553633815621,1,24.9,85.0305427664619,162.53635250590042,135.22546855218195,9.941772703549477,66.69510687830996,53.76433451913724,26.4196686499067,4.320564660764206,21.680429748788953,6,225.47732827662153,0
47.14087635280234,2,22.51588105869942,67.85128588156643,178.69135943096205,97.48200542960534,3.63155415754698,44.719072026676436,54.845028581665225,30.522691106707587,4.125003031674553,23.236531406690073,6,145.83951620700674,0
57.13927876674953,1,24.055692095499687,81.71662736896108,235.30401555542392,121.93019755178058,8.703688086270773,151.34044917311036,51.45432321542628,45.33467735140051,4.771566413022098,50.25439085003982,6,265.57635321009667,1
20.0,1,22.884701955675173,87.83302113088271,183.24612919978483,81.52167487377513,8.772095086296874,88.06321056750443,59.91561763004326,13.932325166470449,4.047879831725951,17.972647106498723,6,244.15938566457123,0
72.84916634086217,1,22.97416110895145,81.38290025390805,320.67461276120946,108.48634730310872,8.433484651623033,82.28513454810184,52.236670980604046,12.088330831065747,4.737315342167159,8.71259513261138,6,234.24423353938334,0
65.64262621220993,2,19.721598761526494,65.83630743197007,220.79377660238052,110.85826160488793,3.6896742008754435,46.063678006561354,66.63137601826455,9.35974847337448,4.0938078902859765,11.221835611816564,6,184.41646898845477,0
55.04962698160952,1,19.208759998380717,75.34515697027113,193.5520733880569,113.57724863984825,5.12567411375122,96.32355957985884,72.50877125120597,79.30669172821673,4.054322553672418,152.48013144205274,6,188.64372112424726,0
26.447321554542885,1,22.8846998032034,85.6460071902228,319.48484374066925,95.37079569826557,6.132875371546731,114.45044119078865,54.20368669897693,12.32540043070516,3.8990695725940894,6.5743086980005625,6,222.99942805982073,0
59.00062986456678,2,22.560968140978915,77.05753597539098,199.68159645798164,132.69798914352955,13.763493348021157,141.387212459514,43.08182578945348,6.969725523100706,4.028659543979546,20.601652785048675,6,249.55612955137485,1
57.24663683345212,2,21.854235111822494,73.61199339253541,270.2052015970655,93.27017207258169,7.7471765547626905,46.45191561302797,79.87547347265134,8.199479851822954,4.125887936771888,8.762601153542468,6,176.03730673462854,0
54.93002905295552,2,23.470374909485287,76.07836145862271,216.95019924132842,83.54794507890085,2.576422242650479,101.29650726398594,61.33231528824907,19.01742995990175,3.7502506231772212,49.16982876196232,6,188.51761775426147,0
79.29112706539159,1,24.862986423865237,85.11138076927482,230.3494797799503,126.48290141927119,5.139524818134982,147.308979644848,51.134252961035266,14.827272470087562,3.4383956098534765,19.944853876623228,6,251.86718552034645,0
41.36185664280828,2,22.688731575053094,76.45418541471682,201.739729788529,93.8098700579361,2.7558776943415406,83.8486400421488,66.84708653500529,18.647903463374142,4.16982743024946,27.04670164729062,6,182.94212298376613,0
25.45304932681325,1,21.672790472335535,82.9427966582044,95.95109455969987,93.91315060165292,7.489315569663324,113.70195343773106,64.64232369790743,16.290127902748544,4.194868019328733,24.870259953887363,6,225.62612287790307,0
63.183635908175866,1,20.134657002689874,71.11656438300786,187.80582230114277,133.93590027285913,4.287997762400225,77.89096704244908,46.04837266426161,27.713376999793347,4.486457834101897,30.76126364474965,6,158.5101407409576,0
36.82320420566391,1,22.5330609198421,89.26293880494761,157.74980688864173,91.22357048584931,7.428515615736922,71.56080439790796,46.399493606185786,17.496839798334882,4.414828452701516,19.76404645381118,6,215.61789962281966,0
59.730814958177746,1,24.10401708654291,82.81184840541044,119.81082106827354,98.9768049378029,4.5766264465180635,73.29700520845678,44.44105539585993,27.246856708425035,4.369503643038526,27.182328382790953,6,199.14346283115464,0
54.86012347470506,1,20.81571731198078,78.63743047740671,218.40714920793673,85.25965708156923,5.9707547185485454,25.225278971435294,96.82487387567973,9.772084794641417,3.993608735906191,14.09070683868262,6,170.17226315661125,0
76.56423247422342,2,21.33854135878188,73.4225900505022,235.144389317431,115.16996867295416,5.897389804369412,93.28970412994222,39.78253132561928,9.509181230706192,3.995485169121991,14.096514537769265,6,182.22351903207718,0
56.579074437963456,1,24.9,92.68484443438963,188.1970999525324,115.90398877236622,7.599284884920168,81.74036603182105,49.41616468546631,35.71825725689218,4.469487218889394,56.6681174116626,6,244.54988086451317,0
65.30602474494061,1,23.680011590184225,87.53415844450083,173.2301095397405,141.40447853842542,5.089837989145145,500.0,38.445158533089995,42.680984551209306,4.7257167357184695,41.93757357189147,6,388.9215214016487,0
63.01578261284267,1,22.476992847277895,80.41903705737742,267.51950686726127,143.8755013470512,8.53951609615086,207.44288986751084,23.02742457598792,13.516157221600688,4.033560378738661,9.703926114594642,6,266.3288972369524,1
61.14514729646656,2,23.413130618726306,82.38270601189856,125.44708270118554,81.81625329974057,4.390444046271376,75.03285022604977,64.46327323353475,7.4008786114843685,3.840127346063788,8.609133118697086,6,209.3841011076662,0
52.7384693959711,2,24.081563585656923,81.22139484319702,206.92736127233076,99.69231707798836,5.660156117336277,72.01747958813458,48.302967095455635,8.26833509361629,4.370312079143447,5.391646240355386,6,211.77494566460507,0
40.450119764070585,1,23.992886400615426,85.7865107609361,281.4919107262068,92.17789722447952,8.49688167024304,83.40767165000928,39.16216363869452,8.9700535570444,4.223517288156784,5.0,6,221.58479341850452,0
46.60527245210643,2,20.931517274141335,71.8699885652499,217.22110239510332,108.09588904517638,14.70308513206077,29.717731938453724,69.4738181385735,14.713643508090964,4.321717134975947,17.79524242596462,6,194.15515746668177,0
58.88110109869896,2,21.453565938411476,69.20335085866363,349.3487763111538,116.09309483219468,2.0210291562056586,135.69447589930053,72.41221231088062,24.143204078421178,4.281498931906253,43.66400254639673,6,177.47768376251463,0
77.8385517323198,1,24.9,82.96400277068778,183.87299185899127,183.7653088703355,14.372511726016969,117.63823541453816,66.17611075492928,33.073752842728304,4.246523492959206,20.91058578497167,6,260.788559541736,1
71.89167343950214,2,23.625991036887257,75.1607406148583,100.88119317603403,82.51489277884299,4.038787537848614,139.10555821158238,53.912948455213396,21.013234545454935,4.357078664677726,22.52243860942414,6,226.1376488384035,0
20.0,2,20.49377108976649,77.81849650430357,255.6531165679068,103.47974737237081,4.265418740800183,59.24162566776765,44.11449845459324,20.998912677596643,4.11594904732505,12.666046787765504,6,180.4273835166439,0
54.47598508124249,2,22.26656153083377,73.68359928412349,200.82669996492203,111.61250463842427,3.7435762526813527,66.70128512341446,75.5528803795946,13.808811246729487,3.8763166256549413,14.880668864907962,6,179.81207295276823,0
50.88235287819476,1,24.318577805844463,89.43694046923258,180.77110530037345,117.02504188635143,9.720887932324045,55.7306236993353,53.66577726171283,38.08594182747585,4.191044701852594,30.558695875979367,6,234.8984264485122,0
59.953698331467734,2,23.63471453590466,76.74255490189329,248.75430754293237,94.7692578624373,9.28392260805369,103.788318222148,71.01788823882957,28.19741438727128,3.9649430766414304,28.308616244185572,6,208.19067115984203,0
79.89153859925536,2,20.413589957481737,71.70983371812083,209.89082341473352,107.22568789276134,6.784525764476492,154.254560217033,74.40265241476465,18.661573661260256,3.498689241355513,27.493655572793227,6,215.52071813740633,0
80.0,2,21.679731342637925,71.2341639237865,265.82048576482475,110.43100947701713,4.066410476352298,177.00901384900544,75.59890817874586,31.616035468162863,3.9747044482870812,48.66097472268197,6,209.1564258627801,0
80.0,1,24.9,87.18898461793836,218.4822865123664,134.63062830720338,7.435667822948158,72.99712074934558,94.87589774627796,19.56948403781177,3.8700872307975316,62.29452770779948,6,216.33512247427882,0
48.54952706768809,2,20.88354378121627,66.05254190296687,356.3130150415468,145.67494872626455,9.661141614577698,104.34079167383902,50.93364960871415,6.954908847326557,4.321598854738874,19.37049499810868,6,196.711539906357,1
32.32552413779569,1,24.9,93.1118637888375,223.21292246764858,105.8013292882975,3.651138074299538,61.9990028001256,58.9428766566481,8.280924629616319,3.9660333862881147,9.444947504172386,6,223.0427890102669,0
36.12903055548308,2,20.343414845313287,73.48490576085587,301.7730646271496,85.84770255275517,7.149017482832238,39.0261944101227,50.027395297316566,8.476813366739046,3.980165884993779,9.80707920293005,6,158.60276139662702,0
62.16036824783702,1,23.373406303555182,77.78124597118767,271.92517876280897,133.9842596241921,8.277527041334693,95.72865304238809,55.33391548951629,25.816282027518618,3.894007998968826,20.242890690290068,6,216.92717668326637,1
38.86434326297051,2,24.9,85.80484059505675,352.5340897099374,103.51341446829497,2.614051675638985,54.22479376604001,65.6485117759625,5.663845549171022,4.119053076083729,5.0,6,214.9797310054036,0
51.53251037050233,2,22.69166307774807,76.11376096887915,252.3803557913183,110.4335882461953,16.42411987689762,83.35834983549324,93.46328605630154,22.202080503560758,3.9639647226464634,16.80214688182342,6,222.61451371307186,0
42.63025966304101,2,22.919142729393535,75.79657556605915,270.26133079382294,83.54587172729201,4.932712964474152,207.22413325482182,33.9836504233779,24.498933679769493,3.837639245296625,12.856477155573506,6,285.8519448791606,0
49.990776389597094,1,22.023957190871897,87.51926785122583,155.3063488778766,92.26220825176763,6.589881044994257,91.50763887819636,51.954045481115394,42.35262867625053,4.5502707903099555,33.094491047262395,6,222.48968392733488,0
24.36545764367995,2,19.48396401994958,70.81724216261654,233.76018383788258,106.46892961775914,17.168358636908444,78.38441304234453,65.97341411009586,27.152787688128534,4.675891095806256,14.120451829810516,6,222.6170497005992,0
27.72648767016524,2,23.128052196336064,74.7293211922527,175.32504384362164,111.87119356968621,2.3507113152003125,45.12813825174798,94.55279994687751,35.76609807013913,4.695133110459982,37.54765071422899,6,158.72125758409715,0
41.499483623085126,1,24.7368986612134,87.25532193479145,215.67119882607503,120.17885953521879,4.363337323670376,154.07146773446,60.75118618638972,13.295469596048527,3.4858039208026645,33.984177172774224,6,239.1023233524839,0
37.07420279814498,2,21.284377860005197,82.0900567587812,254.53286519492335,89.16839421719604,3.9484516600950537,45.3068968880243,78.80808732548543,8.655110277570357,4.1642876312132575,12.969532212677,6,180.40010646487485,0
48.515554006827244,1,22.271512366695145,84.37285084406084,297.6377029219068,138.29705941113647,6.727998837373384,106.0676324083241,56.47152289957811,18.5166602755344,4.291553962782837,10.885597891714676,6,240.4486874459396,0
55.66871238499429,1,19.70920613479069,84.15688123351521,184.3478699322655,103.00599727714467,7.874590636270153,51.987946568115824,94.19729140438022,31.008026706377397,4.248796998450719,19.97855542044564,6,213.76746871179714,0
71.00955788536744,1,24.51757159187951,92.50128680653033,144.20401004798725,138.89045059422645,21.196439579029715,218.7708342339223,43.12583602921524,63.13385028604973,4.116954238225641,45.182850983686166,6,344.9203618328185,1
42.69395154619912,2,21.0088520825513,77.01334916924506,204.06234907152887,81.21552501162378,2.916858424012688,78.30678190594784,64.7088253731164,16.9552580200586,4.3036470981770405,19.932076700535504,6,175.0991443342397,0
72.63446230302429,2,22.142068161857754,78.15560582379798,208.42018573832604,123.81920511144055,5.006454783842364,110.56319045232584,52.71025888783146,43.743557097027676,4.323303792420749,57.51471441971929,6,235.99920156409377,0
27.738206242294478,2,23.32877989921761,79.58034789405899,384.5143153857437,98.53716657708135,2.2199567214481783,62.93768570817012,54.92682127769926,5.467993338102226,4.166175192615597,5.0,6,166.64926767734292,0
23.953592951322907,1,20.978156173837345,80.09041146977995,123.759769606034,100.57944611659707,3.3965856942600605,130.7241299418091,34.86093057156775,44.04987949781949,4.552134391212029,16.148993845254044,6,197.43365585971705,0
35.69543650024795,2,19.989019482424222,81.12737921095872,162.3345948667675,97.7795878523206,4.162112947335832,47.11201460298732,67.69990595472561,9.47675475782486,4.358274483517313,19.94141998880943,6,169.48875379995644,0
48.35721740795937,2,24.9,83.22563345255584,289.18948750555785,103.23927116573036,11.644563241559647,159.7903916028322,54.06053903087702,22.890161151598114,4.250273465650125,76.96840570078183,6,265.59631132889274,1
42.8497647176345,1,21.232951056855413,75.76331121233741,172.31745900084877,101.42090973870198,8.92520134719272,147.03345426428916,47.36490981066713,45.04635161580248,3.6648599574926553,32.68276235964756,6,227.66341084021602,0
20.0,2,21.037068944532095,69.94030698139935,328.6954099515918,71.36834292949035,8.552647156794382,42.19232224652211,89.6434845576486,5.313336467661419,4.03262718330046,6.9881349459308915,6,155.0210969056165,0
72.94168210874614,2,20.746924887291758,72.59121767264091,146.9320798234596,116.21121543070575,15.171386437111087,130.07468289418358,51.82743331829986,40.8664031024559,4.057471989917408,29.908534028207967,6,237.4466186164226,1
20.0,2,21.978995874603175,67.77445845636491,371.57637126256975,78.67702897258668,3.0891983903536517,41.44831989349939,63.85008967314625,5.0,4.775316353565216,6.014057608620411,6,162.0628128714397,0
63.406274437694606,1,21.005075921128565,86.86020049488751,213.08384336671546,92.73163964654786,3.4368306305309746,107.09058482422809,54.40967372169994,13.685304114649572,3.481350325737193,17.144043075512165,6,195.43865429162565,0
43.32481767575927,2,21.188064051613935,68.52847185926174,280.0857146715392,122.99862352589787,2.8348557512856396,42.1774976792183,68.38827990342736,5.0,3.8837583732374763,5.796694909293692,6,144.93754831794763,0
20.0,1,19.963216074805583,78.04403126061959,293.1873073445195,102.53243978087822,10.037051040409763,63.95725800904951,62.32065661976363,19.759068925639248,4.782699044791695,21.63547622964899,6,192.28544145966205,0
52.72416524570346,2,19.713940519567814,65.25804712160735,216.3995035392447,104.84995251041906,3.7625993541181573,70.96248091682347,64.88166644700728,30.033790384345533,3.99878233752691,42.81566701877642,6,177.92652289806907,0
50.49070508596483,2,23.13879245434042,78.91421555963812,270.14199370374524,94.78149046126325,5.015161565892444,37.30708054440702,70.51867235377057,16.312103259201198,4.21118787734293,11.245890138919346,6,171.74622372795926,0
55.34884662354054,2,22.300708566589027,71.13381721897132,292.28412091388054,116.66494956083925,4.188367386758492,64.00794771120812,50.661749411832666,10.920827929311713,3.783010616929622,15.355188548974843,6,185.30573277298288,0
43.964050386537465,1,24.9,87.10358326254747,248.94537748632632,80.20335426439358,4.175999902278633,205.9516629229994,54.498840192301614,27.81666042855604,4.0485341760781335,37.48819629262034,6,256.14768102469986,0
65.6663506581157,1,21.455535132877742,70.99546352081815,178.90047780048064,89.30059485469695,2.9447862702262397,105.1159362732357,67.24070605980155,20.08376869471763,4.482790268457979,25.997518212758937,6,191.0563296836807,0
38.32248224390616,2,20.82037749822363,68.7911664420132,228.75333331292077,109.18628600230814,5.754645129137425,40.52864303525086,76.49555800601776,18.85573807683317,4.414596937954492,45.26686349705891,6,178.29469049554206,0
54.08799472969244,1,20.965536204984414,82.34283485149463,220.02457027557145,109.02928543219784,3.88095778547853,156.23354099823345,65.09288938420102,21.0367215445401,4.362392538811601,39.97892880045572,6,247.97411532561472,0
24.79769367218348,2,21.554264264257032,76.60190398464837,200.62146948406385,103.76705780550343,5.2827347354002185,88.22281705057868,44.35011383494495,13.051082284108796,4.372549530839398,8.755964161445615,6,183.7766880803826,0
56.779706806746745,1,21.285321467539713,76.42951345289607,121.73702490387794,97.55341878667981,2.3418584126315873,95.50534270560013,61.65468984318613,20.17641519270107,4.144618449301933,13.477387654039124,6,179.94530754669393,0
71.31097372412121,1,22.63974221179246,85.01701955175378,295.92020077476116,174.34479866361,14.86088793644228,273.689138832586,47.52562495199773,47.62389085610778,4.368636591752907,79.25515400710792,6,314.68164163965366,1
67.59391210717668,2,20.798195192684446,70.54845727958129,170.33964038716255,135.46882947223438,9.95860726002351,103.1609823026369,57.28210787841616,15.202486850581307,4.241792012639754,45.586475892345774,6,206.88990807693284,1
44.35421020005475,2,22.488590919375273,75.21935182136039,239.15854240274444,106.46073181203874,2.76362581289163,156.37271289345907,48.18648417341167,12.808576461027526,3.8943396652697326,17.9426861840827,6,233.1134361448236,0
24.906772037569553,1,22.750365213047594,86.0706809529155,246.55753330468846,113.7400725928685,14.13027770967062,231.539322044742,33.26743394633894,44.405663259844864,4.47681381703045,30.897029572698298,6,288.8962838701278,1
46.464974988635305,2,24.55505402644119,77.65882300163867,300.86023523870097,103.09645145254352,23.484590879609325,115.15052558635317,43.25313815100718,5.880422126782466,4.25359836012949,6.948153271662853,6,300.3944724713109,1
38.289846032486096,1,22.447797381566765,83.25287929061601,244.17923181238177,111.21366679918829,7.679467345215326,49.05816922670061,61.59143485174506,23.267394886889676,4.653982471085614,28.13626855529566,6,218.46231742776055,0
20.0,2,22.768568150119012,72.17655329035037,281.8940904137121,123.22035329547673,21.4063339258458,113.01238059868218,71.52553923119815,10.431684086397569,4.463000932825295,13.746051204565086,6,246.5622367112574,1
25.75667725545031,2,21.68629944727252,73.96936283892643,146.9342042340994,109.2765215694665,7.310062888176401,54.62116451211419,65.79572384261095,8.701347490738081,4.031275515110234,7.063622105996388,6,187.49529790961367,0
40.75092281734847,2,19.46015081758277,74.10805454021468,198.80560138451747,107.9645932552806,5.443022773546587,60.76961773629285,76.21151150366872,21.112533610499412,4.423042825637997,26.61468940455924,6,172.66964326416877,0
35.43496344550858,2,22.731745971754815,69.01710928521652,300.18670628779745,74.75447149789797,2.282343281515313,102.99318691791838,71.59844194038632,7.610173885961591,4.099444096474404,11.865830181702588,6,172.05231235165172,0
27.080373298454827,2,24.89932715836454,80.19413094809873,259.53221949500073,115.54468560158587,13.709536218459288,151.27949959539757,40.17986774979744,28.275538706326195,4.455468509577898,8.259626265045181,6,274.8903286434433,1
63.42488281621159,2,21.257712427261676,76.18472583140202,196.3399105142249,132.41456154247737,7.867675080576095,95.71854883388474,38.8312110553185,27.640665866900463,3.9569019537805867,36.55267217615131,6,208.5763259794355,1
20.0,1,22.50852885976191,82.4408426802116,194.4042021291346,94.34344587567531,6.950025481411858,36.098173123538814,56.61102854614416,12.333704128564131,4.066328985879302,6.511720377617289,6,200.72520320733724,0
62.57376997425313,1,22.08690046399227,84.442064556255,230.33875915382882,105.10836121284045,5.442316942826208,76.40068468696516,57.20459177874268,17.60399402856948,3.8588444478024044,22.653792249917455,6,220.1057382714546,0
61.698468517429816,1,23.150647417538025,80.9631057868111,324.08450785852057,108.81026185649594,5.5837003315687905,60.60102987168997,77.33938518961195,6.74608702334592,3.7744198979421095,7.080571824892945,6,199.04370592225592,0
45.49797647150671,2,21.189311605334424,77.4383615310821,150.1307454462226,100.78565945604551,9.077090128676602,117.47543733880826,79.12807188076707,30.837419415308297,4.395947241425516,20.648690693374373,6,224.22660586419502,0
60.25802429991026,1,21.423117643361245,83.60638214433376,133.69714656030558,111.78360149688041,9.28738595560196,127.10825594950744,54.06719263537776,18.81933162794697,4.079079188565389,19.206958985311193,6,221.07107990410094,1
34.608783894726294,2,19.450101064639725,69.90973612217066,333.05785803611786,89.26043694498706,2.512591906327558,44.73151718909159,88.93532408750904,8.211000484962046,4.5156933551133305,6.0481574327381376,6,148.8431600439243,0
25.907092653205694,2,21.10598793432572,71.22596598376578,319.4753754364222,91.26123977892821,1.5,66.74712154386538,70.04310217689473,5.0,3.9534870308422034,5.211166191988111,6,157.71205553159731,0
50.76301946825504,1,21.71673961218601,82.87845809250854,247.01499132095122,96.05122353530223,2.0674515744112156,50.52870016905859,46.09668889285113,9.791908213146376,3.9594429007136713,5.0,6,185.6599469388071,0
80.0,1,22.20877506235941,83.08900655693027,131.57282169342713,141.66976146745014,16.27797460755923,287.3387793328958,36.94997715222648,31.362045316502755,4.220258641388679,30.32867483237426,6,324.27643263642426,1
51.06960841460577,2,22.35538643555897,73.86023210499863,239.65368011776167,136.46526702228212,3.770579763491331,61.965165403099284,56.91280026321886,21.245615275715505,4.326712072000953,11.344432571660867,6,176.50167132211868,0
35.72233250782068,1,24.002392276554716,85.5775387661131,175.0620728388007,141.84180557729917,6.649384800484767,79.85105509468245,39.92762224607116,49.93751086217713,5.061024379288161,27.654869200426795,6,223.16672461009787,0
46.06953525432209,2,20.997623602966907,74.41370786341938,332.13506853236237,107.9316165933363,8.740460135499973,81.45124412950533,52.77061758176833,9.816944576352078,4.4063186882055385,5.049045202096659,6,195.45335473379433,0
35.25369404284103,1,24.9,86.25821758930452,227.7999924162297,142.15080191396024,13.124344420912939,156.15699371141963,44.49541370242398,51.75340160872861,4.461953686539078,48.770763964368435,6,263.5237046959877,1
54.73194508464884,2,24.104180491190668,76.9194950525402,265.12991119557546,130.27241412146378,11.666108330184416,110.56070279036659,56.219408651037234,11.86481406933096,3.550108532691144,13.33374342007897,6,220.60794155300718,1
67.79946118265971,1,22.96888182408077,79.96554533007057,223.39337435417366,94.72811344743192,2.985061851508517,109.6617091650581,62.13702095518181,24.83950865794658,4.133104169755738,28.90010704206879,6,219.48756373479728,0
20.0,1,23.438389230505717,89.02091711759113,304.28308994544454,79.29913279329327,5.069517652357288,48.08463512434853,61.93643727228194,8.548392538390152,4.425275705452072,5.0,6,183.07859624133715,0
34.77708634725123,2,23.57135385075479,76.96402450171342,257.11469180811093,152.66889449157645,10.290440913158182,44.997053028586365,73.08580452356493,21.889566060244537,4.423038885807901,44.07485850629271,6,221.3402998941467,0
20.0,2,24.9,79.31087181257409,264.03027318295847,90.41313781725913,2.648794950924048,60.40369119484231,85.59973323904721,5.652034280220154,3.5212720761230387,5.716600645596548,6,196.9674700494857,0
60.34460454031404,2,23.755883466415543,79.75908277682112,288.9918238595329,83.9462758406323,1.8734138889163763,42.500743395350035,69.5091492498887,13.562229116186042,4.061912948278718,21.194694068431023,6,132.82712284410607,0
62.96849072644481,1,23.09803545216974,84.47108955293996,197.96013751060664,125.83891857240634,6.4985930728993635,62.76776903231569,50.08087904951948,16.961504184717164,4.1617153956587,8.938762439498419,6,189.50244254767657,0
65.16868148685603,1,20.274152285038287,76.57056628425845,210.95974001325118,96.20495860063492,7.6228952780963946,71.89736165241688,58.15963003651785,28.091022145301107,4.212669200221018,49.97084838695149,6,202.1143889521157,0
51.582999815124786,1,24.194600908475945,82.97736715284944,183.56672094959083,128.48993343885618,5.052647077076553,280.7008077769487,34.11777576324311,36.633414659350365,4.381932533641888,35.09471913562696,6,310.6426411969893,0
62.80547989559372,1,22.252102175887956,78.134844042853,175.3127516051461,80.30148265219124,5.5392578713258755,62.671964535027826,80.83275690453831,19.004838986258413,4.331980852380082,30.77059654732224,6,168.12459457394039,0
20.0,2,24.52532261458098,79.2269824197207,252.105104214653,96.03994541801777,19.467156612013152,84.00636518946361,49.44067158839745,10.132075991571849,4.292825162699696,9.826136914122596,6,245.93643938363067,0
66.43558592973915,1,24.9,85.32698481546892,296.7950029381266,113.10235153230118,11.085117443202527,110.79835448313858,51.87397489326627,32.12063789513262,3.990760004863662,20.306851631908838,6,255.19088061406524,1
65.94899402155495,1,21.596264869823774,78.96380836016635,194.53454529187476,118.24304403076434,5.217421111693027,57.55301691115082,53.48376401910059,50.39326347670529,5.189235192978611,26.966290517696997,6,165.89997282795804,0
59.6994698737478,2,23.086505789252918,78.71295060605513,154.5526280951325,106.97680474056618,5.6031859246611235,128.1112704106999,64.86648819245252,18.90492965864302,3.4845515861681773,19.092750926716935,6,206.2518843324625,0
75.78734375195728,1,20.783544458420522,82.06853309296692,173.52106317165203,101.11795042613,14.549202034878098,108.243804173077,53.99324309987161,22.89414266970773,3.7767759242373398,19.12063452350315,6,243.1547388607499,1
30.85221743543485,2,20.082270895778866,64.71767944008342,359.80677569232375,89.77016510420685,2.4139087161162474,35.8042924474102,101.45431271468927,16.185001538582327,4.560987933616696,22.972256517570194,6,131.9030790089866,0
55.91689235338585,2,22.59366361966201,77.18886789430333,213.4604011213249,105.7329747869335,7.23561472357648,34.584429175016695,67.45676715952779,6.808466200423937,4.026272954545974,13.87700078631864,6,196.33505295278113,0
25.636810465837957,1,23.582597729755605,87.3132210879747,152.87427458200483,107.05342335141714,8.905793936418057,151.28625481503047,33.05436071586883,18.787723446682907,4.6247627038623795,25.084851500951643,6,266.32224853268207,0
40.773144984512484,1,21.48199874351787,83.46204092278396,380.18066069534336,106.96179157692569,7.59627365092408,81.73565401936494,77.79696520757274,40.824312975431894,5.000955445482748,65.55944825583066,6,230.6066953344831,0
25.76902965858699,2,23.413868178753724,81.53221880572747,264.5369767078762,85.57522889979761,2.7039387555371586,20.0,83.41190197344507,12.138775211985328,3.7227936119093354,7.942798332275479,6,158.20755434349385,0
24.645867573375813,2,21.22644687484783,83.46864311227102,273.9569715134525,103.22983105744011,10.479613954737832,109.60752544667473,37.382045524765864,5.0,4.397408790610889,5.915574305036095,6,241.30081051718224,1
42.93889132455427,1,24.9,84.09774883750427,250.34224533861456,103.62226740187172,5.894614932072757,108.01252028739901,68.89324515863272,19.835238524221996,4.113252617547146,47.67068270255535,6,212.4033346645716,0
57.29427005320376,2,23.505850359900435,78.18798058902065,267.5833031721493,130.4624231712863,16.95901665831817,84.61575374496448,46.26851369867262,15.183204415310428,4.91764780371243,16.152205865387717,6,227.86560315597256,1
67.51402152955208,1,22.18027025397375,89.4290552652357,281.35527849261865,111.48230255500724,10.060265552889845,109.50611768770995,47.46574461473164,27.817370425611752,4.199121084472167,48.70259557918211,6,260.70449171737283,1
20.0,2,21.39982470042619,73.09039653832777,223.4277428088711,91.7159094912543,6.2487211474316995,59.18403281694545,62.98673178546201,9.940975462819457,4.1653179099928686,9.537500132270218,6,167.60280567395367,0
46.68639283132325,2,20.630101935186513,74.10748546647359,248.6294209953374,128.87590362474438,5.074146781225662,46.356621378484796,45.03781322596693,13.06129443761576,4.219909403759846,20.788110376993224,6,181.96403253414164,0
45.912848985821604,1,21.335434160251236,90.45529568304454,129.46286270591014,107.73204917112642,5.8612165491519335,78.4820384361741,43.62482754943574,22.29210603065342,4.027397769200641,16.28404033851602,6,208.36741834172068,0
33.28833056860128,2,22.161213798931236,80.65644095290375,259.9987896033166,86.0368612354291,5.47778027926265,63.24523713748378,65.46563939661357,5.0,4.040512249199164,10.046695770039067,6,181.97305513555744,0
58.242294138393575,1,21.421624485376952,86.66289259034319,186.14304093609374,93.2748970420378,2.013556344525261,35.97471993446231,47.52749932721549,23.388545721089358,3.7588859420679173,12.679130268979833,6,166.61433199117155,0
73.82034900662701,2,22.477156350833745,70.63132458339716,290.72148920200436,115.18376656706657,5.095303188134281,138.26078822452183,44.14324846594404,26.043246039865274,4.168211733476118,44.62803084693277,6,223.00294591049678,0
43.8666470520684,2,22.626282074808742,75.84508295704101,296.7880057111531,99.76290464505837,9.270815674433607,30.397422125903937,78.56209694182535,10.333277086761782,4.355304648125576,12.304898048533984,6,175.46832938881144,0
46.18808434073685,1,22.757159446789636,84.42818584699269,236.24628460838213,123.05098267533874,13.978347190169362,148.40221475489795,33.01646156942465,9.347161985171532,4.070494082109888,13.154622526490868,6,267.6141762672506,1
36.25979500427471,2,21.68062004263041,71.59954072541396,178.90418211407174,122.37874820243731,11.234280085492898,77.62234069674285,58.30067422289554,16.27107509963615,3.9048817753887097,10.756020453704766,6,197.18154729780477,0
21.766800641546777,2,23.5380905200784,71.16676482591964,251.21824552114367,89.4256027759196,4.886686204947547,280.4046289544072,55.78999199379315,19.31735743075949,4.231470856441181,18.688856342242588,6,256.8188501085229,0
32.74189036739298,2,21.307346457940355,67.830433638552,204.6802015699467,108.3163327479619,4.376680554370385,48.2854082481899,89.98271973516583,12.49303049631239,3.9659106494804988,15.437401636701694,6,145.7259654352469,0
65.55552077910666,2,22.088593469958212,75.8264329399609,248.5051181612411,133.15103865393263,16.225075200427177,188.61179480431645,60.30582180100223,24.89761091522708,4.152331971438028,14.45157374423872,6,269.61700310983264,1
38.029417512968884,1,24.62871762553332,90.84967844950202,259.3424528879545,117.66290736966597,9.696055285784167,86.66263695543661,38.777503593115505,11.477488633081531,4.20720451646745,5.0,6,235.16767543323425,1
20.0,2,24.433213562804625,78.28017743377494,157.31469567731824,76.56545094749632,1.9446432200487154,49.16335325659467,89.63046881011611,35.57392156856714,4.363146861118859,31.52106550422776,6,164.51579148847773,0
57.515263677959226,2,24.64018881089634,85.71047572064593,229.51728027512897,72.15217131702278,4.508275413464589,156.72866809344586,41.444562197883975,13.359678526219435,4.167284902251557,7.836013134625032,6,236.27580536730778,0
80.0,2,22.38636219317423,80.528394065725,202.15526674943823,127.79853638147901,7.842384384367669,167.44337780868207,50.2368769450671,34.75779036256748,4.678661735666156,17.704437299135787,6,254.13504678460805,0
50.76353236892897,2,22.247882185417307,78.29312449321833,219.3746058652095,98.01277097772225,2.707903008288251,58.336809015159346,89.83473510175371,17.439716588123563,3.8362115293438257,32.83658776106794,6,177.65837424249105,0
61.58699165235082,2,22.12801217429194,70.59708693140546,259.47995001676685,128.82569655506995,10.528643723947024,215.5925320756637,56.7939583394081,30.237137779250713,3.954613845429658,36.57899721223903,6,269.28322617689764,1
40.918221630319906,1,22.880019359059656,83.9685414760075,233.06747655453063,114.76101163933082,6.262575355300095,81.68608738563911,47.924403308932135,25.75199190865514,4.1979375778015005,24.08998676334599,6,202.41648619196033,0
63.66120455740315,2,20.417428904808986,63.44795902367131,254.89260887127259,108.20232822693025,16.6138841358374,84.41278178151858,76.60753820694387,12.95169434538523,4.934105457520675,10.746166468149449,6,217.82015508400727,0
33.94067102638732,1,23.028170110988214,77.99337627281035,183.74420617549592,101.30414796058216,6.159252752284525,92.6314423327285,45.788035748769545,25.636959404426666,4.129301600108384,24.566980985048964,6,188.41874587874034,0
20.0,2,23.583455649566663,78.27262330139801,260.6280899180126,97.35431957237603,4.650829558024154,95.50436661063252,73.7154412969946,37.754981049215644,4.0543270761652455,67.70535628065609,6,190.1865322691133,0
43.47099053768639,2,22.93625555341721,76.98362140328807,234.91747925619666,115.27375660998662,21.097992418136467,182.4849450648224,67.4941496695739,27.4161872722174,4.673920348925276,25.090643230213946,6,286.5095594530863,1
41.91523355984691,2,22.776425358090272,77.99164456831565,179.41000460546402,101.43267358351945,6.12087152951119,76.83320431495426,77.93469645070637,17.939463362541595,4.326329586156693,22.77719866517736,6,204.00659322878414,0
77.1480678924867,2,24.624825700671128,81.16154602237397,313.57876730135627,126.71285283123949,12.920722841099067,132.08028890333455,59.92267765642837,67.28628306285606,4.6028155422552555,70.0963108729082,6,245.72085988799637,1
48.66162557827712,2,19.603361481348898,73.1448421838816,274.84315272721483,119.24556083670386,5.124898077311916,40.62727965527888,81.09329992627694,20.29336376670287,4.16259259508697,27.92519479086939,6,151.21513125596596,0
32.66240475984344,1,24.166364701887982,86.59535962833704,204.62398808412306,93.6992443601155,7.456411047396016,60.33419359786859,42.61050151819591,16.132453044640332,4.186874049568047,28.563754439304855,6,211.35337387481314,0
20.0,2,23.37204711573452,83.59714362796517,279.43620464836766,89.24907473281101,2.117574480103949,62.74445286275488,80.30221940732507,12.498001298889312,4.32978839405966,15.78114890589477,6,196.54559000755637,0
55.38692535542628,1,24.9,96.66805427020543,148.74133283640847,133.93497816944807,8.847156453506154,152.50173806459247,59.29799883275877,38.958917380844525,4.917402230067846,95.99975382523402,6,271.56723628739917,1
20.06828615700823,1,20.938751016304188,82.35190729582735,254.1212833715628,81.48641996338777,9.215409996677458,50.408630376001945,51.646352338102666,22.447668716288067,4.549391723110637,19.29186062553516,6,177.77084720568422,0
28.66420206293326,1,23.97241193813755,86.24946293642431,231.2310761041431,108.5923280200166,9.99697303130641,67.72138711593738,46.74252030958082,21.831169660429897,3.9185957125622197,18.92369195033049,6,230.89304392193125,0
80.0,1,21.25878870053985,81.51623068830057,156.11502637970227,109.0539218893872,7.483647770925948,81.28521543579848,77.71065542973965,18.828838923280347,3.7413193365631425,17.761668862138514,6,200.56865869840323,0
78.88088857908531,1,22.982610097451474,87.0711563596974,173.07411916842486,146.26191635806478,7.227646236528486,71.14241476806102,53.69282255272043,16.19561638087794,4.659183405223053,9.37952562050269,6,191.54426145249724,1
52.89588213317868,1,24.9,91.62185073305844,302.15011406992875,122.19932657935448,8.038867567811742,156.6049952702496,44.91412030863301,14.072004981139642,3.9876092289700042,15.091617181576407,6,265.3954347985753,0
79.36537492919209,2,23.80276695371628,72.38092056473754,240.86978902694383,94.60958329967774,2.5111667726901055,121.45284524741905,56.66486189852969,22.45934647590998,3.9400364821313603,23.681886550380124,6,195.68255835690886,0
74.84906320859972,1,23.464169885906827,83.9763842917273,231.4999916350944,137.5311802699758,12.253262211368899,184.51324923393705,56.56143263671463,17.615479832938814,4.007637765199231,15.853639874845767,6,276.94805159203133,1
39.00523577286375,1,24.9,96.03651973740843,334.62958472920866,112.44717057543133,7.8782058358771065,180.2286243272137,38.9141114880241,18.065976958700087,4.017499925872409,18.897278767142268,6,291.31470962505387,0
71.10358289501417,1,24.023458890759233,83.40373421676574,312.5056386392895,80.70742470424234,2.800409189826493,102.09743336478358,56.25727032136125,12.997986680367616,3.5850640772183264,12.757699497271945,6,225.9476727226401,0
45.04676324064964,1,22.15785648836077,84.44258448234028,81.72362499208336,94.34537979991222,5.584207073436754,143.03082773763947,43.01070797066818,35.10586049530343,4.2509333194647825,27.588709546297004,6,248.5919378353334,0
28.750801936423695,2,21.65374856181702,75.17221129840125,161.1162136320122,100.48904663837259,1.6952039763403925,51.79818672044196,93.14590973790644,19.761633593762923,4.488172158527081,15.344778042133738,6,185.65511312289973,0
20.738638038899726,2,22.91998857034451,74.62631793786154,270.33556305600865,86.36593912205174,2.4616030761236276,57.33263179696161,76.149276268392,13.583568723506776,4.5087214663399235,6.796337548227205,6,172.55061783695822,0
43.47495841150817,1,22.131783936380337,75.14023331849137,277.5437461062717,116.09204288455742,4.623976649036359,81.95479554725843,72.44040499678972,31.880420407860804,3.6218372669620313,53.48666332122507,6,208.1865262032916,0
30.76626540209264,1,21.685212412675828,85.65313121314534,260.03794151407453,98.6091380455459,28.609239129148158,100.13652515117451,30.64225063528256,9.043222567620399,3.8538733991844936,5.140816918475781,6,317.87151846819427,1
24.28095254236986,2,23.51653369860483,80.46555046070362,306.8963221889024,85.18393846802834,2.7659680541129084,97.40873377187803,49.38017411032518,7.314039677615318,3.9607438838663085,20.387530329723266,6,206.04981890209172,0
74.12111029236266,2,21.53429302948287,77.63762028931934,199.6456281473973,92.54723297533302,1.5489314789202688,64.53686956103368,69.82480132093224,23.124458348677308,3.887835746954863,19.04914916026247,6,184.18351683120383,0
71.31557048062693,2,20.773652003541095,69.17243746260466,184.7701198559487,92.74247190722582,4.153734823046333,48.48884458483023,109.34417216758919,11.205650232439334,3.7920522247120334,18.20305067100365,6,158.550046107652,0
51.61924125170364,1,24.9,92.89942770487359,207.85358482255918,145.14959902502216,20.061373963591933,86.10008277320263,42.051264299046224,22.84926532255728,4.672246817150376,22.403932866673333,6,262.1061864501637,1
31.39633881648482,2,21.757301497426422,71.4090208593019,278.85874041305726,132.05411146323627,13.591082719762333,306.8554519925288,41.25605171646322,23.765056048282858,4.661458282063581,40.65352515016592,6,313.7138520101761,1
79.2101543921899,1,23.45575719423596,88.36058272657557,213.79875544020388,105.57650880421446,4.981595214583593,64.04230142344596,57.101890616706676,18.285522645811636,4.188858931684304,64.45257876966909,6,214.8444526272758,0
55.49027090302624,2,21.632986009798923,73.55183194598021,263.0263647879017,102.10125121760993,4.450517559678155,46.90691859660187,98.92158779157597,6.966864282490832,3.9430871888339576,12.963466199980685,6,191.620315645586,0
42.020030931914334,2,19.405493810716735,70.02765968151247,287.9626914964582,102.07833344293563,4.5083420523289846,37.42428401686944,82.39796787292488,16.89234409071504,4.327562281598905,18.69031009656467,6,147.52848787689413,0
76.82868384389485,1,21.136680811649235,88.28672481982116,233.3588251912001,152.36271921941963,16.62914808997878,50.72334957933235,75.20207517876476,7.695075281366315,3.989726872253309,30.202037741382796,6,222.0047770283097,0
21.397885253442436,2,23.0641218997094,73.31008466423172,227.1111631276108,110.81110493970812,8.590794575708275,239.38345171028433,42.36043345559582,40.700704962339366,4.301722170866494,38.66792780682296,6,258.21846642674996,0
37.52831405889537,1,22.25020037814922,77.47397665543961,183.16457623903912,98.47881972720091,4.287817503821491,62.89954946067685,39.90410028556536,18.93064172954311,4.491096852458436,22.338956849794073,6,182.31550361543313,0
40.71034128563889,2,23.584376840049412,74.10250916959728,194.1345680331439,88.21879955987409,7.518018544060406,77.91771733653236,72.54734057643564,9.88256305645887,4.520762673822794,9.237891599066486,6,219.36526957409586,0
35.94292474917491,2,19.030280240308095,60.36569177943506,195.59888212395623,87.50641462897781,3.659723901122093,72.0585632806155,83.80628389591106,22.79839555676536,4.2451133564214585,23.337250379376517,6,153.73475085572335,0
24.43317576770074,1,23.524668274938218,87.73896521158312,216.44246684730632,75.40135742572856,5.64501565784836,116.07174474395121,44.174594992166206,23.835250220062782,4.046943959626159,12.59354294741178,6,230.70127070568367,0
65.30881126677428,2,21.87798956988929,79.01221793546524,189.04461061103785,128.22221663657953,6.359725503224078,37.00388122661561,79.39772679377313,14.480417592971923,4.442374744429397,12.944601909824975,6,193.04238434901254,0
42.03360886731087,1,22.879872743485098,80.54459790584579,289.3525904554201,108.04683633344898,9.180269371415445,61.3898309490943,78.82827055682542,62.15342157154362,4.3117540169813395,43.47772103335132,6,220.2258695940605,0
76.02488996530857,2,21.63002962506281,79.32497679236725,243.92348315059849,80.67090578662187,2.7967879072030746,158.95845050824806,50.636922705312976,24.814755188745277,4.125410702165235,17.56930519051868,6,216.05236343858303,0
39.19745022687343,2,22.797792136441632,83.86218218851732,297.6536335434232,94.89282752092795,5.3357766837773895,133.56395153347086,58.44835796668037,26.093542929299876,4.40895910760733,36.845619227341885,6,208.8236854139462,0
20.039041071319094,1,23.779650160157054,89.13318250421179,278.11004932310175,102.35727684179288,3.936577349375088,110.938820231072,56.69314798448494,15.995608880433233,4.762831861893376,66.04174317092074,6,223.3460269321173,0
66.31457228989323,2,24.494386965267473,81.06582941016893,207.56859962550675,102.27295625962708,4.92252969486846,138.97624934058166,52.22663455102621,33.10054195936401,3.9210972269780933,37.57401824249077,6,214.38954004997746,0
73.09826129744222,2,23.06787787342096,72.95134891652019,109.47829677402565,118.8100318032207,12.693040973666486,180.98297430783884,63.01309799175845,37.30579422350263,4.053367352024987,54.09156301688385,6,270.1302096681348,1
34.326808772897344,1,23.267972476470245,82.74949738060626,356.69875771538693,91.08089214748934,31.162416913646975,92.00275789411,46.95109962237189,21.095394249969846,4.672445217194478,15.3322936154977,6,301.29662699194165,0
45.10515422959268,1,22.416793856596197,80.33303606311972,174.66567828784036,131.39877966879735,8.919913427098699,71.21670172475571,49.6697823326821,13.972649400353715,4.485815811131178,18.17261846323635,6,205.99148629491674,0
73.4087097743699,1,20.804827484505076,80.06934072479172,238.68998692752848,108.30385568205124,13.176287160528302,126.83618861109657,41.75235820480472,7.219322841089611,3.6204492411739992,9.389346526427218,6,228.7137197073489,1
30.493613398593734,2,22.839087650465768,81.20101562276078,240.03809706497864,99.80893288003966,4.661395207178355,133.12852572841518,80.93788571886094,16.139840200477565,3.933230126939051,29.78275021034127,6,217.84218299981904,0
79.92902048889421,2,22.852544106529848,71.94600723651669,251.8471019103276,144.6305162709128,14.610652189799858,82.2999276321917,76.89377878514979,24.197588531838566,4.14512221216635,27.50095970414384,6,212.4818784159062,1
47.77382416893593,2,24.9,77.50652376704137,351.37323827701545,106.458790210636,10.483086602164896,139.9991450943422,70.09899615103912,24.17579749225271,4.037818583041943,25.109096312158492,6,235.49941422173046,1
41.10061440956779,2,20.860872007342966,77.1550800147464,186.08699873357187,98.57532498934725,4.816525842356465,96.49586267222323,59.51511131154077,26.21004764195141,4.048121786699557,36.21666237338596,6,192.11055717158075,0
33.26202901715581,2,23.440089094847973,71.32520788307801,257.02642966558966,115.80032386918403,6.4787564658579795,93.67127298419899,82.63989129347404,22.338569623113557,4.045187246748257,22.03362713332368,6,203.0794081632117,0
55.97996594345321,1,23.308946819309487,83.48574475625249,125.52133521749016,101.77992272933692,4.4103973544987705,39.191836433054895,63.08522756086516,11.544141673492597,4.0318951371176786,28.09333544751124,6,168.41731564839867,0
44.160767951530076,2,21.701587072556606,79.669693272118,252.39838291542694,93.96692803697145,4.1105026844032535,100.15803482811891,47.15727757390303,14.492060989946848,3.909908663860869,12.792649468501759,6,206.29835742015243,0
61.065690607781875,2,22.91561406192151,77.17043720980824,238.94791993541799,126.52714617726949,5.676931241409975,109.72031655447893,71.8817643270508,10.421680542619969,3.952073395017093,23.301583172071936,6,200.9262403496865,0
65.28218050802609,2,21.56138519418557,68.00808712198466,300.6653240171956,106.65154521639383,5.671037148236072,72.72791982772175,68.19973567919085,21.28916208028716,4.22963926272336,21.865671243479287,6,184.24925802281209,0
66.43181959150276,1,24.28238854707942,85.90667679334705,282.1822555685855,152.80092748356384,13.53098922885363,174.00488130314176,44.58324095683395,16.3689508667732,4.108374980486715,41.09628058530856,6,293.86096546834864,1
51.69096466176421,1,24.669637805334105,89.12632017410677,265.64582731133186,158.96594903312635,14.372303372761275,80.58304284485581,47.94794841530515,13.921462571814285,4.411121688878171,15.916685073083865,6,258.6522152000808,1
40.73434291594435,2,23.251801532762784,80.90965751183944,212.11040725037552,104.35325992267933,7.457000497952671,112.64529580870368,46.56268717950766,9.677693566942965,4.057575975805448,5.539498850356865,6,207.6840650390153,0
50.38831720806242,1,24.9,87.4518662253352,291.37041266773235,144.0261867459278,16.857635440621223,140.69869647027872,65.9259743046094,12.559359759971962,4.440916371930471,24.3084376235806,6,298.33238963856394,1
57.82579886589065,1,22.801697005024092,87.16843110813171,202.29525639979136,97.67203360088709,2.1623025735419037,63.79360192504018,59.74779369546381,32.813890258592984,4.389695762625726,42.913879801627566,6,197.43413743859352,0
73.52783690351059,1,21.608747665456708,80.76357052045034,319.52018700919695,111.19960018908247,8.77888566920429,70.43400644378873,60.01191417223098,21.10477786240094,4.11179914438121,28.22329419002207,6,210.77914068778003,0
39.902314146835195,1,21.48643697103445,74.4800249321124,187.71608425339326,91.92788804500518,4.870781333452892,211.74467894239186,45.754312760971736,19.188703921118126,3.8709871368852817,19.883479056340928,6,231.67213440356076,0
27.954700820440074,1,23.03891128822946,90.96075678759642,217.32005691403907,88.8802399196647,10.02903895751514,199.1591025081762,37.75538036338706,32.45411711353306,3.784929808826286,32.9384754212745,6,300.30679864725573,0
66.39649555942329,1,23.74181962229423,88.86648878298439,218.13945951799946,122.53428989080457,15.474543706704864,263.3324394988028,35.75906649875631,27.07442255950455,4.3810621989350915,17.365862122895276,6,340.5541907442418,1
20.0,2,23.64249781471194,76.67941878006609,183.17558457605648,93.55173064207673,9.1142422769151,79.48972173960304,54.80231057584566,17.44625569871396,4.332943588914179,9.61158651147063,6,214.28884476092915,0
53.358425787598655,1,24.814361598394907,88.0822747460297,169.22386712674458,116.96692784437353,17.896433207806847,166.7297313736023,41.569430406633096,33.56833117374036,4.453864398357302,47.25078941670692,6,288.20574080982163,1
59.50376865405025,1,24.9,93.50578768913559,201.1800125922282,115.743470708188,8.385958914517435,265.2610170936435,55.09117178970987,32.515265835105524,4.100920167714195,32.143467403787845,6,307.52774735286573,0
40.6860165464334,1,21.554050125978417,84.37256440344814,236.9792231959346,99.87189553393888,2.274417724644158,55.11044155628448,79.26746912874063,12.456567219822448,4.695985442038352,12.778647977773863,6,170.06576947925342,0
38.38729845285425,2,23.799523701688884,77.41741967758615,232.32300856646236,109.964662156907,4.180639778825235,59.35296158591955,49.26817051540216,8.26738913726139,4.269614795927064,15.032355595062104,6,194.20128726954664,0
44.58165555029592,1,24.375811567298374,96.17064895158718,202.59020578885,92.9805598788894,5.636320443965986,121.05514093568881,75.45049750171694,14.33082811038789,4.040469759060863,51.27204674433383,6,232.427784658276,0
75.60685675309622,2,18.5,71.45590848500613,200.0718813996989,103.4190295306164,7.269850784197209,35.431432663196304,84.79422304130543,32.868981697901226,4.134408156567818,36.97557888359701,6,191.2807910276179,0
37.935341708826115,2,22.717019551206253,76.23884614959643,241.57486666619747,88.65876467067912,6.407617719821666,131.46119354263058,66.67026289631974,19.321612555766023,3.997027673862313,33.90790077637692,6,229.86720189009597,0
45.71867810090785,1,20.62977369784688,93.07646896092176,217.93742530995192,127.99437221880174,2.1871918469295153,20.0,89.69836167944645,11.75131514791766,4.420887775646257,30.18901309662151,6,172.64285656780703,0
42.32398124083757,1,24.041621401148628,92.2292779414363,186.83781423914002,97.72502058455579,6.620297088377108,257.42347908744244,44.071344303560984,41.34533241492468,4.283804749281648,32.397421527633576,6,311.8370848907161,0
29.94748746820239,1,24.9,95.30723343150392,249.04039180728506,108.40671346732525,3.4172908429894875,34.43466197089681,61.32090845855983,23.680208373953597,4.1745975335926095,13.720616972929502,6,193.39075095312504,0
25.28295523131849,2,22.88800954809528,72.6219939211775,225.87318915962493,115.55523503932284,3.7052589867687975,82.85638037899328,61.945671407762504,14.48012331156412,4.475319649967887,23.213874450116005,6,201.4462507608643,0
37.31806243086829,2,22.536262940433122,75.4198748739021,167.87091130381432,75.90724047628831,4.868218626196499,62.07298491928305,49.71386377305895,11.914996063774671,4.51520054971695,12.764805596553131,6,194.46999312187233,0
57.89592664139411,1,24.068981158317513,90.25617797904783,223.41544691782602,89.70855144133724,3.723632670372171,71.74000641682656,56.86560661806037,15.852994893614158,5.047680107634102,23.618613971363835,6,199.42310198047645,0
48.17786640733037,1,19.37185212742571,82.97114540996283,116.03228944513307,105.78035443929859,6.3451544865321505,74.49870136148208,59.024020368350335,21.196634744679706,4.2629875755405475,13.518613043967582,6,187.454625260691,0
52.18359164256457,1,22.36007808349355,78.65770916579704,85.67677308013734,94.71617814333845,7.6705765803013755,47.35620289297376,76.92419993580211,26.347291053543234,4.2105754977809156,25.5165094644474,6,173.70325698683993,0
66.75533070090842,2,21.916601689470045,66.08139584945297,231.5113313066839,112.43841733949374,10.696501399824962,84.48348815555782,66.09733183871995,8.45197692503292,4.220283864130506,14.888963721827821,6,210.87061510005873,0
37.03771971823146,1,22.203968200928944,89.0284534048451,172.02488220365782,110.34067220574939,1.825596985245712,80.99054969970109,48.41899621186197,36.864917642571044,4.4571114096644395,27.71374107165231,6,183.05038327813784,0
57.8939464698353,2,24.300574790359626,87.01910321422112,368.70360255607704,95.19300253255513,5.541159280779103,63.290780894959354,70.7479985857294,13.990933305311046,3.9260555359932345,18.694658271177722,6,192.49723006553884,0
54.338261864913875,1,24.270759750161687,88.69641954456384,231.17394204930812,116.22162144999375,6.626020618214895,138.6017208685997,39.25276964949353,29.265454862678116,4.299459615388652,22.51528084063165,6,248.38886338273454,0
27.87880053993943,1,21.95954292195404,81.22602808797433,191.10268611600313,79.60489843626685,3.789602874173327,63.13114246127668,48.93838881760225,33.34679938634881,4.801056694779878,21.277245481879987,6,161.98227721206234,0
20.0,1,23.78831689004184,92.03938715491688,196.9365651643176,91.02261536214777,13.218665776509063,106.76743392992702,40.704600128825945,21.01144065335122,4.454441797378213,24.4068606578689,6,252.88516394625506,0
80.0,1,19.0858516375845,73.13322406941144,122.7852060985315,114.1259295119581,13.309905332191512,94.4072541099244,72.22177178941331,55.820798541230594,3.9142235402303913,59.78148113624657,6,220.26125959254054,1
42.47066190490523,2,21.36080248468472,70.1311439430344,214.0541734960388,119.87937112280804,2.7217428384195363,84.34536754487868,88.79544600973827,30.81059651066872,4.308602131681639,29.063949218334876,6,188.0927434230374,0
44.406637214901835,1,24.9,93.45231113303873,179.94827726106996,139.21928691699674,33.9276692338392,141.97065493360122,43.512850851753036,32.438477299285886,4.649917776418588,47.433515587517114,6,346.03959621610386,1
59.565272199048906,1,23.61375698684856,87.95671563541457,274.1286352200056,110.15567021697194,13.703451835954072,342.6991263632403,33.3216269711772,24.206175405800792,3.9805949329851957,20.727488728743516,6,354.5974658035337,1
43.508256212836145,2,22.537945235711472,71.79395484851679,270.9913077025117,142.03017348760739,10.203055896726665,100.65928946434781,51.06924394742904,9.517673458305081,3.958038769635931,5.0,6,215.9516919157545,1
69.99413635257292,1,24.9,85.31831103409573,234.32457138544177,145.62107379413303,4.941976213417687,188.93356625827573,47.796470197846176,52.66834399217947,4.547822106936031,158.82466097331664,6,269.92753049595257,0
67.25297033893459,2,23.73131122181455,77.23363669228692,281.85561871339127,157.16418352679307,13.929398683843276,93.40799590913089,85.23376493791777,60.103366711715424,4.060800560565793,37.70107849030883,6,224.84252009186693,1
25.69327532263143,2,20.854346015689423,65.00368630482838,272.1261859581814,65.30895721213771,2.9599215521633817,123.0275599513916,66.19558242223279,17.771211848269655,4.404171749700662,34.63746145104446,6,186.21108525578686,0
48.5804458287746,1,23.33479950797331,82.08958710695278,222.56473830814886,81.12685430708466,5.4388758892655975,198.6290527186641,40.38595528758366,14.191157052167846,3.711156697893336,34.35291777866385,6,237.73877237163896,0
33.01887474722847,1,22.993871210907248,83.17272128509916,242.06024657287526,103.87779605974677,5.8674668249752076,36.361093349068206,72.76624176217362,18.1849495918602,4.578057745203026,16.9121346164561,6,193.8993693100596,0
22.136920542116723,2,22.849105990907958,79.59868572329253,273.5786873521695,95.06648502069002,10.211837487102976,120.7957732461574,63.418535937147226,9.674033868630751,3.8369380788401646,8.289176594928426,6,225.4237833948274,0
34.94520999103602,2,24.863155946805847,81.11793158033997,335.71082292905953,117.77060610164182,3.7501127187173666,34.494597068385694,76.04326917950627,9.566599460071751,4.3561940989042425,6.773828533509887,6,171.53985005389313,0
58.380380356218694,2,22.27836491126769,71.33400519495795,228.45565185102964,112.22686929157777,33.64229863225614,95.81570115350188,57.55222632629422,22.280769239010805,3.5719963191036923,21.974137611411123,6,302.16343221885654,1
47.16544464785858,2,20.720554720176622,75.48644581980781,229.5351009970171,94.74633858676833,4.6406979721534825,50.906159984873014,74.30453625558627,15.558434932570272,4.6468005148570475,21.66497780675194,6,174.74478638668324,0
80.0,2,22.605982387033905,80.04601723154349,235.34116492661997,103.03948436364831,6.544711282830143,160.62957059584315,69.50753075955657,21.59739359223759,4.1117626825621505,23.121445749070183,6,230.63881496680236,0
51.017991138852004,1,22.588527499900373,90.74705349510337,238.877735711308,92.90346151591656,3.986474107123748,146.4619830387733,44.89562749123497,13.000484654118683,3.7938592589740208,11.747368707647203,6,240.09927661787674,0
73.68958921881352,2,23.25088131824998,78.19331803980731,243.52487206219735,117.37655472903046,7.727710496458658,63.726929891822024,89.5007053798249,15.796760648180147,4.314874434900377,22.802776778470612,6,195.31808606860213,0
20.0,1,21.59419880426102,84.20275619106842,184.49839691630388,65.10864659745873,2.7749371699244803,105.29907531870117,52.31014789586608,36.300289467230435,4.358172028716429,40.24178587564321,6,211.433508088853,0
51.91044493802104,2,22.923869362862074,76.52898039576442,329.41460508697907,104.96781508723168,1.748363039116157,28.684847297986938,120.0,8.04428067716647,4.6491293958821505,8.279259127401211,6,167.19233583429565,0
36.50763862104134,2,23.448774902525148,76.8222465330037,309.102168411633,87.74313572299982,1.9894579252294815,142.00110192532304,47.1229324392756,8.582394891400824,3.923155550371513,11.681517056545243,6,201.87535102950514,0
30.791426900588405,1,19.610274670072446,77.26823295459944,274.4361770553194,74.07103519375563,4.077411546681686,33.88632261796252,72.5862289136118,12.521286364019321,3.5751927848735825,19.469706219018537,6,165.8399939485776,0
20.0,1,23.342377223697678,81.77480389044163,143.0088736328471,98.72323924643946,12.791836523065548,54.68093109179184,54.30901877176089,23.141310465013113,4.6525965226205095,24.837264298368297,6,225.7687441199026,0
72.23894129917716,1,21.138137218115876,83.95296292425135,193.84765962364023,91.17216543279596,2.880340525756128,94.97460910237089,44.636289825972085,14.74332363222891,4.301096547111137,25.78717053882413,6,168.55416777720626,0
57.644805566268985,1,24.9,93.18028332282861,240.872211310284,132.19830894114972,9.759344688468666,262.11542394618493,27.549075557962947,32.183899636582645,4.252266788549318,33.859907395359166,6,334.91672510293057,1
39.95269651115484,1,22.662668511390514,82.11664069179331,137.5882023610011,108.46917448453384,7.825707736487511,80.09918862044134,47.563700243286256,12.773026980674317,4.113492536739026,16.927552527166206,6,214.24761000398078,0
52.166788569402435,1,22.84377972717562,86.85728196089065,167.03753766799434,101.44025874396256,6.689725049756279,199.27702905360607,40.93798275454014,22.5716291441276,4.361061433672882,28.111291459105928,6,264.0086963218569,0
75.15433678856098,2,20.558800307314208,66.98813214932629,302.9058107243833,93.4859458636713,2.687411564393105,60.64542610935126,78.06984067419238,5.0,4.156252360556247,8.06741171100568,6,150.76842759372173,0
37.1988680791751,1,21.711529765070306,82.60753452643752,191.77614546958324,73.9388223291098,9.686335407187789,44.8305263789489,78.70544939183856,17.227209908960265,4.276944264688399,10.78917013919899,6,207.21372350063604,0
44.61636306356067,1,22.050333840080178,87.73327227085011,258.624457065423,99.47872478580531,5.6910116827860815,144.88488349236403,46.72736717943824,20.300035631931877,4.21832340447079,17.887722786857026,6,221.08623553905028,0
63.10943717244331,2,24.9,81.36296226197177,378.42636344223536,154.17588546639297,11.238875743245812,219.5146210175676,46.40974317912481,17.71791407969913,3.9947729307444555,17.07668186867721,6,293.343587420806,1
42.64846433592283,1,21.066372393189447,82.4154824705084,208.36003920310148,82.12200914500384,3.2279694959256915,83.71423822129637,53.30995697462947,11.999756559434504,3.8584398273401685,9.91747867097067,6,167.74349507688083,0
54.796079574088516,1,22.604853490896577,81.83237565077113,249.52235909471122,108.64593317745135,3.9833564903237795,148.27648318820061,58.6684848648604,17.429748509178573,4.599688344314742,15.76293450404024,6,225.10268851738152,0
20.0,2,21.460582131750918,74.02886710785316,232.98707174164255,65.09130231651226,5.330843452474303,33.308696218362954,90.87181512036557,31.377468879001462,4.45597508744154,24.01423113431753,6,171.4719092579651,0
51.25148488442332,2,21.999858485623793,67.85274177270104,272.74389817670897,144.98052250905053,10.907978965867642,69.15472979766548,46.59480550432953,10.43559169707867,4.020947612256128,16.61601254754652,6,188.0980051083839,1
22.645326066095965,2,20.866615949755616,70.34863746128732,174.0404506444794,81.70765041126542,3.3292751144016597,40.630856129064476,53.99478986060376,14.012821851768413,4.2118810745248405,7.156654072965894,6,148.30486993860688,0
43.21272922153939,2,20.15789083313166,71.79351751452535,293.23334629854895,117.85856884490802,4.961010907167412,136.61228256624338,53.30801504421191,11.539343216988925,3.7107225253790204,13.866830882920883,6,216.2070008227925,0
42.56816962222083,2,20.858401055430825,70.14447694926571,238.58181798395648,95.59974884707718,5.69426995617128,120.66606425233233,65.28411364412658,10.873637980074337,4.128622673358288,12.468832927067677,6,196.88506257896358,0
32.91347802583774,1,22.236863045079485,84.08123182758197,289.19688151423355,103.31849570723692,6.183843516956029,48.970130284653436,47.44750862549738,14.023119545543391,4.572341590131706,19.104060170737466,6,165.86784277947643,0
40.90853735649013,2,19.447396103374142,70.18133428156166,198.46790043305995,65.89024671158177,1.5,23.139006990853535,96.67164345120875,5.307221114610392,4.397807419049815,5.0,6,127.61897245672442,0
52.55118425012792,2,24.074749243872592,77.489168387076,188.89357149820202,163.45012132785004,10.08977815766314,176.87473594148022,45.676596075826644,20.209223350540604,4.012761615528119,49.079228824199355,6,257.8592475101767,1
51.45881525786011,1,22.669025775840442,89.08894189540365,249.94314877754599,95.90614877813661,11.855712125002208,58.28597455018298,40.3920657441297,23.096974345406295,3.9793670164451376,24.053182463851744,6,217.97079052216748,0
42.42342411522131,2,23.324044954221684,77.405817922541,210.09250625828307,101.93378465872057,4.99654291286132,38.35349761447002,60.6230817834005,25.380868663949393,3.956927370644368,27.762712149752748,6,174.2378627772792,0
35.41620997275022,2,23.725528506382766,77.20313036388414,284.0960852113784,88.72045056344537,5.736789400907235,170.51076353497544,30.030277448759733,7.90665483072145,4.068283991591037,9.354582926853615,6,244.45784133571044,0
43.11761096100349,2,24.088493725461348,79.74612139434656,208.02925692951408,84.72704347994281,6.174625615004022,39.795443324219995,73.87444574044467,13.658153737174722,3.706946467513618,24.328387018424493,6,165.66846406023595,0
32.62010254956183,2,21.183140416127788,75.1927675131001,196.6333634308539,88.95670130985381,4.88566737625693,93.33551071088388,48.874814526687985,19.025963833532767,3.7283681848100385,16.884490666101435,6,196.16783658271837,0
78.46958676817472,2,22.230233450507,80.67454784671833,144.77754069357752,120.67839650299229,8.690476983619,67.49712818283037,82.81265245317782,15.048444285764747,4.033794372636238,10.436490302357948,6,209.44677226256587,0
77.68699402060261,1,20.659184419014572,74.30892799719193,187.1512286108175,113.29497153874736,2.9947664008141897,109.16940375897376,63.167792143980385,19.394873042821523,4.366128685817955,15.060105370225346,6,218.13980755875545,0
45.26465469220813,2,22.949611913413495,70.01911047760859,279.47501415007457,111.28070483170025,9.261745470082671,95.04925585622294,61.18467379182591,18.66477614432607,4.05113363696719,17.58108722172301,6,223.20437423804515,1
65.02079190155276,2,18.91425964814451,67.70744755317932,111.37250212476742,124.65078780928991,4.537095187225782,70.62829579215101,76.46882484444608,27.8739378513329,4.4421831156917335,12.297286864765795,6,161.55575662484014,0
28.558647615911017,2,21.672978934454108,73.0317259207554,249.7999228277057,81.67236535966981,2.00620824772765,38.48635127144954,98.6718116603074,12.867265258032175,4.364336880697367,16.039429372541093,6,171.1578994855349,0
63.030457385616934,2,24.37884768939576,82.92320145741013,210.19450667518734,139.47041171902845,17.82779688844999,160.18313203115764,44.515611722908325,29.11086143992346,4.150889928731269,21.518293831585698,6,291.25737383114534,1
50.73670663060585,2,22.65742082123083,78.30322882915306,403.94606163487094,80.41435947651995,1.5,67.27595130351582,63.125071168817456,6.549102333785073,3.9046954493372517,5.2491338843308695,6,174.77653885156133,0
41.14718983168102,2,22.552627684110416,78.36347846475088,287.98090547399937,85.19010952455419,5.383690469371307,68.88647809912763,75.96922275559565,15.315248026536358,4.819234970203359,18.19681823469224,6,197.453950206387,0
47.477149648327085,2,24.204255442480175,76.20117891985453,122.07860737271854,91.49976006300066,3.659186035781833,44.47064946555287,87.9617130376194,12.602471423252286,3.684769067790757,7.5241187126445,6,180.33631646565436,0
61.15251078985226,1,21.619445072237596,72.42028533801631,293.99666479635306,99.74421601941538,14.678563646138977,93.73610258890967,33.733337894554815,41.63112200302648,3.8170448216683313,30.227171204312178,6,239.72745182970536,0
49.34545215970781,1,24.9,91.84499119138852,301.61219928059046,101.6065634106847,8.250570525611348,48.598600791851354,80.23767388728074,15.578870385768077,4.5766044824620415,15.498710782252996,6,204.5183921371594,0
40.276284229766915,2,19.95198995873738,67.31139389903078,270.1531841327448,115.70230760612115,12.059673272275242,31.398468985550235,70.72827186613495,8.24514671849054,4.033729113811884,36.46031799867053,6,165.50051610408772,0
45.47873114789217,2,21.389555941612226,81.65655922543527,213.58111858281592,83.95970394377127,4.985683272601879,61.79228061117735,60.365111325804335,19.65900288485858,4.571720242248743,25.62795791625091,6,155.85097335187922,0
61.996541185806564,2,20.23366830667603,64.60918069960603,213.9297329435587,114.34482433078665,3.5998051824570285,114.55279820281108,72.3899408455343,6.757058506959455,4.083260553298806,10.458512938691923,6,174.48832029324382,0
71.64801713836229,2,21.117745391654147,77.89768920094781,200.68208683533928,132.99746875774858,10.243947794413886,94.88035807995638,66.6002525093571,13.160438082220825,4.296162208323696,15.967892642984934,6,218.34306435966386,1
58.00477432519645,2,23.193352867327178,85.8736843713644,288.34083618134974,119.3349638947874,10.919478124069943,78.04494373316196,64.24425332430769,17.343568320290608,4.062811168446453,60.87014806282274,6,221.4040576163954,0
54.182195730224294,2,21.330104683744402,75.6243349532625,285.2265164199774,97.05639585912546,3.4525334701757764,121.40945715412384,73.01551580289508,28.50412814979412,4.047303421870703,45.238341141525986,6,183.1640499766499,0
71.71799959148926,1,24.9,85.30340381323317,184.08461109267625,121.24274708305033,7.944580485555001,81.69592792248139,53.78808903458604,15.1565265945257,4.237412347390493,23.31885609434813,6,221.61486748052235,0
56.14571730180722,1,24.9,91.00152346428604,253.1432995549321,135.82314111805485,8.799275415254693,104.85211242842283,48.32548524864829,29.198142089650318,4.2380316979836286,46.235815742342915,6,220.96516577826077,1
37.00203908106478,2,20.581162047541717,63.49971864877187,290.93587357777,85.5073880395396,5.130383337079073,123.59205424274802,63.426506987884885,6.046798739287206,3.967788026511208,5.0,6,191.97641182594143,0
51.8575909189947,1,20.883250844513185,80.54512788618841,252.50134480344977,133.85297551153823,15.917559936787852,108.69089128868971,49.50340233462599,37.85263844739262,4.493997125505605,82.55050742319894,6,243.67290449901077,1
50.84562421139767,1,23.748629358229355,84.369707114816,241.758217537243,121.28619796406078,11.777296321586373,57.39884197621482,53.422120587093474,17.206412307349908,4.429293645188504,19.878429612745613,6,216.80914258166524,0
32.118793499403836,1,22.990714852114632,87.2701296278546,298.45619174282785,113.85450839720353,12.08668064371464,101.83083743094748,67.71255476280663,14.636569500226145,4.170559073861598,21.964685228400505,6,225.3314526757897,1
60.72951952137427,1,24.9,91.52799289795949,345.0553198899185,135.95253262703332,30.163421816470354,253.3409291194287,30.149601257338986,16.49510274153405,4.09506736547935,28.556868498682135,6,376.10636641444927,1
32.943532464324775,2,21.985881018004086,76.13061775923474,295.5979700719917,80.58149349093483,12.259537373590716,116.77296082749466,48.40168991301263,8.917614470335971,4.2849382409946175,8.397511859921032,6,235.4034345160897,0
68.58274979651466,1,23.468113161247917,84.13871925264289,231.89810276185202,129.72269047743328,13.449120828635955,129.6041386684391,42.60601627606643,43.07494983191633,4.39862304701514,32.99759465176704,6,273.9040249199659,1
58.38954486368746,2,20.864714184856897,77.018395312902,242.1316926266181,97.18298313069914,3.862704997831152,68.97604286084754,59.53207661294436,10.068223503297803,4.337331180562393,14.900619573765658,6,173.70458358954366,0
56.138921166748126,1,24.9,87.80870096421732,180.56925179794507,96.93434782534342,4.422958334814113,146.39916474557614,48.19505058003995,57.3177845910554,4.542575403010276,37.60529777448732,6,243.36406272505337,0
25.927356310344724,1,22.668958661787222,81.11587122336014,182.75811064236996,93.12175925178698,4.156158087020006,73.98362892773378,76.01482246794795,17.221906346044385,4.150491753860886,23.4401540250621,6,192.9014720984362,0
39.554742557306135,2,20.258400165630192,75.03616242469431,225.50831108185213,87.37665512774034,10.601233992397882,45.75457747386357,102.51337699259459,15.843201676247729,4.228457366902098,15.351612944058694,6,197.74674950894135,0
57.77296270757214,1,21.1453103259848,78.3695792768466,220.39073560309242,114.20407842828982,5.952072179698956,150.16808676944189,44.897167110596754,25.29976984511489,4.120738350863934,41.910170270841625,6,206.80008361696994,0
80.0,1,23.770613563841287,91.9870952073451,163.87768826580316,104.30337414337859,2.883247758299806,212.4877513316867,51.29799440857465,36.118813488394224,4.371544420322027,25.302360465937657,6,268.8438928255282,0
25.961518826818235,1,21.794984851767094,85.9959230734822,242.0281064009043,118.10052170314245,3.923772549682856,88.82354770475112,55.83505368872737,16.10310538735032,3.8954675985870413,9.475392925052203,6,203.86310417154567,0
37.23038026273522,2,21.819742125388274,68.64131385531253,206.45605493449673,97.74579811925008,2.614494720199554,34.91063642125587,66.90531630932041,9.022231184106621,4.383594511471731,17.867911030736483,6,155.8457151229234,0
38.99853528615347,2,23.273374039696275,73.7443889221638,315.40016835394084,93.0835160417643,7.762892525196121,59.95577122776465,62.01322498996469,8.9273528146574,4.176596401485503,7.980175093205327,6,181.88385955861452,0
39.44269493492866,2,22.397848542913916,75.26306277981116,175.07167130217948,107.16409240169885,11.830022390534312,58.78842133207625,60.2795337365221,35.41264697372726,4.504071906927572,47.56507874727938,6,213.1716874739095,0
71.87364191466952,2,23.46211685669477,78.87699367352997,275.1404931362532,121.77984505447951,5.629663786668214,118.04742264037002,62.36536824125389,23.69448432997845,4.443662419397525,41.598642775548825,6,217.36653664870806,0
59.91526405960924,1,20.60778016030688,74.4166507015124,238.83280217771244,123.27696815560478,5.1629419227875175,127.74943196014806,39.61598211618714,10.792062229733842,4.201300103172644,9.103094282101802,6,209.75016613219287,0
52.36877182035443,2,21.45067600522239,69.89491559071193,279.8657517864136,105.59192207022754,7.4686042738924305,37.34820326375549,88.97910261812342,23.719393329685815,4.996171527010313,20.189811984300658,6,173.32663115716628,0
22.674190632538746,1,20.536493947878032,78.27499459897201,295.8254854422631,81.1480823392476,9.111338918180072,44.96824724857345,48.85968061712006,7.375055145302677,4.27611639756179,26.859016876553916,6,170.0518717374857,0
31.930149371467188,1,23.742223869957282,89.13305562159564,148.1568934681761,99.63481686581018,9.329103356182804,68.18852640864155,71.05031840816503,49.91461031450045,4.38572212622812,19.814810029755996,6,219.24570836565144,0
57.26711850608977,2,23.297065842345106,79.50401723647424,276.4706553136983,131.80435584119098,3.690471531101964,98.12925977501973,49.99821001880769,13.540499350661966,5.027682192629074,9.750768150396004,6,199.0065928644863,0
50.601420159115506,1,24.65846619318905,90.46589219134151,189.45235896791377,124.60143752554903,5.179997097208373,112.03450749464862,56.95696260049941,14.184426375162484,4.17389768612402,51.12103667026754,6,229.28328750879305,0
71.73608665988559,2,23.244151827012224,71.817506936383,218.48994288260397,157.09115124320576,3.861396678709182,88.37153742400979,70.82906377410143,13.506791097399304,4.130607390807594,28.663824516056305,6,177.69625972753641,0
20.0,1,23.25903385436507,89.9537603460193,327.04989965716345,82.55135122871805,9.749659911646079,108.37931967255132,51.5918752759577,13.90191711525984,3.931365768701984,20.365628655491122,6,229.89528605263035,0
20.0,1,24.9,81.40375431066009,263.74163100573867,80.14838641358025,4.504917388740979,42.79387168125435,57.91033433981042,10.166886954953876,3.9701394151623393,26.67986819903591,6,179.07266443453642,0
72.44137350289724,1,22.475263061462048,84.02915059047265,213.01124091373518,114.93796105050419,4.764897939791641,67.00778668201293,77.8538790333998,25.94004670677024,4.647319594795694,21.047956351947683,6,186.16712193434446,0
42.5432271857419,1,20.886483477447243,79.72726140033303,164.84419651542373,129.64166699668908,4.722274389866164,91.4214235525846,66.34051374360632,26.139242243731353,4.265817156030329,20.043954984871917,6,193.0375696186564,0
65.91518193309554,1,23.109654805922236,90.9236647776102,258.3477468618951,109.99477449879244,3.152501577098996,148.76449275174812,36.0843010220087,27.18458055831358,4.579413910442341,37.303507029865095,6,248.41216787005825,0
74.88743148703881,1,24.79219782714447,91.79856843061027,313.6728548028989,170.5730381068935,18.75354265824886,125.03022182905272,53.28853859265156,24.74585812310203,4.226502892846884,34.2856599248538,6,265.77490442831663,1
73.47165415799833,2,23.046740350863804,76.2457980022696,260.8240997540689,143.5952908268311,4.955386404594739,173.8377697419296,52.63230480964008,18.62419720272921,4.117547274800712,32.375111188061176,6,241.06045097906318,0
80.0,2,24.03182322286429,77.09215108820464,313.0952925391937,136.6165866876737,2.936106253674161,125.54169672197239,50.37228911273014,27.998696535037432,4.2471570652342825,24.582345822275652,6,235.20458080912903,0
58.33477957186343,1,22.81702347859498,81.37288462292966,187.64273934021497,107.70584116697269,7.4969572200618515,119.43359710454007,67.44719968662157,40.95911437231678,4.189075912126801,89.92727500428104,6,229.10578904009802,0
28.331825965038842,2,24.153362565843288,73.55903409559888,304.93526329860845,98.4237804219519,4.738845765872411,77.77124564570808,66.93769196872296,9.812494071944363,3.6138744078539196,18.35381958101273,6,194.9572339079548,0
42.3950904838555,2,20.824231997501386,68.717155581041,293.60097462358124,99.77411340244444,3.796531996934077,42.72115968766364,65.86176477923655,14.686185850264492,4.275444430601867,6.621589084250377,6,166.01629119146182,0
62.42175946434486,2,22.59754659899141,72.32946335514019,337.0677984081006,105.08412455338622,6.178401490624069,49.92835612757856,92.58080584993478,16.03782547183737,4.57760632364337,11.05717979249806,6,164.82274512665293,0
59.642857349840504,1,21.581509698658493,83.2911058615189,231.29592717254428,126.73861317468507,5.985616290272071,85.77408898618586,51.753992684720004,27.993902477799388,4.07167830463156,33.37178136672703,6,204.39285080567484,0
40.80857076792574,1,21.87268259507355,82.00911521953381,307.09045885722213,122.1901554151604,10.510126942370695,58.39567809715292,50.14043681350445,18.16171751738725,4.2974829730586555,8.596359168236143,6,191.13283800901868,0
51.05808153936362,1,21.372699642189744,82.60850738282335,211.90023063088051,126.2432216160296,2.6626968510958027,139.38047899011198,65.18296505326767,17.720409951574197,3.8933184285569555,63.13175961315783,6,237.10385661318955,0
53.3801208681008,1,24.08353595598551,77.68780195297957,255.77245720291464,121.7871996471534,3.813360079816047,59.18846305503224,82.65703499900472,33.8761009121053,4.865614878520748,27.54915046926087,6,175.87331329733055,0
80.0,1,24.60849635911765,77.19134938272249,242.82504257816097,170.31994328147493,17.080788161369963,116.8886969565478,46.935960870343436,24.026149769035854,3.956248819134749,89.41365205159788,6,255.83492782304046,1
35.86967772105395,2,24.20864309067542,78.75727699981219,216.69147000492816,94.46673692534178,7.986868992106996,59.95643346480859,68.30690187458893,8.993267908142313,4.259464132398631,10.150023185040476,6,175.99093978622247,0
47.16215100006724,1,23.584944675095812,84.35331040049215,208.90236580937167,100.14590170873895,3.66508158244487,30.459167017205257,77.53355344600908,16.17667718012288,4.894308037012745,15.452904593583735,6,176.09171809802385,0
22.299214071783997,2,23.829020328739535,78.05394442282969,219.94989468117203,127.38651138636054,4.052188616134098,116.92251856111193,53.5037952676828,19.88508330653805,4.197194561277398,53.45364619277113,6,219.54418811008617,0
48.681659172502556,1,24.9,88.04901763098827,248.10514248042273,113.04969794477817,9.105264736552074,150.7820542390736,48.59785244588604,40.17263157798461,4.294163251219736,59.851137367796525,6,250.9526615501173,1
47.28150667995958,2,23.184440992782797,79.77238067718989,307.6320498155142,113.49991378823586,7.71202382353329,52.8356441082973,65.72312719308684,15.507129913926509,4.742343103754123,10.484374963795052,6,203.56388431097588,0
54.32576361466665,1,21.16074670667195,77.29049356006838,267.34954037050915,111.38565117510221,9.474121740423332,73.16363260959938,80.21491604843966,58.2822559573094,5.567625555763016,20.018543558471908,6,210.69007488132266,0
32.984394570135535,2,20.029293609674003,72.56490295522254,246.17258793420805,92.8252598560088,3.759447434955617,118.42727020613849,58.20700446087312,45.055321680518844,4.500848209162221,50.175766085580335,6,192.3702003575819,0
79.0181850219791,2,21.816202097518303,67.82594691876145,256.5084503619666,117.66933946163087,4.112482157104715,77.35062652276783,65.78583490967402,26.35986445272553,3.999606059611171,69.80488927954201,6,176.67420518303248,0
50.05782453048828,2,22.810638686664298,70.78772358330184,350.1633445907296,133.07269395257705,14.678323394879696,90.25808967904364,44.6579730632671,17.22228411403316,4.61443374257366,16.812214007813242,6,242.05345291684685,1
25.58068194635688,1,22.93080869141271,84.9973830648408,175.30309250779834,113.13595917333197,28.22320259899195,81.86340197584195,44.98684853254186,10.209414792863674,4.165446015956729,10.868543226787297,6,287.31945013806853,0
58.22650222947823,2,23.06035591130415,75.38635888180148,131.720622095117,122.65614512381374,5.787423694538676,71.2952333081838,69.19689419855621,22.448807357142872,3.4587284460886614,21.241104579194424,6,177.81328625577123,0
56.473655348178404,1,24.9,87.81572134557723,136.9124418045064,134.5609698737532,9.543220687026889,95.27616096934544,51.79049225788324,45.31472446862122,4.244971737478191,62.949298222433825,6,248.5652338688195,1
48.19915849719727,2,20.74279641251629,71.3187135883762,220.25948722218794,74.99315631043835,1.5,70.09914135648722,63.526651655182114,10.640156565851312,4.0498183878526985,10.531776284762424,6,168.7368114208491,0
28.86000015119723,2,21.474169176324295,66.3888939326566,376.8559986889617,111.26784529240116,9.593483381738691,147.62167848583417,47.10541756806229,9.97225172737858,4.478414840944262,12.58876915482745,6,217.04498067544446,1
63.438160873544135,1,24.03671337589538,84.6064783157915,192.6147147127256,101.18063263489574,4.747058679317061,166.78176966803267,50.254843184720066,68.93436785947264,4.420149962605394,60.73695668061364,6,228.43896298561125,0
80.0,2,22.940750360486792,73.76192678293894,280.0347519244823,114.66312237875258,4.712889096885405,132.0842231279818,74.46318291203357,5.0,3.985422164983865,16.371999496129884,6,226.31520031665522,0
37.10043735693538,2,21.77444378361018,69.04567767824128,309.8723321252628,117.65321164603617,4.295615657040113,65.98253515504818,70.82611996302744,14.066603209478243,4.6642988243750025,11.535941687089368,6,187.94183323919975,0
53.05106277389761,2,20.869935765672878,73.97728767332478,244.14246415926507,75.5246905535243,4.048179915393887,31.35711714237712,108.47721716910961,14.185361691898574,4.073879655159631,16.337019291521035,6,167.6610853993201,0
26.01699368819295,2,19.68661426167978,68.75551201115631,185.36571082724774,61.6295570547051,1.5,40.75130425860754,63.31412596773168,11.959090516697303,4.071377251765424,9.81901662054512,6,134.83001889876687,0
60.875071833847834,2,23.21121073373313,78.02220562103696,346.6563591684592,99.00258167160756,16.29964055263983,106.66398515753255,65.42611120972826,16.76014758013167,3.9672919837955165,41.29749948995448,6,234.4517728350294,1
46.3009276252068,2,22.243452319362436,75.62585172903162,253.7170826392379,94.4632676355811,5.750155811719673,30.282123975583595,65.74253004192796,34.5261182200748,4.585476800450213,10.33207971180569,6,153.85264927612332,0
63.93813584459727,2,20.830764836662375,72.40793083530029,249.8313620700728,125.84200951670566,5.927857941446739,63.56939406019411,59.44647110739378,12.295053030565807,4.030549245844606,11.148027570321243,6,170.52034658666005,0
63.5384595595347,1,20.3100860189596,77.34551099278332,263.4736784534439,114.01195046144903,19.42218555830629,119.24678665697428,45.92375209074916,13.163505571103022,3.765867926308236,14.241794510402103,6,270.97397052644106,1
33.52079855980344,2,20.769244771116448,77.29084986330543,293.332857021219,92.364974874855,2.2938891806068735,54.42230980409924,66.49944575277459,8.491947036910398,4.1815336131191145,6.521752500068308,6,163.78627546836998,0
47.348919203419,2,22.150555007053413,78.25930309587474,262.809206084581,105.333203394692,2.6242335718504233,99.09134445736369,57.490278989537764,22.3382901228614,4.698284943208123,27.496666656901862,6,200.03916389915867,0
60.11801264311627,2,21.83955928231436,79.17932809953291,135.04420116849008,102.9634015602865,6.386766954388212,66.59198190017561,78.68271731296424,14.22123411981414,3.492441131283036,9.850831227050492,6,196.95006336306912,0
61.540797245407376,1,22.602360475395596,81.79983516828082,220.5590932566288,105.34380365526206,5.502009992950298,129.16354383606148,48.26595742792905,19.203772927672606,4.886061617897074,15.062366305855416,6,221.90389154297753,0
33.86944911758444,2,21.64176958938844,71.0509119286949,243.9336661386319,105.53589765799217,6.534232813352628,36.93898811932296,71.28148516095686,23.530841865961037,4.0998212894277835,30.36231616813691,6,164.00472986470308,0
37.339437138050926,1,24.387675221374526,89.31309239399197,261.4141030813317,90.00018253457502,21.226174272578028,116.16495603527936,58.41177511160857,15.863182179577766,4.434974579062495,22.485883930138655,6,309.6721666714219,1
22.00064369248124,2,22.94071085836251,74.75852463677849,299.3779135858116,75.77347389439889,4.194703170571372,63.476142228157656,68.8095322324253,14.722823321409864,3.7934761394937597,12.190319499045032,6,178.31834104779205,0
75.41865594528863,2,20.576124559140524,74.21474202117899,155.5089135920541,149.91327932226665,13.541238601093744,107.6758149000055,44.05623262854905,33.36901974610064,4.22311950167291,26.856793732389676,6,232.26378833512706,1
27.142141747057902,2,22.087979369605847,69.05878694226838,293.4375874018029,91.48431479288693,1.5,24.024514009840704,73.5123665427637,10.859890819644209,4.386755658161722,21.472115029422604,6,141.74604083749952,0
45.15356516986052,1,23.365645500807332,85.65322782841815,213.29846272788689,85.86230616909957,2.738694906834856,81.54652039515379,45.4122911495204,9.06451471562515,4.116543520553137,16.099309631110124,6,193.90609907391507,0
71.34123945845795,2,24.9,86.46107988741834,168.64643690446928,135.31034967394103,10.109214893850552,145.0762542675744,52.90484169572218,35.44071568564258,3.9796794928184154,36.09746154585382,6,259.0182221300784,1
51.49380525169689,2,20.79335170291019,70.82677827234774,303.1405896956763,93.91264723282505,4.711335765774395,80.54186832407551,50.9406691520836,14.364028379062342,4.4375713582913905,15.700988425338494,6,203.47012578864988,0
41.58502368748393,1,23.076875011130628,82.46868285896379,206.21404697496757,87.65236644347492,2.901087460568034,47.73971917139971,54.28227579904293,21.218717435899954,4.212867694711141,16.41375193753099,6,188.59260843556973,0
32.589465593673324,1,21.507902719463,78.4205697568207,278.45729122562375,132.72424809855167,13.871065051143992,82.75082142922982,34.09340404868516,14.16294040722739,4.250167381558895,21.903546203156267,6,211.58923942664103,1
35.471668086253544,1,22.016368828496752,80.64821792767829,172.10075121157683,95.80917464492143,7.230032633670884,63.431356749791014,50.63028603917697,23.608529684608616,4.301600502476025,9.433141920448369,6,192.85654699141242,0
32.68215202191901,2,21.358911763285082,71.7048836459737,278.31128458029497,99.56926456652678,5.566423016055423,68.0214658818118,50.36885798112424,16.89821438266286,4.427459645914116,11.867471169858227,6,175.99032878939826,0
47.62305553490608,1,23.546213559680062,90.29306225675448,223.6168182841559,111.70548243401039,5.6522435381039635,315.8202087753206,33.867357853291985,38.28360959130674,4.27060730392167,76.84356952746208,6,310.5005130831071,0
62.84071780159476,2,20.930661385762594,81.01492011833201,212.2637946852486,98.63317100736582,2.415415649126233,53.506987650503184,42.285782729183836,8.46990053182342,4.027732502591961,8.241269774506177,6,151.7212130748792,0
29.492683105486122,2,21.175185129023667,66.64243152405416,178.3564158920882,102.11121364934789,5.4114967475045646,70.71726136529706,43.530530377259325,13.222929208245262,4.57199999759986,12.47995587469286,6,182.58742318866967,0
23.756385696515895,1,19.134566844459016,81.45186799582072,256.38802848909415,94.13951661766771,15.025547689631475,45.744825656658975,75.55823321069745,13.759724036000671,4.368046694710925,14.018373048211162,6,205.2537880898744,0
65.65831883681439,1,19.339017259958617,81.71305626651775,171.01873080862066,134.61140089058782,4.273759129775647,198.97407367942031,59.18135208369009,7.335768356122433,3.9913096943376107,12.278435001353257,6,218.6941100296665,0
25.061704828501544,2,23.861916467188827,79.87426704655849,218.69106052375216,103.74806313027891,14.04302133204986,70.39455326731233,82.49146128441508,24.418151861740316,4.68331112326131,26.804588146406772,6,235.99032189376913,0
63.676145062497625,1,23.767253292041023,85.81863410510596,125.45056903967829,92.9698909544016,10.00730231092611,176.30734540448043,64.76293163339838,17.652886856000176,3.8316989098370002,33.04317474442844,6,271.6894187273576,0
46.88166775546704,2,24.9,83.12377644822706,174.3462134964997,118.26376954648454,12.267972724756733,174.79003525766615,40.46569637244621,51.983910726513884,4.0729308417537124,45.052134371836395,6,268.81776493438423,1
59.19009991990715,1,22.768094062941163,87.24881328993601,297.23166097432,133.73128766903554,27.07168880547745,144.07480684529054,39.48774045603844,18.729032208778158,4.915526149330168,26.606905571774874,6,329.66733026410765,1
38.3921359857207,2,22.308128758917817,74.2521801964624,220.6846685470968,108.18232546832752,6.456944620919267,105.62700762015064,52.52629701876871,12.834961698167843,4.031817604669511,26.913160268531662,6,199.48606131743847,0
37.49368038605985,2,23.934035565642237,80.61163155998696,184.2650916368189,118.806816427248,8.237232573138288,234.3138631394283,48.38729952723776,11.241854998858,3.92419213721519,15.394300675594572,6,269.75143529964805,0
46.712026881222585,1,24.834343775846218,79.60562027945974,266.8913057630273,140.92757921306207,10.477085983931316,130.25516725388258,61.747764088753236,44.30437048721981,4.335762044094453,59.71674952908329,6,251.9795317921655,1
48.767354264215065,2,22.70023683102213,82.20789463290271,193.87488327880163,81.47169647296315,1.9992521747739522,70.78320587914716,83.14171635289617,24.30141875794516,4.455914946691341,22.372126634299182,6,167.26381349747007,0
21.17882977700355,2,21.65835276034297,78.84350155563745,353.5464366124396,83.64489412731245,1.9808679823445363,62.46042277510895,66.24111513956484,11.980863372239824,4.199501074110181,5.75741852189224,6,199.16541798260377,0
67.29489497958123,2,20.127426777692705,71.72073531226522,182.162786984345,96.56347129419139,3.1575260081047873,27.192706215692116,88.8615536526182,15.646246052653664,4.170778986406927,9.135749660015664,6,128.99697812004516,0
43.812551737195264,2,21.453666669513186,74.01359877164685,226.87134763482499,88.92240901980962,3.0909948941040613,78.06652273041715,76.43134573767229,14.460196361458083,4.198116498546269,49.53320955870454,6,167.68271352554947,0
49.87649167293547,2,20.139067093922563,65.79328993337296,279.76318568312564,130.4477179365508,5.063987966380181,71.99054339410439,55.12411170899343,7.032258830114755,4.158665622315402,10.612887579426976,6,178.37751072310851,0
42.87384436349171,1,23.87831335070045,83.73783265441584,179.81513586841498,111.92720683306445,9.161142180086053,149.175004483112,51.89126613813234,41.656882727232095,3.936427310414379,55.05401649965201,6,256.33641031042265,1
69.48774384149529,1,24.29440490248657,90.0721103649595,260.639518484399,122.22719229884663,7.208065155588093,73.18300007692127,81.80210581133463,31.54177979036567,3.9136283112991372,123.9718738619108,6,225.09226810818822,0
20.0,2,20.911365088167983,76.29999286169502,312.5533318312697,113.29473124482543,6.03065063741615,66.21557221067702,76.71397085459924,20.452273498022766,4.944159043976131,7.9322447104453175,6,167.7628296864718,0
47.216332786372526,2,22.324041059282262,70.51369955391901,123.12493340107092,109.02021869806823,6.925772732261486,88.24424320757699,50.73045383213113,9.816359562415336,4.031663549602478,13.52973639011814,6,181.60531014233928,0
36.19716998271063,2,24.132727655504794,73.04538820660225,80.0,89.46882681505605,11.257386318141348,32.31101372398412,71.41913617575302,26.75565531694491,4.330925912028751,23.509312977847326,6,204.59680147469118,0
20.0,2,21.814103069303055,80.05032129952309,282.75090663737353,97.90701454393252,4.492540560395632,87.54841162131419,83.69714396758917,38.32452359274609,4.696016256285607,67.75682268054952,6,191.93770308433554,0
61.31976499267433,2,21.660074160031797,74.28182486070571,158.47230028909814,99.30589006766014,3.8066685089512005,47.656546353421945,76.00073486837076,16.67799483313635,3.819260375536978,33.176715004838236,6,159.2197316418724,0
50.4367841526124,2,24.115321316535894,71.5855133449763,130.35696058406276,153.2066036918477,3.9825918877267528,85.08276891842993,71.09185275523497,41.127493452750926,4.6192849274161425,48.24121228097379,6,201.1387837565726,0
61.69773767717295,2,22.50544205084592,68.13465339283835,168.96022977589337,108.08959019114043,3.5190220307803615,82.41728531146909,55.30158702353029,31.04252591106264,4.184387482627318,17.324274766314286,6,180.51122631163776,0
80.0,1,24.43030197545477,85.14023580610018,131.69521150703667,175.63938366469756,2.6484505014461073,264.23441654224155,44.33152409266829,32.131461136626015,3.934119975587089,99.97009212944927,6,276.56026924386697,0
45.83441742999908,2,21.063424914777652,70.14745718214108,289.94576354407974,103.87316122050622,6.490811577692756,53.83601392747198,75.54723135020534,10.543625451537203,4.0701874692512146,6.653446567206226,6,191.7126572056061,0
60.355556583186775,1,23.018507837531498,82.80714987005842,179.82436506729545,111.47093203498537,3.363950248415789,98.26692992921494,58.474383028003274,38.14010085723367,3.999857106786059,19.781299583285676,6,193.35753426677212,0
53.21490772151723,2,22.1347478685099,71.33299310851707,199.898132906768,116.64093220034401,2.176185688441048,45.342716881130805,106.12651477655201,10.131129755136168,4.349390692681384,10.895432096214577,6,143.62895972945435,0
39.02022579774041,1,22.849791862279282,86.71416537774235,147.13610092753134,106.62849021598834,7.327711665939588,77.57564645919436,40.72377247934172,39.42980187542384,4.191849411831018,45.64624670541703,6,202.26091776092326,0
80.0,2,22.711707283135517,72.43174235297724,215.0039781464295,119.23069543288503,7.702227565791191,500.0,52.0891588993168,55.912691107685156,4.1078180748097735,93.7787557083046,6,378.1130642024546,0
61.290096496598,1,22.426951335425777,86.01439458420477,280.3019550992547,112.28841018654899,6.087044125679245,206.9185061844294,38.99574036889739,26.001861639084563,4.217106001623613,59.58616450641479,6,272.29658593284915,0
50.395377115519516,2,23.191155541359237,69.92686509813089,270.98628631611695,130.97639334264554,1.5505680263933384,68.94208332853889,77.9267352009204,15.096402108510192,4.391987199904669,28.586020124461896,6,156.20726964036632,0
80.0,2,23.23934942981902,80.33797933291825,278.87200867089405,121.56867153110088,2.0057240827270366,66.60471952671422,62.69706288641015,25.72034171000386,4.7807675928651925,25.789458669064082,6,203.58348322520408,0
44.039795084986416,2,21.4175753265088,79.89166282890687,251.40721922609345,110.48944473496738,14.039017959734359,88.51719663807391,68.68007734794713,12.938742569151303,3.6003976122790866,15.222392326191606,6,229.41230849184325,0
46.56987180341091,2,23.256740990218628,75.73669218324203,176.6575491098984,57.670713331937876,3.2671838328263374,168.14100762758747,50.80831671771693,16.232920809106286,4.448872171270516,19.31623445490044,6,233.1150018119345,0
34.06003997000886,1,23.969456518783137,81.64098438581105,285.2241802248363,91.3764914262698,3.0373053941402754,82.0709143101246,50.97441705098751,5.898232065704474,4.149843903872537,5.0714162240207505,6,213.98068417166579,0
20.105939556432162,1,21.322746832971568,78.20531880267643,284.3094169058422,87.59061715851871,8.995906883173117,223.61670590606553,43.028483750592244,9.114333323965928,3.8510458338745774,12.47598385619173,6,275.42848302426654,0
67.98866174140696,1,21.8598966296938,90.58886594983936,251.44526833266374,146.14247411884816,6.226827085591304,88.34717491373105,57.779203905987444,38.286453925034294,4.461474160678465,82.49861446679465,6,223.2268170833674,0
31.400787379590234,1,23.487972885822142,90.31235794762131,211.93287004049446,100.18749501657612,7.092921024129062,91.77841482043573,62.734763205771685,17.490019083399606,4.16055959054228,26.787136971418025,6,231.20149166909658,0
20.0,2,20.704873488055693,67.27169229629149,177.7023921210676,74.53487386386816,3.910927279508222,65.59724910734911,52.07840795669624,21.256965694910683,4.308940549735971,10.96700818602231,6,159.93393252779865,0
54.36041277648528,1,21.928885964228005,80.63026327814082,301.61387620729175,171.2540664605418,4.858228820410352,122.90300185605857,50.60014014003006,27.141438795957054,4.370349654802044,49.520637869930034,6,198.98374838929206,0
60.82253406620918,2,22.699696536744266,78.90213070252238,209.2177049662181,99.71601171794082,2.5631012379933233,71.93138920674274,76.95610512573133,24.585380859967525,4.445197703932892,20.076331698914462,6,180.62185413098956,0
67.97364979671613,1,21.624901148634184,82.97421306134171,316.16208582870433,119.8148869773861,2.962229401391099,249.53206895566169,58.2698310297457,31.271615901238654,4.403667497073747,89.17198749727655,6,263.1441234605237,0
34.991964710623755,2,21.031663687046603,74.130400673966,342.93273905804705,77.35973218775453,2.089438385842174,128.60876624154153,58.921159290252724,19.292479087128545,4.290827648755317,19.111360716353605,6,186.4398770761571,0
55.2605051707051,1,22.966160495360096,83.20207347320274,207.21971785802066,79.83281717044733,5.537355933123619,65.96126162568758,91.9092284071261,7.61329763945279,4.1922538588339995,14.815488602900396,6,200.2584192715305,0
38.130442008376896,2,23.761743580885312,79.57674413768522,210.11449849663822,118.0139115005381,19.066929647229514,120.97882031552163,43.139001239448916,16.46985697261817,4.449764932294276,20.052216712955808,6,255.79044147667292,1
80.0,2,20.20220610564968,74.4301256095014,222.3859795596275,118.34673789526998,2.639077954774914,71.71193916684634,95.32570960617703,11.567390539018527,4.441129680317226,33.10749030328786,6,167.16155506369756,0
66.82889627654357,1,24.3356578397965,90.38183400185895,191.58433410285215,161.13836901564238,9.913933158419033,110.82552327873015,42.06776850525198,44.265503179090466,3.9506538323131664,43.13906211938023,6,258.7516614053651,1
50.387645386586705,1,24.9,88.71794346628393,256.3403964351704,118.66709982443827,17.957470051099907,228.93876076628385,32.99732587065986,43.956508985962124,4.429949607616974,37.67694434115307,6,350.3149493193083,1
53.99126875076347,1,22.434585138345486,92.58671584886541,160.24215091061376,101.66683109881127,17.6692020777497,71.75497588235613,50.21474112146015,14.347278217694422,4.127051610464475,8.529142943270278,6,260.06819305169137,0
54.21236788428013,1,22.422224878606453,87.23841469815456,234.37690891026966,129.45599995724214,18.946216344283254,85.55806903419196,43.75272789484072,14.833050845587227,4.438410298058383,13.44730032558809,6,268.48036096163685,1
21.52060661482926,1,24.71669169490969,84.33264276225559,211.76233377573408,115.81921562579177,27.120736275238134,60.83660288285614,47.90560787472433,11.012829312839655,4.4567493937369616,6.0669048002238055,6,300.7002590256342,0
61.272990890314624,1,24.775995967611276,85.18790773566496,172.16026213044418,108.93662990897909,11.786386868117651,152.0242630990352,35.55604630304242,26.886333874079206,4.252886733038285,17.941109833786662,6,267.819983001565,1
38.58005647954987,1,24.0484153172309,87.36266138096882,166.09369254390728,100.63079092695817,6.501370791770291,253.0321160193806,37.620131274573374,40.86495678564769,4.12853200876411,41.63781400063072,6,282.06129942933006,0
54.67788057627069,2,21.699958135730395,77.92421599605098,145.36179364162234,106.37371922217375,9.25518953502223,72.91968851922816,54.85681418669195,35.06161571972589,4.413879444812353,23.835591492715306,6,190.81540851969368,0
66.20207851792647,2,24.9,87.62313651945878,261.0937139190677,134.0087137336058,10.747814352568714,135.95832026230926,63.91247046873056,23.349377095930596,4.024407529677722,29.70745956215599,6,268.0292358162454,1
73.68280589020999,2,20.378437058834436,70.06703247831187,275.16855193758016,148.6676295849431,4.500668843541306,165.73414111043135,47.47419006149294,22.725511556350494,4.143302840590147,13.788629117567243,6,234.3165243414702,0
53.835566324392616,1,23.375142977527723,82.33696913988379,223.63166165963136,133.79411483056813,22.06753785509545,43.03214742507097,45.35181023133256,18.72777229101669,4.266090578553273,13.417817473637292,6,224.93778908528103,0
48.97405438245739,2,22.997830993781065,72.40969409653424,286.32406513123675,120.06263080518796,15.755973050266347,121.26137081810711,55.49321989886725,23.24306865958795,4.012623666380669,29.94011884228062,6,236.47572367574224,1
70.76314783761823,2,21.841301643034406,69.05959528467041,175.99422892588322,133.4479125107252,4.043458661546506,47.86741745961632,61.50222592364776,20.003649233977328,4.109066492690036,45.10249333229562,6,144.0390593622737,0
59.45882648557857,2,22.15089361366643,68.87257674046336,199.22660992203075,138.24856003931603,8.091858109285393,94.64419966988173,47.3661170229462,9.555160377511163,4.140021564146974,18.08515466158192,6,185.40250639105275,1
67.84597774186163,2,23.784910651244488,78.98807669829245,172.97001061698472,108.9000266460689,5.461629559323957,137.78269645858722,52.424211745147915,48.299106327247905,3.8613221494090464,49.86818511445821,6,209.27459980848496,0
80.0,1,23.94291165488364,88.40843220603888,148.08022649996298,120.62773313171611,16.75450201216199,175.30983556535588,57.22364451257835,19.3624014562362,3.5185278754995544,56.96750152575009,6,295.15822394907747,1
71.08427474273068,1,20.72651720273875,79.8261258190284,190.57851865324292,122.78367819777108,5.641155176291541,94.4950116594656,53.42835447025794,32.56973912287449,4.31335939603289,25.449684170950103,6,208.7532114360183,0
53.32007041274264,2,24.60909062428744,82.79635438494138,212.73920221981763,95.40819901537614,3.153532477172119,133.19762723859782,46.994709913222465,20.990393782469724,3.8725291796903387,22.099272646362582,6,243.86761472712436,0
52.42409787760494,2,20.78365017477305,65.84718981350342,315.0724053240117,92.48525753935334,5.830854249896965,82.22221474763582,75.56662178102789,14.031757115309867,4.4312029937359005,21.09034561643214,6,194.59075872135935,0
45.162270510354915,1,22.307704482032612,88.60802331234603,183.49136534602326,97.95726812260305,12.709519821646614,63.824862772446316,46.73412406355885,45.64554480301931,4.0603980307289405,16.05989283606314,6,212.40635629027324,0
20.0,2,22.65334916951979,76.44913751128598,195.23236745699427,93.23354979657351,6.126093287290983,78.00895989261491,42.68493949511328,9.738550056884302,4.103389214574913,8.542969323430912,6,176.45590398989708,0
54.422079603900094,2,21.57111371459674,75.03634397610577,131.42908482815875,105.94638540404678,8.304075776480687,50.066967715945225,68.988073979805,26.223178176672548,4.244790725355976,44.495798309372134,6,206.37502796636568,0
20.0,2,20.709710617917885,73.10796538696907,195.31531390849707,108.2210366363257,5.897603959142231,102.22190269133577,74.33941083525735,25.666180000187,4.1063753974472,18.38766785399395,6,197.42999424292574,0
73.90340662604132,2,22.03069779027534,76.02562882444859,263.2658993709009,110.42883166894188,4.8788640915483725,53.733484656289875,58.60742465573292,11.340302030640531,4.163016584407419,12.368716573858388,6,176.55628164595728,0
72.63865727143747,2,21.45532305655553,76.89576410101598,232.45577976517777,166.11572916982107,9.139115232268601,100.32262246128286,50.67011409058457,21.648261650751163,4.371857402085068,13.980591050626694,6,224.33020872154108,1
28.129853118384926,2,19.22902051488102,65.64113009995329,128.83327116190938,88.86775642533469,3.379988534069057,20.0,104.4732712944403,15.08691618678963,3.949146477347604,23.63177840283489,6,116.46591369666918,0
60.07572447355033,2,19.94432741275302,65.55379612133046,314.3772894584386,120.66830598792184,19.96155043147171,130.33644542873273,48.11120127773918,27.178650876645367,4.109090138830702,64.89356389926209,6,263.9353526778723,1
38.81378593424291,2,24.549306108807794,78.21743981105939,270.0413120908675,110.5123191225565,11.932169354903102,78.81357593094482,49.555624540532015,41.124325883739765,4.168472580959722,32.937677403028786,6,208.6886214961237,0
45.28009803027252,2,22.617363469375462,77.67051227845873,232.54548485777562,114.82577896760245,8.214940757790359,49.96790295990164,47.506787761276684,10.372099633812585,4.392290371131982,11.235184554857948,6,159.49197421497016,0
80.0,2,22.43685311876477,74.67455696743772,315.9458361327015,129.10113751978832,3.219233216643091,160.49796784629402,63.276406400418836,13.527973568170303,3.9883081486252925,7.7060102123025995,6,220.66218280955158,0
45.25405921773304,1,24.13447958629291,89.5341175742816,184.02081751266104,116.05662043216655,5.00009582001048,33.12560680054082,119.89321302912492,29.54332846957135,4.031944394834037,37.286795788565456,6,203.66733907903216,0
49.66226572798284,2,23.46878247910527,79.28804804711281,262.84082672271586,118.68628603457287,2.6859625911596394,56.723274587044884,68.61767521910615,9.136576778038656,4.218777022850207,40.012233032527824,6,168.00066504690398,0
76.70571929148451,2,19.56467644777853,64.78857932825505,223.13437765628248,110.72314999391978,5.998345703823195,109.73986592123606,54.68066221214538,12.701054188569982,4.331490037614524,5.191561956815735,6,173.12216340340862,0
80.0,2,24.119559415824252,79.56716023158016,250.1221380096866,157.06806439344376,7.134780415806099,101.31220587260252,63.96664143224489,15.084423912816945,4.515677708443985,55.500740113884625,6,197.87487315323517,1
62.58511432952716,2,19.035062803738693,65.75823352445616,152.3598294611119,101.38260640881948,2.2374431893859525,45.09450277574479,119.44502369381753,8.384813099068133,3.645909090443369,11.343436277875425,6,158.48875390388287,0
64.03596067167014,2,22.25118200901289,73.53497630771535,232.84005384733584,173.14347111720843,16.668134216482937,135.6988416801989,53.56618993719116,24.85694835969901,4.279021256196177,15.4582110207006,6,244.1406410237555,1
60.39811513737635,2,18.5,64.31526733508322,163.96016667200735,78.8853858478144,2.4382694098035893,26.97740163553101,106.67629757039454,15.752565937350262,3.8393693352007316,13.142437362393688,6,124.77281249200361,0
26.57202252352529,1,23.339775986937145,90.88627232897423,243.7793096776047,129.20853624385677,8.99745246597112,103.84513925292539,46.705847105679105,9.404267779573875,4.568470424882534,9.68904512878453,6,231.87958966537664,1
21.537978096858225,2,22.345238033816777,73.91534068247911,284.005392269895,94.93687824892461,28.47066833199271,90.93057708687668,50.08154301760912,39.36182551470132,4.248632437062404,47.59625905467381,6,264.15488045575347,0
55.953713489392264,2,21.77582814921853,74.50278792220675,299.6349346594602,88.346825077952,2.885514122475584,58.907876279795715,53.48194876430616,9.045563388080643,4.0970953191828645,7.675181222630363,6,159.94474492537665,0
49.38887000397587,1,24.027407920747276,89.21782194054646,223.39501296115668,89.87214572016708,5.428549535750114,30.890476258584467,76.825936820053,7.1786631155167235,4.465980117113432,5.8923388537561285,6,180.1374993472812,0
35.38567799622329,2,20.840238845544434,71.46813437829209,277.6113234681493,87.5245514118109,7.051092695733449,73.79713070338208,72.193264436116,12.163297070746646,4.34584189363357,6.2859603514226,6,198.74571323932855,0
72.17123418739273,2,19.301023578828264,68.35432671719931,227.19309680025017,80.51433766057615,4.4047893736997334,70.0288566104583,74.15156520552985,7.323120628372773,3.648244012881802,12.184986485870764,6,170.2246599790648,0
54.09366262578219,2,24.78162168677858,88.8462246902299,144.48182600417164,88.87120462403004,5.854917957713822,82.83862319962233,83.12693390733324,38.56852382285316,3.881568288331781,23.87017025795187,6,223.52085165630007,0
73.64722881037878,2,20.095038484163055,69.14802657472566,204.484515053035,126.6709269036258,6.811921262068379,102.3172622109936,65.94069702150225,30.64034393167898,4.35007026725969,43.67125584450287,6,193.85719570549023,0
43.88152960880976,1,23.06267394192638,87.04637048560001,223.58248561338425,103.61540140219691,9.85943196850733,75.46001734527236,68.58579515625938,20.302744179113464,4.239985495466849,25.120583712329218,6,205.4979223785031,0
28.8133368981907,1,20.639558878254288,71.65516850892142,216.6175653180647,106.18461293365777,11.278396986622797,66.32462392715249,57.12820259439502,15.41232935865067,4.124628821056585,23.528306844887886,6,205.2574987123274,0
59.43495403661302,2,24.191644299482558,74.35222248131137,222.47245748492395,129.46814100119607,27.455291884426934,163.79545182830603,56.15219946717681,21.745604237766095,3.77424226167021,50.44297411056102,6,301.23640732881853,1
31.41821094589889,2,22.335432790023656,81.14717272871987,182.52777717064836,117.84503815778446,5.832626109431551,72.13468641853895,52.136059411868096,15.11695113399661,4.206981707198511,19.40104483049919,6,196.93360331168756,0
20.0,2,21.176631154166174,81.83099084239043,242.44722460943436,89.91878928149369,4.096658897933638,81.60266689750611,68.09707392844746,9.18136481579036,4.313636714476938,12.409872309714194,6,178.9864794005325,0
35.743060217504535,2,24.05314423559861,75.02006129816263,198.05530223260035,113.47164771101137,4.719442027767197,71.4683927865119,72.58266510278197,29.97311821231584,4.7282906284783595,18.979294681805072,6,190.12765619646927,0
32.84070016714365,1,24.035479970392068,87.12249501224946,240.3721832253317,67.28851211294071,5.2938403219290855,93.98780091098638,31.065103037394984,21.778606915087224,3.983458941970385,17.381167780017744,6,205.9728413212158,0
58.20310604837606,2,23.710234356241177,73.99491700128007,200.1529135798756,106.55792787728926,6.122999598910881,64.02505678157137,79.2353360225833,12.764992342965177,4.167169777139379,33.33588365896342,6,191.47204695592566,0
60.036735584566664,1,21.49269174908326,82.20689995409484,178.61336446165302,79.02566290971211,1.6648727682324496,35.681726353307155,79.39777354268128,34.371837678147195,4.5245517166170295,33.17954077415027,6,141.72130930513407,0
43.801128612862534,2,19.32368392181769,69.24078376216177,212.55499895450836,95.87394625441588,2.534329226111795,44.64255008499559,63.144378204386236,30.578441089217936,4.193954064910213,15.414085661524407,6,137.21451806059414,0
77.57756575241606,2,21.685854780961293,71.73318838910343,229.0727521802703,110.15197111430949,9.489244876641699,54.098809672300376,81.24207193664203,16.08323514276869,3.8395963093709864,18.351419840246965,6,201.91505116086654,0
50.26569870000916,1,22.571740829528814,86.21547246065359,138.06839326024675,112.99389348116479,11.39038928996513,81.24562689791921,60.46279181229643,39.64028378048867,4.339270320921025,14.908289966201307,6,227.54892674939072,0
53.606273199241045,2,23.359281568029637,82.1334299810103,226.28864493723776,100.13310403266871,14.357529444967817,119.71327498920103,49.26308980210117,13.897412460336763,4.2456679953018,7.8385413129574255,6,251.76721907658683,1
57.93265294628665,2,20.628996664771645,73.44926302236021,283.21241108455257,131.70889680236593,10.13661213394928,84.4842051408721,51.36442393945485,31.75618522419354,4.027992135822134,29.131481374920682,6,225.32238219792558,1
52.68726777520915,2,22.669474873075984,80.82532473660841,254.04149877050747,112.01863658257625,10.241348789501652,143.25020315309163,48.868129661429904,23.246418160747478,3.7924750802215255,16.821866989366658,6,249.546185044594,1
41.31646237915903,1,21.41116742354251,82.43111741196003,331.0324904596763,109.23723518597845,12.059467467924518,80.06435765739607,52.11286965927381,26.009773172171702,4.271565105785372,24.94526626089353,6,226.19574184323113,0
57.226655342764055,1,24.13496824553438,89.86126728803563,241.36816719509125,107.85379021239174,4.606086503209983,94.086678872074,36.881657572141386,11.46989531661504,4.17311830393829,13.075810436299566,6,216.1599456006034,0
60.73533646504764,1,23.44185637487116,89.72603435970011,172.73820578579375,120.01544682327193,8.441668797957643,113.26118579667128,48.26011721923906,22.843276772706396,4.729181745192996,27.880179861394023,6,258.4464888936804,1
20.0,1,24.9,92.1853655768321,233.8624707387269,90.0432569213038,4.5392064823602025,106.53313500990238,49.49830618519371,18.287987849690253,4.3478501811514345,30.791006040866723,6,222.76542981602094,0
75.36033215010039,2,22.44426853119668,69.35399159040746,133.30688855303936,125.10075558127097,5.798120507025938,101.55617012144903,57.41052922815871,36.68258362837561,3.9542195174456705,31.109171837278154,6,212.4217736772573,0
55.69309847766166,1,23.89428509231948,87.07929946263246,144.8260393194917,120.58968670106127,10.639004269079047,31.334045762692448,80.66829576788993,19.89802998467378,4.887184352670727,31.28631891551468,6,205.19368460153075,0
31.719794989240413,1,24.9,90.38668994413726,231.670252863558,70.39098994632805,5.9597216633189625,114.9225179509187,45.57076350421981,7.054687075944281,3.4796891534284295,15.548593259521262,6,228.01007534997947,0
40.26887720078234,1,21.5859658457036,83.115340446559,210.30337623198238,113.64585153878804,5.863611495022284,128.7506564883105,53.15992832876627,14.090712891022608,4.38826821103357,12.928806970906894,6,197.40314194651586,0
38.72876529610594,1,22.102924670337167,81.16511128407629,225.38559739240634,121.41825231673417,7.048728319286738,135.36714877352,49.19383657843604,31.59553829585652,4.263487577824741,22.026862453208413,6,230.22509928676016,0
34.26953648525209,1,21.927437641321546,81.53644944575886,275.6189745617101,66.21119764477051,4.066778348445624,96.31306368986445,43.341301295266895,16.332463218721674,4.11240616557619,9.81517497823973,6,197.57933870056266,0
43.50466490307216,1,22.14220399446184,81.7996015110245,214.2538893675302,97.13679181739747,4.147467224933922,128.9040655019518,59.225419155698646,15.656982447834778,4.209856240182956,19.850536850707645,6,217.47802408236424,0
38.345889084892264,2,23.435202104792257,80.96177145084083,242.18161666803834,93.12236275007614,7.156351641564511,149.55729556099428,69.59263555736278,12.88370776505519,4.39520371336693,9.12522347371776,6,242.18690223247512,0
67.3123881791915,1,22.29516275995576,79.37341679676084,241.54898010244594,135.42468732981493,14.24703170504425,121.24924475714818,42.849503806500316,18.535709980879858,4.734918579137305,14.39196694154328,6,244.57095816557054,1
61.57091228202643,2,20.79426469364517,74.93097329607573,261.3011183687164,115.55586067905908,3.6125262829089153,40.220705495882434,58.85023061406204,13.34387777204221,4.103568912578721,21.11404091899348,6,170.1341223609109,0
33.59396953766856,2,23.76063118493778,80.12431119662581,276.3559175941887,90.98094339935383,5.32287542604743,73.60380915024612,60.621333237570894,13.874231236486967,4.028520480938067,33.6364509362682,6,213.28281950616437,0
69.69057275952962,2,21.475088240606638,63.53162581418702,355.30499676559987,110.34261932487004,5.994791625704557,114.27522774224244,60.52525547186185,11.919669340240173,4.030473949157287,12.860814754305986,6,195.22867202182897,0
62.45919227472167,2,22.364934058775308,76.274298202744,284.61577483571057,120.00859995787435,6.9227305784157975,108.24603868083763,53.0904127266629,11.483384578981982,3.691222611229419,21.448881134784852,6,211.56674856553713,0
36.506514915307044,2,23.908275905349278,82.04708694533527,298.72417618687706,100.26077332932353,4.746421877152901,64.30957084148929,53.81908348800907,12.441157082011031,4.448244986786239,10.112654335099489,6,195.59027321184342,0
56.28407639333439,1,23.491825752380574,86.10811572565851,206.0865018403752,92.19869361566622,4.668658564032728,106.81328901951244,54.609994519053416,35.252542593968556,3.8512982285380897,27.271403621906526,6,202.77546490564004,0
54.03898772768686,2,24.295772490267783,72.74860797052864,288.7326482131055,115.1447226939959,8.452737546057824,129.7960996226424,63.125216564224196,24.702439693143134,4.414967365103528,38.91456472812158,6,240.34609412497463,0
30.02859343442906,2,24.70197151106256,74.35241984945222,240.11383950178313,103.66520307991864,9.981488697368896,158.78546896002447,46.85692460780911,12.14869445250138,4.372931310582038,18.759901799690866,6,257.07584594916364,1
20.0,2,21.665206579965435,73.80254691085958,280.3179119926134,61.609184097889695,3.6706955436271893,55.86735001759279,84.16562849518289,14.691463367136745,4.116609955898122,13.876180536776284,6,148.65741218353762,0
64.66771370088563,1,23.019705686841615,88.20332095208497,219.8010519465411,150.1515561998924,2.571568825491538,129.15863612576538,58.55453860171935,20.447540542384015,4.471855391670037,47.878631430032655,6,213.98907043914582,0
50.456578060272335,2,20.740204955833867,71.648657196149,123.55227093344067,103.66510924331972,10.433585269647237,40.44188754145581,78.70781037847537,13.627571105818996,4.49698284440504,13.011254332423357,6,180.22651209413374,0
78.0017759846989,2,22.28272042796414,77.11426815838607,237.3843481112654,104.64868533149844,5.035212430491152,175.83663237399819,42.93910322570987,16.961176250608982,4.048796939519798,24.29249532848001,6,217.53791231277705,0
23.854356466192552,1,22.775524883556646,82.61970904694576,239.79490348575735,95.31628268892624,9.676634749712015,53.00486084123062,59.98827180584707,11.971278488116008,4.468641356719466,12.894782628555019,6,231.48623583885052,0
58.063209026210544,2,21.848688281573164,71.41396173787912,293.20939815848396,98.26228432236593,8.32307016792904,194.425311482595,49.1610561031719,18.506634005334377,4.411262638153968,12.249985888400053,6,231.68694343626248,0
25.035092491535444,1,21.88209797430857,81.6363507281937,240.94891973993813,87.76463057566255,12.721189374782826,113.3612476915155,60.34843869623712,21.789396256666805,3.860791811575857,32.57393964553275,6,231.42993890523633,1
35.610570582199,2,21.772618400625458,65.79076486093024,225.6568139596392,70.6288937869768,1.5655659940924274,23.051500326238855,71.71285331056475,9.702304241470829,4.3765444956704735,22.08100197835343,6,133.00128554104106,0
20.0,2,21.980110491976905,64.97854972458441,283.8825532383336,131.1278728013475,10.95755882227781,27.887891769192397,76.0156762389604,5.0,4.345964166288444,5.686719865137539,6,194.78918126704275,0
20.0,2,19.894487599158946,66.45047407609809,187.50111327978888,99.55793988254602,4.361180721718486,48.177374259227186,60.199465848927986,11.542138437773984,4.080851535334875,11.550603466152841,6,166.91841566627562,0
76.08807478452358,2,22.676106851459796,73.21220318496772,192.10992905836196,137.26263641895846,4.33439455903416,122.10758133026604,43.72189629057765,29.512721172442404,3.9452827499573053,62.13949494278291,6,207.75800121030676,0
58.81112098073332,1,22.97789503060259,80.25791228876571,207.29338346836647,123.13184410081573,13.604050943023006,121.30364975594995,52.03883239647208,22.40467524109627,4.296068559255658,15.86443272221683,6,241.11733163364082,1
20.0,2,22.24305946900751,72.96332447329485,291.5985246892668,66.20820101330438,2.183293771010536,91.59800876952333,47.09734996572473,17.818308334010958,4.441628819122361,14.80742298113041,6,196.75890814243937,0
49.3840503033143,1,24.229846419623794,81.02453809257443,251.56669911877844,128.3001624042162,4.599772735861011,53.160685180485885,58.56554328426248,11.480166230018401,4.048403287975069,16.251497307016923,6,192.03420189650276,0
80.0,2,22.625809177845586,67.06236110316362,134.78458345250328,149.4590790535548,11.70915161900991,94.18513062096538,66.13823462945928,27.149592080273926,3.799043884652571,31.407359112404823,6,200.12874229314798,1
46.967030784548754,2,20.902691218095626,71.48186633468795,257.3458502688802,94.80076986288036,5.200754030213268,92.21193718662161,46.90674462176847,9.170100522225018,4.139690381267809,5.0,6,201.29736141858507,0
54.28439705630042,2,24.83885387238273,85.39627287466416,80.0,144.85266067847797,3.615755513148765,112.14974086179619,39.68776312099497,61.47862351859452,4.501067827838727,68.236940488441,6,227.82444318031867,0
34.09171777495983,1,19.21792849999002,80.95675533961332,198.4593290408597,110.38562324108861,4.792526162093204,85.76955317251316,72.05768547911107,21.38669116796826,4.166144801751229,16.609227296349278,6,205.94851276963945,0
54.60367158258564,1,24.9,84.29683798933426,315.5484224510438,125.44143223588057,15.739442690667891,110.43142641310347,43.68366171746173,39.06787495680129,4.351125618694329,55.72022587722514,6,259.39514349666604,1
58.15345416066825,1,24.234856936410498,84.00981664997967,333.9677554394867,95.63586966671409,8.059742564566191,112.10044381792386,55.00556917906358,9.372319855984117,3.9706983875668125,13.702189834598242,6,237.3446089521597,0
36.76603942264738,1,21.126039135091148,84.7721937640307,193.35113319452435,92.70033451101985,5.416807900857444,75.86380714723046,63.44255812642777,44.518515523341215,4.331586337970948,58.7583741845056,6,191.79255360294957,0
72.32864248437764,1,22.04031338612433,90.73431789038273,194.11526155712102,75.06947491451623,2.6480995801717686,59.852394153561754,81.92504204022971,20.701358463760627,4.466589474089012,20.698000593947164,6,199.43783560377435,0
32.75611017874766,1,23.97587380047903,88.46176119333145,151.80865188787766,103.58953494860043,4.218741547297247,56.70748817674363,91.76296015068043,10.077083380791576,4.39782430381121,16.284850460639248,6,213.99186480537637,0
32.080668454713006,2,22.160728773087584,72.53503531533188,230.89549656269267,128.81130616404448,4.7928178731755935,169.0331513072445,48.69512746135093,10.657892716917383,3.898302753762412,25.82187484056272,6,206.24801551093097,0
57.94659955413619,2,22.063901048432506,65.71740395568875,161.96335951086405,88.97981071012042,6.553612383926329,79.16549607693628,72.87490207469072,30.30504228028347,4.101131990158382,12.287573655642577,6,166.37330764146859,0
29.78824604861628,2,24.9,78.2937181962554,236.76456826411436,91.41111043455442,6.184545657155843,122.0216143297768,46.93952199256167,17.650761802498355,3.7540477369740124,23.77534135391928,6,227.62396229185856,0
20.0,2,22.842289321326135,74.54269559374384,256.539990322896,93.5819623862067,11.69042008304452,108.39921031387293,49.126261080416434,26.018030819081275,3.95005201403822,13.347614731250879,6,231.13484197581724,1
44.001485759439845,1,22.987621884092,84.4888026384563,146.2400323299455,78.15527138635494,5.021457033647486,112.26598565995991,45.06029983716473,32.666464495140985,3.8879540632647696,18.933187127930218,6,222.70051408972643,0
55.30452230168606,2,23.553638642823636,79.51447655446717,196.75646219030995,90.4970744244622,4.636602109940384,54.475123604170705,70.59805400047847,13.254107300670137,4.238786187924338,14.508170622841076,6,191.24621720947243,0
30.614370239169457,1,23.27965850073378,82.986424314121,192.05982456251883,130.20629321089734,11.537077347463564,90.71964254921701,50.821661136024275,37.738340794084486,4.671816783638661,29.127886375862328,6,231.18032371304702,1
60.923656905831095,1,21.35037229306581,81.01515494404916,222.0820946092236,105.51968470550284,5.952945210432255,105.61221611282753,49.40182815925614,25.443221641625314,3.882866240001259,69.42864473882625,6,205.04843580325706,0
24.448242879381176,2,22.760147232967995,78.13283095821852,171.7099614734439,83.99619645782411,10.718060618705893,36.330426248274485,50.21884963286741,8.80853519590518,4.012834599257377,5.818983211356429,6,216.47574732723342,0
71.35810478256136,1,21.40442022296297,84.53134500166554,204.49295533387618,94.70353021620414,5.762860393212203,72.04050014440219,47.315836898920345,32.80672361557676,3.858069816852314,42.001013082565436,6,196.2159865415709,0
46.64808842879902,2,22.908876736700147,68.00736575805918,252.18306951955998,110.47276615686452,8.015989377049722,59.892274747904224,49.821250321790394,6.21776152400176,3.833163528324017,6.206248035335394,6,188.53512987755073,0
20.0,1,20.145377568926772,73.16225959945845,314.56850861301086,99.51551983614479,4.136882129276039,207.52768808508245,29.483800266760277,5.758114957704853,3.6049389772877634,5.0,6,239.46732049367245,0
79.64997688019947,2,22.228342800950575,74.81446017021507,321.4094903628053,129.64683175925146,9.01550581359128,52.36791766072689,120.0,43.65659163720799,4.6633176795114215,65.00363928109876,6,172.46607136553266,0
48.35997395133728,2,22.721963996705732,74.34696459140862,164.2977264894272,103.98788637773376,5.256645611907577,91.2590010640712,53.80891368112736,19.962940009584123,3.993675457174184,24.50724464613716,6,224.61967489758854,0
73.90706746406099,1,24.10541987320061,85.6972929133563,106.90694633208759,108.48142696999992,16.450333745683082,101.593255410317,50.72767365551536,27.477615407865045,4.189262863683912,29.533877571991855,6,246.35205067622726,1
61.57449882737987,2,20.468004514922484,74.73124701419896,213.5032491702456,116.00298450872953,3.753206029827581,156.08496326220188,52.83530028792698,10.819460466246573,3.5681320422704657,16.25717011757346,6,204.18699855971713,0
37.36979698621041,2,22.759530069168207,70.72358541932797,236.041977516052,98.87597496675016,5.705483945670978,133.56512641054798,38.6041223901461,28.291991736054683,4.283850497825457,39.81359938474903,6,220.04469835236102,0
67.04910266092385,1,24.243466311964667,87.1598387513217,237.88489862549432,99.9072486936978,8.20108862506768,57.28679740857227,56.47497376768372,14.279477187932685,4.485811630807536,26.087193010988496,6,190.77703079747891,0
32.67564165876827,2,20.393316268518817,70.9212887130797,288.74918914732086,95.9144680228044,5.68611845518681,41.731208259237526,77.9103833751004,11.968992702080184,4.337679741296157,13.496749895748586,6,171.03033459707495,0
40.78809985058285,1,19.59526054887272,81.7730307041698,218.45989763856838,106.48612403869193,3.719160774097993,51.641741542239785,90.33447764550662,11.172489933845517,4.48466929297416,13.358032443511961,6,168.65289291393128,0
50.91373114309107,2,21.941497097325648,76.15595632150921,286.2919067212897,102.01683976180539,15.707505233087117,57.0161105809909,69.51713374610542,5.0,3.7895917982164042,5.6776590232576805,6,201.09189860822107,0
39.445443640028806,1,24.891179965886288,86.39710393248593,238.68959757215396,117.44951174897407,3.3116948663268304,76.7288144223974,62.91610446130961,21.26850908271446,4.288156264773418,31.910933633965723,6,199.73239586673637,0
34.56679258397,2,22.89280156488662,77.2480530785913,232.3985868258664,111.35702199590324,11.707965282289239,61.478571998702016,87.07146109952009,42.81685897840861,4.723815108288387,47.891826110539604,6,205.46525254037982,0
45.952455083089134,1,23.42058230345172,88.15579250167218,163.112718798807,135.59535744819613,1.8712776714738506,55.289831593499216,63.41204658238655,10.298069925822572,4.034339693234032,16.57311539760102,6,213.3737023632495,0
61.19997880018522,2,21.363388050398385,75.05246540293626,213.57957984277857,111.23885807385462,8.875815003269143,203.2894809426728,46.521284747461976,22.34809457794831,3.935049441409785,15.01034988456895,6,267.5689345665535,0
21.7898418431867,2,22.391130799043555,68.87886739493491,255.1172530094622,79.89176958701097,3.8946936839317696,58.0217402047365,45.91455490598327,8.551581563061989,4.609655582143862,9.865823366362655,6,174.67387145426983,0
20.0,2,20.90735884008257,72.05512641996098,270.764781848397,87.61151066951331,4.860401033037881,39.12885984779953,56.04439273579236,9.111182287118417,4.15294865681015,8.65745146171284,6,162.01949571814217,0
47.87916564518371,2,20.68550206740687,76.02246611945742,165.54510883566468,94.36902231345084,5.232644328042035,29.125530280431263,82.66866476861338,6.046782043277302,4.405846723462774,5.772496266238669,6,168.86227956107368,0
40.58610375320653,1,23.62996570342871,83.89402270596244,169.60516176618495,98.84583418551863,15.452791622938998,173.5310259509861,62.92509383387576,19.921034362558178,4.562039448522199,55.100519557575616,6,293.6291150954534,1
58.052541048446976,1,24.60113984198008,85.9578736177301,356.518905782515,144.25990627813636,32.43120007571202,255.58341470622372,42.51072485287582,37.972746232605324,4.527182536015801,48.03384911196685,6,384.14905480294414,1
31.761892429011805,1,24.9,93.90576178403155,241.78541430661124,86.07341893086084,10.018295745966943,99.06135669611872,44.41896010850763,15.434312260844038,3.788524262740313,20.87124001504987,6,247.86815989011396,0
56.69734619274717,1,24.497177943127937,91.52190256361254,159.32682606144527,132.87755770948112,3.473117609984401,66.03732999006458,55.89520526976424,21.979428728546534,4.185737463464159,19.770231532781978,6,212.18929509091157,0
44.060629341216156,1,24.9,87.99039478848579,199.38621416768387,126.02249882352163,11.325508817073773,129.89027111775675,46.58708909637453,11.178872375439823,3.8302164210903697,15.339026374805343,6,262.8432481195888,1
43.21525771625664,2,21.592986023921917,71.32345946535271,195.9131226842102,94.52171882122974,4.25404584070744,36.75920346139075,73.80450230741855,21.52226278079441,4.248004502151954,22.46561834818725,6,160.57443367412756,0
38.854194872580166,1,24.9,88.42185858523003,217.32628530313727,130.96699856367977,11.714552382449524,161.63567011159404,40.24285460599611,18.858861736057232,4.0702158803250175,12.245859371741151,6,270.02973801805524,1
50.12208914944909,2,21.884889517070146,70.52169297184805,163.14094011677392,89.15970167134931,6.695438399605124,160.6109913460866,54.47659154756284,23.556698351559124,4.150477018762766,40.38621939939881,6,203.32341099927046,0
49.24250555593554,2,23.548593138701037,78.3196395498396,269.4567449002054,86.4942308099575,16.205067899835228,85.85330814637527,71.20060786087316,12.174700422140917,3.9958292460455063,13.31240305240815,6,234.49055241035876,0
80.0,1,19.628476668398694,78.01892689291985,196.28966380610422,109.77834158316476,4.449644885528089,135.55723246202726,64.26718519809552,13.845102951961492,3.921117679842184,53.793836898321885,6,221.01427853650054,0
20.0,2,18.987095990393755,64.94668965738718,224.96634214767442,78.62898926270225,3.1649241399762245,38.29607371449368,58.38790205254349,5.0,4.0911901102325405,5.0,6,124.3385480665429,0
41.506404102989094,2,19.751044743546906,66.06580113020877,251.6885096549332,88.56769335134582,2.8994666282465387,45.9089605748445,101.6747522045487,26.134046381732514,4.1292160115759335,32.16936517410565,6,146.2722600416166,0
30.681678917748094,1,20.35633588132144,80.95819534583708,133.1849115593109,98.67653659362931,4.202649882570397,40.44055048909334,62.24520813945938,14.823812307437462,4.725305414482294,9.825026038842665,6,142.06068839660145,0
39.597243253806695,1,24.9,81.291854050317,352.6475885651781,112.82619025041122,31.77849519887063,162.23899545541113,48.74625756993393,36.077082241205275,4.609908898777613,24.857780517737663,6,348.64051201000365,1
20.0,1,21.94638103321622,88.1751128107224,248.64644795287285,70.74311197261355,9.161538000375069,55.434394830401416,55.39458019757883,21.90261915917832,4.553376753692224,17.875707966838508,6,207.58824906322934,0
61.660094791784616,2,20.430292310462132,66.68072991773634,243.22647784782527,107.88257072060526,8.665175904244931,96.8334524088016,65.05435558228352,10.998864936542791,4.165041047897376,12.24123785390427,6,174.2248391721857,0
27.685737593365456,1,19.412106262347542,78.84953292011048,243.58733781334283,81.3048539741909,4.8873992788567655,51.85496770375151,70.07181456558511,16.741225236086198,4.917114669682963,21.24309241039047,6,191.1099136404308,0
54.131571256785605,2,24.9,82.83825008823418,349.0594399602302,82.38579647611506,2.7112439443315135,78.31153172561959,52.31929859972248,8.851547869038765,3.9224562356829322,9.759749972779339,6,209.25563069246206,0
25.668686797828396,1,23.74821017396215,82.69597383473611,243.1109061991067,77.04026686070713,2.9538115173187633,62.283907811011844,51.6500981587398,21.50424216425151,4.478406373041438,17.87712728790155,6,191.8174161203187,0
26.261523480601845,1,22.552889169795318,89.13860760534362,233.95511201914601,107.06978484180061,12.97492203358639,68.93800006900423,76.05921741000708,12.633983792159171,4.281522145910992,5.382362470342319,6,226.50170253100265,0
60.88753520400196,2,21.340552717169103,75.3929047719333,322.09178230699155,119.75884864141877,5.654494370986316,35.58086226527559,76.95410537520182,10.384668731638586,3.961790254367953,15.602670376509124,6,171.44427550970892,0
42.040756387035096,1,22.074470221268005,77.93776143029747,211.19702058564894,107.9865431439219,11.255043586257942,122.43376955196553,54.26980963072644,37.81979953127303,4.032992769154076,17.526416131069983,6,241.479707308935,1
57.81867370847376,2,21.684632867665567,68.7496709890281,288.36620229921584,106.49283246544576,10.79810810967191,130.79782747095265,66.79639645409348,15.888609743065224,4.288802051520704,20.977720064441243,6,230.14492674479715,1
38.06212120830629,1,22.99716825381916,85.99800090858993,283.5744386935436,95.79725517580184,3.853488578686055,72.56398602789565,52.441106894610655,13.630844150253456,4.21068583635279,34.49416521248209,6,214.7092682343621,0
59.40400018813607,1,21.00023318157469,83.32917964649549,232.25418962069946,108.54732037021773,12.044959633074464,95.67554054879514,67.11135332184645,43.95930576420302,3.74026701005717,63.79796946649369,6,228.07328687770118,1
53.827919466339395,1,22.22951582959537,79.41673254374591,177.0113099159806,117.0576297933284,9.41377570846896,138.53006327780454,43.49789355554256,36.54583870167747,4.517208527723819,34.08791226700479,6,224.28547347626198,1
60.30107758574943,2,22.201727452682462,75.5162385150625,184.61523156889362,130.41305547955562,12.145379691321372,66.96865497898374,49.51731538724099,20.851550303399872,4.012258690455434,13.208681182134631,6,219.73041407610452,0
43.63121219753819,2,22.789144509169773,70.28475900731817,217.64861420951843,78.77192803992646,5.70163812926833,39.48503464415586,53.94158660823607,15.40189412743602,3.563624869903413,5.0,6,172.19683246990323,0
20.0,2,23.232105688585335,78.57330943581859,148.1476905017353,82.05838916199197,1.8237480283074896,45.10911935008387,78.91178749889598,17.530005922413597,4.44544746442559,17.498853613067556,6,165.19628325829208,0
48.447799960879415,1,22.9597520058225,84.7569984511863,160.67159500216246,128.54818850868364,4.206809036045225,139.98670725322293,37.206711270198404,36.51600535765829,3.747072310944696,21.69591892425122,6,226.9297595071007,0
51.560712695963865,1,24.32302996471465,88.49825989396237,269.2245758045378,110.4395239800648,11.507070144590585,46.62766701972786,83.38124683623462,26.506918570257234,4.592192785659892,42.77720608421077,6,208.1579664463464,0
59.298787313698625,2,22.590597905973805,83.59011556528736,279.95602792670945,77.06644910812598,3.0654188173017345,41.60877234736494,78.49583520466088,16.136743236509783,4.467115835393147,21.874579194620182,6,191.09607186974446,0
26.33274109654658,1,22.03426169467482,90.91846674982581,165.53323365907727,85.50349577143123,3.1162512185131668,79.24708565842445,91.115258470881,23.90101862364751,4.564129195821943,51.46132377374494,6,193.9555850475321,0
48.67609395023828,2,22.16121286951407,79.91792591818785,185.63108187480012,130.3373686401958,13.505934511645703,77.07234702116983,56.70407348670676,9.565314753789504,4.117099345283606,11.791152318024658,6,205.15416607589566,1
49.738665090797156,1,23.8123030557784,78.92326988426677,252.72636228993926,102.37565537974196,4.26390542641317,143.3372082906098,48.070335769492075,35.18678332638194,4.097075339298652,29.369438570982414,6,232.08840891463876,0
68.9321137495371,2,21.5185607011602,73.63599012959557,270.11530798475366,102.61356052599338,5.773160263127248,75.41249574784476,81.21388186009062,12.652672402783983,4.019641273824655,17.173264193190754,6,185.0478018529195,0
35.895093985722625,2,21.17402089342061,66.69130416716175,233.31956451754428,111.94116571854931,11.320273079326238,132.85421158978946,56.744545879309015,15.763699813505175,3.9068372527239226,20.88755808376907,6,215.91252739051495,1
68.86011677790374,1,23.715046610157412,83.4818868667803,229.6816228616761,139.9787784365872,1.9995510644618302,121.66406080032733,55.883945812627864,14.626269077063302,4.7141624341961865,20.862528389892116,6,213.75854401037287,0
69.53507803035156,2,23.85117984183185,79.25014357764188,291.72528837712406,101.02052917567885,10.644447462728197,75.41956912840725,50.85234731970214,14.464563791740673,4.177283321160811,18.694791318566153,6,219.3569953379352,0
51.883973930673335,1,21.12093081725157,79.25036500800616,198.72975931584625,96.50590331214353,2.4286184553868337,109.46026196385081,62.44577264844379,57.79176042880506,4.245253195619756,57.168757908072564,6,215.28966121232287,0
53.130187641874514,2,22.65365958066948,73.87331174884052,183.689912426962,106.03602608062457,3.917944282129919,118.30122397808346,60.323378186847684,20.16169704607352,3.745416864054221,9.188637889428644,6,213.32352031091074,0
28.326962753707345,2,18.5,67.426980533852,163.5580143807898,60.30670566157207,3.301450676541256,24.399960954940873,50.989601522164236,5.0,4.260366254696387,5.0,6,139.33226249438252,0
54.63482013115778,2,23.64426380964219,78.61161801959513,214.63245453908766,133.10897510068924,20.343071648456988,50.020502388596064,72.12132681806942,28.054333072658846,4.340318669535665,16.10961271309864,6,236.79388254930967,0
26.480312791859678,2,20.543384840529395,66.0279168367404,271.0245761019022,69.40495467270493,5.923590732603872,68.83016611201366,68.57109128546506,16.634468069133035,4.138526464422842,19.27397210402985,6,164.93774249592138,0
47.18850452005419,1,24.617106140283063,82.85979787014345,185.2197233409949,119.31331263935796,5.075301008447699,120.23271691189463,73.43140023377508,34.77884954072404,4.5291501531389375,57.32204960249092,6,201.600719850935,0
20.0,2,24.557042947298292,80.17482570161947,310.32050079040243,83.7203462425936,6.00545564012187,52.65213494683195,55.403610207144006,6.811024517292088,4.502630206217743,7.898128888226484,6,188.48799082056223,0
50.27399827114958,2,21.864327706200257,73.13415275295526,171.81512647771564,92.52970846546067,2.3943039980395007,49.896653752494984,71.76537626621258,8.57642436172395,3.889758277802857,11.39455696800967,6,154.97580131058407,0
50.254306087213955,2,21.64139241852224,73.22763722630089,320.1940255424639,119.79641735571902,3.1879071091438145,32.50345200448774,81.3430824682322,9.854850744406946,4.1680026489254205,11.637316756052309,6,147.81485290163997,0
43.73420106524199,2,22.6525386105216,81.74613983319992,283.24396241344994,86.10874093554573,2.2138317671855647,94.70614359260244,49.83790845226742,10.77535511330703,3.998743822449325,16.319767921602118,6,215.05886295874467,0
54.84833565782716,1,22.29899694392104,84.09559792655189,231.60323625424465,98.86330285928193,8.18052703746766,84.39340086815717,75.48142034382444,14.5607084142229,3.8589582814469074,32.629321320769016,6,242.4413776601015,0
80.0,1,23.089798512513443,85.51792104406047,233.19455712470216,136.16562051009737,3.9328213260524425,151.82798671123604,42.83656935129995,13.696535888840927,3.9013159652298635,8.610215035525178,6,235.22355384532136,0
36.439463028784786,1,20.20022718362739,89.07807926486649,192.62016388470767,102.61326064101777,3.6943309497344914,63.32760199763736,56.00867641157135,14.96421247086444,4.382401290817602,15.065824731160447,6,188.96633782716543,0
41.26891722552533,1,22.067653760122507,81.09411552584655,297.15937801328505,78.9344879469157,1.6351965882717727,96.23594716092545,41.552622433902755,9.544251771842072,3.9648714064885726,9.024474105419305,6,198.11617416747248,0
39.37937284487023,2,22.841977402502714,76.04921737017851,263.6836117122248,74.17093624330737,6.508835306642889,57.738446662750434,63.3920378298767,17.440525671306055,4.171320692514817,13.866579526738933,6,182.24412346060262,0
62.14990873142015,2,20.625050877000195,75.95092074507022,187.9335280864171,129.9645247831141,7.235948612163592,64.78765808926372,85.65354499528678,24.783213992602477,4.296393904902495,39.94279138840517,6,168.2731332757516,0
33.8922457426985,1,20.616023167177875,82.54791627616092,159.39720784809936,92.6104269575927,5.978168761247482,153.4545159761447,40.673858618573085,34.22051073717035,4.765696178249434,20.0091443240561,6,225.91676128712555,0
31.62777249599193,2,22.79983897597488,65.2366717464922,310.38942453786234,111.14179428273339,3.4975243527432522,54.7312466157281,51.83472551076533,5.381148148976267,3.7276682166385964,7.209122820711162,6,164.96280984725757,0
53.16571962899593,1,21.13698377058096,74.38304594993832,241.65512661117458,82.11956386759837,2.036927293786329,56.8053280303912,81.0747545051596,18.139409381594852,3.8839534439144354,20.56687760052751,6,164.39381052546725,0
72.38077888355474,2,21.328655761805955,67.54512179962181,223.58567336862149,115.16693600528667,26.389362072864134,169.24669279090963,50.80247758411539,19.468881441970762,4.322413656722824,21.050566081517402,6,304.54985808643045,1
32.380452523185475,2,22.334515038717424,74.26850470193907,284.84759078128155,76.18557018651066,13.809616017809343,51.19473008736825,46.61726765489485,11.219883861304748,4.0671895017070385,10.932066056389386,6,210.6925446452328,0
45.30646765484451,2,19.77102712259913,73.63239837251615,218.50374604896663,116.2627946847962,4.059517450608896,111.15117340372717,52.25525431232362,18.19181962712093,3.9872339888751496,33.51067534585656,6,194.46462227231538,0
63.90531439413042,2,23.436438694775006,81.70034587052682,304.20033996109333,126.36229370556761,7.9333244542928245,50.429324236586936,87.22939190761744,17.23251568252452,3.97516355162694,29.387938863941503,6,195.836531099971,0
61.37212665515457,1,20.456837089903704,79.1123422377786,308.30807509018496,128.282305645819,4.374872748278437,56.34944313441237,67.013979139006,33.6337697183156,4.444779949229962,50.223928428866245,6,162.7701141008148,0
31.66557430279962,1,21.751949341922003,89.50571677826076,170.26779451640886,98.32033504095514,8.498650728066048,91.04935798318542,40.85791654103056,20.75363966417095,4.178124317619436,13.61861995230419,6,240.05103929813498,0
39.73887988430102,2,21.244987687235938,72.68804882339033,198.26789811245467,96.93488086561504,8.20934750693214,35.75634862095845,73.07216341462751,16.40169125042731,4.069809951510981,30.91327307061246,6,143.55057754168516,0
30.866110786192344,2,22.890123762770873,78.06064437526334,228.10128340393646,88.26287759494275,4.864856051732438,27.64881467698355,62.483673609151545,8.410276552967858,4.595954283329173,7.365913367238878,6,175.800835923847,0
30.474695880020484,2,20.808367280984157,72.66416145386994,191.24994593395542,83.26482890853623,4.423875160594041,20.0,110.27764079154416,10.632380486762186,3.737219833486367,15.801869618596793,6,156.5062408029869,0
23.046333640768445,2,20.81423454599669,69.39093249495245,290.2383012066655,93.95779474397497,3.7338076464138688,22.19849784746212,85.62092765528205,5.0,4.102722566313865,7.052013093147001,6,152.46311303453408,0
54.34362892547282,2,22.070864616847413,80.69446817909464,233.9711237809071,110.75681369790163,5.880316387878836,144.86697928521858,52.94228726739317,19.08466045024813,4.309082819003886,16.90019611492952,6,226.81742690810793,0
34.122839209015844,1,24.131005203504003,82.52727886782046,227.30161788399812,115.87046603078873,6.34589210259753,111.63600949258512,40.610665295009504,8.87299711975796,4.027382325752086,11.10050635579835,6,229.51399000244862,0
45.00513610522926,1,24.826254620078792,86.91560882767094,277.728855060465,114.55128236141599,2.545955293842012,120.50071707184107,69.59207678732139,25.183187957518612,4.78345377665811,21.523798978627166,6,235.21274285526007,0
51.968589702247414,2,21.711373387862373,79.55886458668363,150.9532832401731,114.37467121025219,18.00091061567592,142.02583489811997,60.7776734912432,19.60694561878747,3.8027013482502703,81.59252904463062,6,257.6365872738114,1
22.791916380909694,2,20.763764126057307,79.3989052355181,243.8207512298435,66.58520403910465,2.5200004057014773,112.18441127265781,64.22911914395708,31.264466620860752,3.6038938584840685,17.546119580229956,6,158.52459152079877,0
48.84274996089546,2,21.623146168567217,81.76487369385538,176.04087099719248,85.95686297704646,2.60945441800157,106.44275082446539,46.8816212730957,12.44471990367254,4.114106664329122,11.65298757529232,6,198.29464731296974,0
55.6838817828584,1,23.438738120568033,82.60404621653295,210.5038794272337,98.0582547024681,8.308263945552712,151.263326791804,49.7869211430368,16.37069646264909,3.687061584513296,28.266363800302692,6,227.05054658937928,0
20.0,2,21.649923529626225,86.66593203155433,238.00795303060187,92.34889415432913,1.5482061718223679,38.005989798034086,62.277498138877,12.936238126974207,4.226196999043454,6.450943694680505,6,178.64107818681168,0
51.354768651984436,2,20.466711961817037,68.28798731804169,252.60315529129682,89.12828818344323,4.174676994005561,47.83205986645031,65.4789189956445,16.15808702613823,4.109891284112578,18.65421184430228,6,160.39904536249944,0
21.744664252093116,1,24.11824703434055,92.05112700058973,179.01478233859112,104.87527045182794,5.8333206683593195,132.2179051797052,42.30025359142556,14.882852120924456,3.7965315295492594,27.569752135948725,6,239.47166373546796,0
80.0,2,24.9,77.28699672505483,323.79175166272233,145.46928924534507,13.090569872285487,51.71590697447164,90.27281980146847,14.266661210423777,4.481622049876934,42.371746909544854,6,218.96458941750632,0
45.67404157586271,1,24.319443360121817,90.81759430702749,236.60974117515187,110.85223784134699,9.392075506363595,116.89121071217292,59.660749206874115,37.181679134315964,4.497335742623584,21.89937521822456,6,235.18039728260848,1
55.723821563780746,1,21.49113512241916,81.55567795965872,201.00498600946673,90.07768170437511,9.556476924568258,59.7466132321669,74.77799107884427,13.614687733185658,3.8774512673413972,12.8632256533581,6,189.91242575545317,0
46.007320679752254,1,21.11521235236693,80.81422994388043,215.66847758257137,117.8904537292592,7.23595137232622,104.3183182288309,45.07469770766033,13.23329832638758,4.21048587359621,18.693431206670546,6,219.20501024426645,0
36.76655929595377,2,24.08485788055868,77.9257473140979,297.8043966381759,88.20524216239784,5.042923752412499,90.01029842568106,61.68805024896964,5.9486321380842835,3.572444946412036,9.01272327628982,6,203.84376747229913,0
66.70374267852732,1,22.40853168092686,89.2464690910914,165.22087571486833,112.14514463711076,10.589676132924883,57.575294874835045,80.92002215520472,51.791411713367005,3.9474205635203496,89.83837954393691,6,217.3255156988809,0
59.0764729095061,1,23.586311656221458,84.2828719766398,263.67421337213887,112.67663102537547,2.4623775180362992,41.191067050161905,65.43023245252067,7.267677294454842,4.265763680184488,13.393872283319226,6,185.67674267480967,0
20.98208404796572,2,19.122356451862117,74.64704709709929,298.81402197446033,64.40442609829195,6.064664657518312,54.60091797331955,83.28117274188206,11.108343284097044,3.935829111540536,9.458884213783772,6,177.51367169178673,0
58.64868159349106,1,24.094771242397403,90.32709026346933,192.73679074998182,117.29446727629703,9.697067348359116,241.0630356872993,30.22696018106835,39.94734401944402,4.174951360840523,28.10997123240847,6,281.5998136693935,1
20.892167188059027,1,20.26702184231999,75.28459965026492,183.7765449836656,73.60947167854391,6.143063541896644,42.5668768487833,57.5393990378397,16.1853158681401,4.772436152073771,10.858809952786993,6,182.4085468943411,0
34.650524533326376,2,19.514391867199112,71.67175414396212,264.94439006434243,89.34570881910136,6.785632840406359,55.27822360603035,72.41321762466781,18.674774533691128,4.882584713491494,20.87680488495115,6,188.61828250044798,0
80.0,2,24.000765594368218,77.64250687891047,178.8972346702423,127.8549704242303,10.566742705017756,149.00620868832007,66.90815918636838,17.00969400590809,3.8845378745014543,26.15551423029082,6,268.1932517698798,1
52.629569680470794,2,21.384279617751602,67.87128324973976,196.5258454442579,122.31026372969333,3.643778405586791,86.78019126442332,80.28951803503233,11.445997912881467,4.123540339168645,21.037901994619983,6,177.70946759370597,0
44.5803915679603,2,21.289025609752386,69.97339212829542,231.46660874377022,99.89714857344903,4.250848071219397,33.88289561826893,76.21823399193902,10.590657127197947,4.361531478571884,14.516821119016768,6,165.14661949972492,0
29.239014263680335,2,22.353868603956666,68.82122512620741,237.28859200638794,101.38540113442592,5.307858074548337,52.45053470675247,77.0451982131455,5.744576791377929,4.0555768224089555,7.392199928871469,6,169.65105138872315,0
67.14726764661637,2,21.267359816562593,75.74821319840363,244.07729815949094,117.86134168290742,8.879564873708464,105.4708771271325,60.2341952051884,13.516469414158175,4.311075069750781,14.248546462513348,6,217.8304207020102,1
80.0,2,20.98990771249927,72.55384514910273,131.0802624888584,109.55897732490396,6.944010334618417,77.53319166008096,59.461439244811686,22.73770619743476,4.078047863224188,24.546492193542132,6,188.07954304926605,0
55.478950808911875,2,20.51794245721049,67.98464129848905,190.7593011905821,101.22041735394687,3.018644358113204,49.0435880694357,63.0837976134694,26.64666368473813,4.135189777778213,25.993277008791594,6,158.73881067699637,0
50.614624563589445,1,21.70887993693538,87.38194066389418,232.5999331053926,99.0507560650234,12.232305177014103,73.74052974050814,52.437378271176286,29.96409743846804,4.375077355594028,30.44195458165289,6,200.16824779991282,0
30.66735427688544,2,22.984720245487733,77.38718409213881,110.74498186991815,90.85620184282658,4.314065852428793,174.5688023584574,57.83317454766459,17.676362924331404,4.167226304111934,20.789081531602175,6,239.65746040871343,0
29.219948762082844,1,21.26342313903305,83.76933784917163,344.9617686048629,116.48524679972,4.571476013541432,75.29295238156021,41.873899306779094,13.430080483731313,3.971309233860456,13.516665797891337,6,196.0673835881822,0
71.47564113199762,2,23.928482875448317,81.173663357272,169.65231820555886,129.70035205094806,5.213262395690042,106.54359128067873,66.4006028587164,8.686109232773775,4.250622299446905,18.08427468405829,6,211.68277905111574,0
20.0,2,21.047763498717817,70.49153518597518,340.8263709332007,99.99943258470937,9.340776776805557,107.34487930197362,45.2339979986112,14.895345065502333,4.326360405208474,20.657951322335737,6,204.11828697950887,0
42.76493523623957,2,20.306416914815934,68.4890148417978,276.1907514190557,118.44106445841149,5.293161242963295,73.66580970831428,53.561830776978475,24.77809238498944,4.561518115751717,21.686594366049604,6,188.25671290336794,0
39.617102423940786,1,24.659737146964535,84.16615168795494,277.22954736079646,133.43205396736997,2.8380559990904346,86.70443655816909,61.562706432395025,18.191487980502238,4.225683983265282,46.59407680472996,6,204.2121045729368,0
24.420275356356118,1,22.31378379404891,86.09777426371754,244.95325605040205,81.79829060480742,4.850906353312359,87.65996783931071,62.068303232526425,17.183094683189488,4.559716652614261,17.825846882730865,6,212.64568250814852,0
65.71354797985865,2,20.87251742680592,77.54265351628283,300.5177974547681,119.57699141431667,10.161626124104247,44.02441794530662,69.63191998454059,12.771180153068853,4.005648219799859,15.836906526284118,6,192.21009989153038,0
77.46606015857728,2,23.75862220374892,77.11898555942265,172.6520373589348,171.1552896990973,9.182911974643591,91.20525585936834,34.337583110298894,32.118869768938424,4.356947195560867,21.203168566688007,6,219.92807650065708,1
33.89863909070825,1,24.718979774564854,86.46822131367364,168.16180703843273,80.85452783234102,5.397103631637987,45.821834019419285,67.91201607078227,12.082939360544591,4.074584081194008,16.063383183785607,6,196.13346043801056,0
76.81244479412396,2,21.605761481113106,78.56851320827123,221.120854186829,107.17503711906268,5.03629715905127,110.91088406499513,41.8282151595003,15.727454597710546,4.721688843183763,13.049929963627406,6,227.30156163918147,0
27.034235532929976,2,20.758174656948214,66.0844524418929,219.79753812754112,71.56819751993253,1.6511384175661932,30.517496835861607,117.3242986214838,5.6075717610282245,4.0096663773463606,8.325307888893722,6,130.14809463327683,0
41.23596517854058,1,23.18076020262502,82.07283710054715,261.43032876008795,157.4879419232766,15.186447532052664,59.011044440136516,50.60967315925378,13.496668031731403,4.752648935037046,9.136308919518497,6,211.29355895938218,0
56.334335701442846,2,22.531034887725262,72.93549081540188,188.97118982323877,89.90983982274626,5.142158725478953,66.99800625419692,58.26145645554613,40.551259850026234,4.17019214339089,17.078054663320522,6,159.76440410315868,0
53.94912752185268,1,24.114758080807697,83.91577677625816,253.8181765453379,132.2974950019407,16.60967277198301,116.77211490380857,34.13532528936559,20.453976030049272,3.9491135567233604,16.699658389669697,6,258.93676806893615,1
55.93851733942353,1,21.903808796478298,82.79352252046328,178.94030095136083,124.18491883733145,6.528151555637853,72.07667529547298,60.395415019675475,29.85435777666433,4.255791844317896,55.66556989626846,6,190.22591561718073,0
55.87927182661848,2,21.755651736107975,65.60755743379463,318.1429910775973,136.67065600266278,7.069973271044308,54.308857758290856,88.66271596071337,14.118409576937022,3.8421429557655165,14.11460714189273,6,149.30599898274724,0
49.3575802885915,1,21.951855891152526,85.86034958212375,293.28027056755434,155.47587832641898,12.356968098157632,76.00425673729265,43.228443321678064,47.55101102614578,5.029153159319679,33.87247321089234,6,210.0296908848428,1
67.16442864810756,1,21.26099456156499,85.9677148217965,244.51858678854845,93.09339054639054,5.34363569318279,90.54505025075466,46.95531089299605,15.29373322087506,4.083379699933447,13.774109095511248,6,197.83512105394482,0
28.281956860650805,2,21.89324790379094,74.76884261808631,234.24567325579306,104.4455583504335,6.148573502793133,58.58766173867515,59.11356369916617,19.723641528253257,4.251814433552677,16.254747887718594,6,193.58593359592572,0
53.69250284366462,1,23.536101186880604,88.44305589884004,297.7000927767214,103.6740272680966,2.4879531149614826,45.738729003217706,64.31651089021061,18.66557032825618,4.5205580463235115,24.806446242841833,6,199.31493730348603,0
50.90023445576814,1,23.904276150026096,82.99466598283475,302.53156468595955,110.68469382371062,3.0982106545729375,113.58156940389483,58.315124293265704,12.068867498563682,4.5620471350179175,35.728502223217944,6,195.98620330634736,0
20.0,1,18.820059010028377,80.92322142402148,194.12988885325197,92.70452443107827,1.6320673637058913,101.40823304519894,58.96487363217746,16.698870563557957,4.419630258468114,16.006460658108832,6,185.63271693518465,0
43.93719832361208,2,23.0963868075029,75.31034019660723,273.02346269867184,86.43838502954901,3.492053972940317,38.24280417406656,97.77654164626608,11.192824166036779,4.0722964526601,17.55720315594115,6,181.24371754535207,0
42.03732991149018,2,21.25427353390063,72.37890940885178,188.90730624211812,92.55102213965108,10.519121630930595,57.1482415591578,62.83740032052415,19.72060952341985,3.9360741186389028,14.211987437391093,6,183.22514044629435,0
48.82951367493847,2,22.246415795757116,77.18498151342725,273.589148472998,95.77610390937052,2.4066514721885905,122.42446311068348,65.87663492932633,7.481354002027589,4.087581397933225,6.833387472484875,6,213.8430723788901,0
67.1574256070657,2,23.42682010656253,72.14859730965858,255.72267847544165,114.80935562988934,7.1434456588948185,55.09472110397607,61.28584516797437,14.725924985332854,3.860703434415048,13.449620857859257,6,197.3303826351647,0
31.08414248816617,1,20.77581945587415,78.85089564249829,239.3663039418837,77.66810166827307,5.81979545817167,71.2454828144015,46.741121994994764,11.675456471871811,4.56637107539974,10.157117357280116,6,185.75520428611625,0
63.5792998732804,2,21.553912219649913,71.68842012615654,335.8227088494844,136.35664630276338,2.650532720284196,103.22443390030736,68.21628520831227,14.554986301154111,4.993742299270852,23.035937624185667,6,178.60376985607155,0
47.97810113364256,1,23.711094570408395,89.52857820551661,177.27225879038585,136.25904697406204,11.744804522472293,53.98668842208786,56.861048673214,15.221267824806453,4.420792450511792,13.78573182509557,6,208.12849508103932,0
42.912726692794834,1,19.791205059189437,75.5261899142218,80.0,96.78749113090666,3.027104569636231,38.35958116644004,63.43905434750701,28.383026107776534,4.9892221762033175,16.248665573543533,6,143.68336281258303,0
54.395551331597126,2,23.112910835553524,76.08570698121592,268.80129567549875,126.34065490069426,5.998351337641234,114.21668776088833,61.68846516269084,20.668743900931705,3.7099346959941757,18.521945819051414,6,202.1108042364549,0
35.94719981626042,2,23.185215202288283,78.76064242267456,251.8709100775454,116.62948088815433,16.19509846062732,37.55552049564949,67.34028131991455,11.669022968344814,4.797827405931342,14.874835943495997,6,250.9585918518098,0
20.0,2,20.18834872080449,67.41466829540566,321.35182311810354,72.3007523885586,4.061655442791351,138.07104276470844,41.903417151056026,23.285517857504715,4.054881974582237,10.024747048046766,6,198.86997267830594,0
45.77451402642513,2,19.99853313071335,76.365728753286,373.2738409385946,91.05978335740224,5.866965050901749,62.783016016764115,56.57388421951976,13.658201965604999,4.066109403298402,31.469446242042462,6,167.59137617623927,0
51.675450855369064,2,21.233582694885786,70.99857889849845,250.19069792919817,102.33181936184793,6.9933004293316445,48.09967670153553,59.15699168378876,22.602414824562583,4.6672038558861555,9.43246168550018,6,164.26114912724597,0
60.1655220653317,2,24.9,83.64710311384127,172.72552210903123,84.84738038033606,2.2876646962592284,117.4707392150075,57.57995816966451,18.90734284402683,4.181322462853167,32.26334814017447,6,187.98940991777454,0
75.59037654260746,1,21.886368737496067,81.95525927905202,382.17901973260564,111.18454661069408,5.819508464678942,67.43587790432309,50.84279378138927,18.28334338137062,4.096333888204947,49.359177490014964,6,200.9530585542835,0
52.015745533476334,2,21.807010937028412,69.53282306036408,268.711574623175,79.11321075397686,4.623805753268242,98.8876876466992,65.83860725444002,25.791725984295326,4.018525648134005,74.61593441455922,6,197.03938810368112,0
34.04291270935689,2,22.197981755716437,84.06868575358895,279.15128354392573,108.67740472674896,7.252236025494227,146.21513971380392,49.23617939080422,9.34718632538273,4.080794732688996,21.64346380644022,6,242.6347577930681,0
27.79977398568714,2,21.349861547645915,73.97212595593679,218.84933927406234,118.80185027906344,7.2558692947294015,94.98360388266111,71.37919410740625,9.082439881528721,4.543326537997092,16.307861640517654,6,186.62710788081642,0
41.625513632184465,2,22.15568158986213,72.24879800602275,229.7787582050728,116.35034704242693,6.803797727440371,106.48922737944677,67.58067314279288,35.677984339105016,3.9869868864129843,20.456213171608027,6,205.14834187198133,0
65.18960404975945,1,23.999698095155807,88.92844669688638,255.07847102371286,93.67752529189376,5.830665266831204,92.25734058068488,44.709297970781336,12.821189596694275,4.329358879417418,13.552063709831112,6,217.12440678581677,0
22.81373949736292,1,24.58173468044853,86.08024507211447,194.55926048106787,89.94067620386835,6.758904766531685,107.78677854232512,43.554342350879494,13.434149650976408,4.351833535620372,19.465115377298517,6,229.1563993762776,0
37.82531469387089,1,24.37838306646359,92.8151938984021,243.17524398797065,86.22299502019973,5.2674269029746,54.702414500694566,58.03107522148527,18.286260641534913,4.254939509964864,44.327566308252514,6,230.5564222721179,0
55.90966225900938,2,18.775135917891674,70.96737926983715,190.75493061847294,125.65108184887342,13.749336079154554,145.3218437078128,60.356274586430295,15.509006580370464,4.110726039606802,12.86518834435109,6,228.65363720387572,1
39.09309745177076,1,22.35249315663104,94.27209413878514,186.2798680172565,110.13108891490796,7.115423083836277,113.00855812699108,65.51694789163335,21.780992717047013,4.528882223571352,14.746358268984311,6,243.16887440198673,0
69.71909090493469,1,24.9,97.12249056493103,201.1268198911093,106.92183162997947,5.516339993664809,103.71342586875673,64.24341896968986,25.67448256487178,3.8836833870700165,15.822533605436588,6,248.61070388790384,0
24.454513794242985,2,18.596998959261843,60.0,232.2507473245231,72.670304507278,1.9508940964834396,20.349265937047072,80.40874660904291,18.970497458603003,4.081414201911346,15.574741049794222,6,131.89303941402855,0
37.92845463964654,2,21.23134612663489,76.55164228508343,303.6398118864698,96.08799371261168,7.355423165851243,60.41693646537022,80.48635116076976,23.75874567415457,4.277224927284019,26.467183166173708,6,178.15188900339948,0
61.70070422169714,2,24.9,77.99979294187789,176.74234282947089,103.67038476066278,4.167932800727142,100.69242715354588,42.27351120001008,46.31054157039577,4.328653867983741,30.215584530037216,6,211.38395594754994,0
62.35862563300353,2,22.92160062618416,71.98871875676323,217.22308765214865,81.08095316681565,3.1676328418836026,148.3794486730775,80.47305474377875,14.889648986313606,3.6371025362430944,20.850435088016557,6,226.87807309893458,0
50.55392729577258,2,23.517116871945905,74.21099856368973,301.087204375974,121.17610178460204,6.790346312162456,85.29690646430285,49.920178470654584,11.140521558658023,4.260611588853264,9.377428224411798,6,210.08685763970993,0
70.18226168332151,1,23.163613519160492,85.11475003173891,182.13768568486043,110.91707928228638,4.288362794911145,52.84658974093454,67.25536057204255,13.123354758961076,4.274815740482627,11.654976251080923,6,177.54648598010482,0
47.21231342481591,2,21.50216921935465,74.39117934330632,222.72255918031146,111.51927819571274,14.137313979618193,62.866138686332874,66.17700629602452,18.18999921097572,3.935690862935157,56.45078221308334,6,203.6859962652488,0
52.95790106321007,2,22.769114714117183,73.1174040513384,264.5595789250468,93.20608526306755,3.3591706185925956,74.34444533046288,70.51463130038196,11.007718409184106,4.155893909912115,12.292929742026837,6,176.71405681066062,0
20.0,2,20.364559842374078,72.54105829680326,341.368793059135,70.66695164621827,8.021776560722031,69.90218149142267,52.382930716481134,18.159684226662794,4.37983362189494,18.912041224708943,6,200.67947510323296,0
56.19777902540625,2,20.17078498735501,70.76600536734946,203.122545298923,91.86471692578833,7.2862122027380165,130.73651500986486,75.34958455925631,17.644348886970967,3.2351879883557126,35.163867983516795,6,219.60853536982285,0
73.16090385327927,1,22.08563924316611,78.36644725134876,200.724895977791,127.01853989329148,19.45420721352671,165.80046228830696,49.8025447208039,11.537444246388086,3.7940123053166603,22.817404315004964,6,275.4301123605027,1
72.62619103054043,1,20.977206591728237,78.68237415372064,226.47951966858477,108.56178256652514,9.888499337247675,69.46665629410059,97.95978504547445,28.709139327773272,4.5338742891358885,40.444138580519365,6,188.67608376765372,0
54.2626596031018,2,21.43855536929629,77.65379327341324,190.04735792503925,110.74468797650714,13.889083035725058,58.04567247458059,56.28464250292136,10.702636438504095,3.8702053664912497,8.026994978787611,6,201.17795075826322,0
46.315931908654484,2,21.89515368995966,77.46989358273736,254.630835129559,149.58671188183703,17.97917980158315,99.84245785776366,64.40291194638637,10.180656128869268,4.313586075377449,27.9095893991909,6,241.4815649378681,1
30.813014820010896,2,20.40793407381661,69.38986254180907,277.66946355982196,88.51352961047802,6.799704832003965,54.34710975583955,58.705141342549126,9.244798510775903,4.538467769478857,6.158733586259688,6,173.53747460150416,0
65.86288673604896,2,24.865351259651753,81.56269373004433,203.59340124244937,131.59855290629278,9.572847331481965,122.80876216136834,72.07187190119328,30.59082073560292,4.675416936983761,22.9768693045376,6,244.59898520879185,1
36.944684478014466,1,23.93591478860986,88.82776058262398,188.30969344352633,108.38242062776403,3.722150749237558,53.07131913965589,38.88219431057441,17.858160320722803,4.220593792002828,9.94419578439566,6,210.36546042991571,0
64.87419052318678,1,24.35872331013461,77.50569021294976,249.8541199191168,125.25547052304097,6.162625772103993,116.69705026420121,41.90236009966774,24.541880565555164,4.181099899191539,29.219375520172246,6,258.11658580233023,0
20.0,2,22.138176627138293,72.67674589810622,188.07150746165254,75.43231640605313,2.241968985661154,54.31338497734022,63.90581648195699,28.01144988073556,4.225521440455836,35.59911289356502,6,167.67736546331162,0
65.65236327229269,2,22.633257053533956,65.21443841695941,144.0690759500151,131.7717794044384,8.462056563257773,96.10400997437876,99.7427683168929,26.05132161032944,4.575995601996592,53.240683666016764,6,182.43547343531515,1
56.758807363196865,2,22.77503388562003,73.62824731724787,273.14036719937576,160.80120409030087,12.664384974730893,203.04329001410787,42.316698724053055,31.871704665605126,4.709824783639494,31.007046619924964,6,287.51696573909186,1
44.56275644202027,1,22.073268769091502,84.15727460985201,248.3225983392466,126.00356141256248,9.33380433931226,280.53496376892247,42.87005931797433,19.670920773270293,4.597546926550661,34.90744541717642,6,300.98721024248005,1
47.08497126112623,2,19.9167515203418,69.74187114516928,399.04592935381805,113.95396383088344,11.676341332236795,44.039928285561885,87.51930934636611,12.240041161294476,4.3904779115638135,11.760575333798267,6,169.7730939946756,0
74.73930830190598,1,24.494472129036954,85.63162981908177,147.7021787206911,113.8296887351118,4.4717440498864685,177.6732215617094,54.465119098965715,21.221551442793086,4.039383061670959,71.78561474436141,6,265.80810084886895,0
40.77799868145041,2,23.16275848669837,76.93628348736755,401.7050363087468,89.22254568440471,9.030791089956542,74.2861258064426,59.09895704274717,5.784901268334635,3.8187892735196165,10.867240949347392,6,219.5263540172444,0
47.0192852693721,1,24.9,84.09916667940674,229.3662759825855,125.60836220108501,20.807811574963747,121.45371179737188,34.49865917125776,43.41875878324591,4.187165013155739,49.42424143181444,6,281.4065729007988,1
61.44187752222467,1,19.696478878061324,73.16577184307128,145.27567037482135,159.2472509904961,16.01933972702318,219.47939665693292,50.4183198509077,39.10747811565482,4.30432946915106,49.93934714339159,6,267.3730078950297,1
80.0,2,19.142263884433284,65.44379153181379,239.97268086398043,160.40604508551047,10.692204235608814,45.62716708579752,42.632735140414425,22.76598804400078,3.730817772770471,6.463255487811423,6,179.42394090674125,0
46.05694457715145,2,19.0650205538563,67.71022999637064,268.62892917954343,112.66469384707273,7.5839471197778,58.711755917975,60.739619817223996,8.986875771751281,4.4757446660074995,12.8260661708912,6,191.5396359694596,0
52.643008727537094,1,24.9,94.60998609250514,173.35754116061196,105.2816041852116,10.983545706844625,87.0238360313636,48.68398094209171,23.502826467681643,4.252380716439953,75.78604826171086,6,232.49442487767942,0
67.01273779440909,1,21.407813529501105,78.96475850406259,299.9692883472729,108.2220460525864,9.65617452146181,78.49142885894733,76.65761647179215,14.980379139570395,4.42191306954462,12.68530197744708,6,204.02787590220046,0
28.154448523592876,2,21.195001773967697,73.80218149174516,145.27514001660327,91.37772805200987,3.418681657676117,39.31521602062901,94.2841260484804,26.51385711806444,4.426950073899486,27.998511151062324,6,163.72415181440553,0
49.193638487332635,2,18.963872151512167,71.27072625808466,193.84764969377045,84.24945703995179,4.185208331285804,46.939936272117684,100.91766692519137,16.257705930541263,4.327317490234657,8.568807414037249,6,154.79657671888836,0
67.02838897555166,1,22.48977979822933,83.04117257756043,182.1103165663061,143.56801751222164,6.780037517045139,185.6144480591792,52.23728824772294,33.73505337071082,4.669812670495027,42.12747859235924,6,269.10713814146794,0
40.391984273961754,2,20.54853159200119,63.859494779284425,240.03529139555212,90.916395764757,2.6493294494623427,160.1911516804826,77.88426725975255,20.311606306128393,4.35779715118058,31.513028164899684,6,180.06912564254029,0
56.18225661203696,2,22.043678648262535,70.40001213972123,237.166016733175,108.74474644433651,9.794684225323397,149.89377897941677,62.11024225673569,58.25331079170646,4.364467767577016,41.82324549961547,6,218.84298797176677,1
34.538911396413894,2,23.463491940742628,73.1095450466857,144.7357360780788,105.7002980041846,14.897898375995284,28.936128894383927,70.10689076846758,15.24724821909219,4.368415362009451,10.893513929381863,6,210.77825436270987,0
39.463297802363954,1,22.258543602557932,84.4618950654418,167.2165224513263,85.8674850157113,3.925037345713253,122.19926323433103,56.723007981395185,14.673387029401455,4.729241658553207,11.147224464177883,6,208.53888068667803,0
32.35412222893979,1,22.088746522632402,84.43370077071755,233.4470435281503,92.90594760519477,4.5608630762343285,73.58824129320175,55.81173605281436,27.20094047352962,4.058215528293588,22.83751342699644,6,212.4913810442496,0
20.0,2,21.308606927913964,78.774278486186,264.0161438008663,96.92444066824734,10.781060392055412,35.02972692898921,92.90183051107617,21.49486980515744,4.238283068712237,34.300151066108995,6,210.15308444912003,0
61.492083355644766,1,23.50881932957098,83.55909687413431,337.3306817344322,87.17155175303283,9.500524520252641,189.3784252073913,53.62970043895826,19.98572814344047,3.505811898233244,21.680150796410278,6,297.00167258025135,0
50.26527136159234,1,24.9,88.91941261232262,253.6917090786843,147.4965016706475,8.348842761965617,124.15227440653729,45.169390558544215,19.926181242960606,4.457222139681828,10.496942319800802,6,261.03038626441764,1
20.0,2,21.270391979915257,70.74849064304766,222.28004574492527,86.59772461238352,2.082084719257822,50.09104595472846,86.24999607712364,20.413850590108083,3.906281414571982,25.553919955245455,6,155.6723460828864,0
57.68337360295152,2,21.271254114563508,78.23068002404334,330.23710440278313,102.49487413957236,10.73728389236412,75.76455371542697,47.56270910421334,9.339631318391705,4.181291269914421,6.613941072235171,6,218.07048381741936,0
66.7577695508719,1,22.551817285402983,84.75687659423393,236.14900459935228,137.98991832151225,14.830320279140816,96.94603701751574,42.586721409663255,14.783956223828936,4.217704291186833,30.096071918250257,6,254.00159737502767,1
58.98760039974887,2,24.380020011524156,80.71095804533624,224.57967660570867,106.7283023992812,7.274350006999354,134.05990615560427,74.91198666058953,23.738540338046977,4.279632475372844,22.710292279210822,6,252.38803990583045,0
24.956105341938564,2,21.389434672406367,68.46261718362707,240.01140448609263,109.620523516183,6.51534995731715,88.12247633932328,70.35808786860947,15.3948715490358,4.011810712940393,11.48233601821328,6,167.24409574378464,0
69.38254772211911,1,22.943821821702663,84.66627510363722,146.81147902516744,99.67545184071514,6.426572987041453,64.85635976056456,78.9714143924004,25.12714864316851,3.858975035538046,33.88801272773418,6,222.18263124521343,0
46.522876199756126,1,21.764528059246924,82.40615071483035,382.8187548456831,90.6125029075512,2.2384115271714764,25.43172971420394,76.80790055705758,8.367774754809066,4.235990220933513,21.035304425911626,6,178.15459364300563,0
20.0,1,22.519780592129642,81.20849508507136,249.69527301239123,91.20586043241565,2.7006124926574566,61.71847589723347,71.90994936322879,50.94204748861668,4.513853950207557,27.84819732811908,6,171.1099581430299,0
43.67849495789366,2,20.60636087441348,74.20344734356767,307.93118542173033,87.88802403113476,3.931739881610409,128.46596429881345,53.5836032219885,22.64684038240075,4.0276392621896555,22.9149159598083,6,200.66171685772332,0
20.0,2,23.026762306630786,83.57746492227933,316.9739158296909,85.01615087841978,5.419842453392853,29.71706792307676,61.227410776309554,5.423637621807459,4.239802966351501,5.0,6,191.08963605188802,0
46.1225041296462,1,24.315536440593252,87.60150720691287,184.61893940743533,128.19167270707405,10.587790672803168,86.94721149406868,51.22811813599576,16.867317936655837,4.1458943165495326,36.43617378741163,6,244.84903847767902,1
63.29471571353638,2,21.971536606509783,72.94114044991737,168.5619472078017,93.52322097933386,4.300536537220706,85.77417201883408,73.27664310745214,12.146243363321325,4.204565673606184,13.105187416488608,6,187.10809644771604,0
48.11003490417515,1,24.9,94.51261924226937,169.7138295828746,124.99320688596326,9.392121969910562,225.25691052410846,38.72873168083922,11.357266661404907,4.030156812515785,14.668661547950652,6,300.33264652078196,1
21.576466630394908,1,24.156554280489814,92.8772658896418,278.74342575250256,122.60266033531686,12.297730244220476,82.61813672202537,55.73589780428311,26.99164782607996,4.564869379645239,45.99505361286878,6,253.42130984181125,1
32.45787536827214,2,20.68711929647889,69.66630097155017,198.55077649863298,106.28700905028819,2.730789221855385,55.21422182702553,71.06994248579252,29.16610257688526,4.352705057988049,18.316752927122362,6,158.3920520816844,0
42.84206648092609,2,23.621182083386614,80.92198628736706,244.6177765942,108.95177841410394,16.483669830459142,120.1736883926616,59.309198999985114,15.833155438147099,3.604629639394871,28.787007448220823,6,252.49736721406506,1
45.32006280584763,1,23.41270495326885,86.71714500404703,227.865405904232,100.16114899110116,2.483078982379794,147.0226422005139,44.89616330968692,24.50428278550954,3.910699167702308,100.22465396102052,6,246.3625489339847,0
36.651847920382906,1,21.66871490666402,84.15368881973149,117.02187612699794,105.10534407262413,6.1758476978111005,47.17038072915182,60.860769299861914,13.1362674413539,3.972769080172914,13.473945640203173,6,173.9546866514953,0
47.15094036792561,2,20.823249054545524,69.68647509178979,202.0081022357311,95.56011761536382,2.935039776607479,35.064744313994325,71.66953345287833,26.001787489136426,4.589390770403317,10.153288504912782,6,166.21725530609925,0
70.60343744645434,2,21.773003406378134,76.12398317235437,157.09900071596974,110.36085539079748,3.939247563290619,118.60540232233346,60.260403998133874,21.03264636129804,3.8050992906425543,26.40461065341497,6,202.92538111703422,0
53.76013860033278,1,23.363836289217407,91.01074398994018,179.94022308549535,134.01399368715124,7.15684313700237,140.8018807106318,38.02685569590799,21.85433033976305,4.325219535722835,60.3741233257059,6,217.83719488626852,0
21.593164777845857,2,23.994487767552837,79.35807240609742,269.24623275901484,84.31941446848208,2.1489233141669195,55.883038313131735,72.15131333808813,13.291355560320115,4.257053503574315,12.410915349623966,6,185.33843950550863,0
53.377808229822364,2,20.026129741173744,64.95726872085636,188.28816330054678,73.90378111662949,2.0715992224715007,63.585194926577174,81.20246267244346,24.922800868738303,4.057870813584968,23.739572900611197,6,129.99016597750406,0
60.83496109904882,2,24.9,85.74297330404536,214.23887158859134,127.67513305592117,8.24105540502759,112.08396185939091,42.756634580972694,17.668324518071284,4.455541411656786,18.780972932488293,6,244.22412337592894,1
80.0,1,24.299722258569744,93.81885914431072,262.2109491992003,91.01072144233055,6.913264886663545,80.70647205526352,72.44928513980452,16.513125669875084,4.086487317108251,30.959741831115945,6,237.34445284142015,0
37.60722726873709,2,20.462947350364168,74.61572215532019,318.3935515275903,129.16741761097987,16.72093633983227,72.45319481048988,60.665850818863824,24.46375539729673,4.261604626020248,42.126729584834386,6,230.65441799561918,0
80.0,2,20.40417635884266,67.45334498206655,217.04113246719183,107.93996199743127,2.4095583161817973,59.45099192843322,102.19352185652367,14.414619398166108,4.0316659670348285,13.698122973849475,6,157.66302814275622,0
61.85021167866077,2,23.931773082202987,77.85652989607603,143.5240816091177,86.74002145118118,3.6123572294437962,129.51030144922098,59.40375437376164,14.857511384823512,3.915512309763445,19.52879841830273,6,240.1039748781053,0
48.944391888602624,2,22.2563988168302,73.33893870229215,170.68035880028583,104.80696555307577,4.813420123930772,86.55016121641948,79.60286401290625,25.665461809655408,4.490772441355856,34.432107418948206,6,177.8803047252544,0
50.659401223420545,2,22.80687897196845,74.19126612826635,201.63031035177025,144.4117593120137,6.182366809669531,68.7125141138204,86.11921644876976,24.27090378886718,4.628495548550598,27.44028254691357,6,208.12753901252972,0
59.15474621131083,2,22.323621309597172,65.87120750789717,212.36218986376073,85.51763457580407,6.859406931643631,92.16629400802087,74.24659589281796,20.46971600716109,3.5294809941120726,17.919901122539123,6,155.84120247491,0
20.0,2,18.5,65.0944010439682,252.78609832274122,59.77197601913105,1.5,20.0,108.03544198353778,9.7496309062306,4.176810565528042,12.32350053261974,6,121.17175565031029,0
51.97611245848322,2,20.554889101655558,66.39540843881082,193.99435471908367,127.58950161077735,12.300475891221817,168.43828207995358,53.247596822454135,30.765516970887557,3.917844847327118,37.82205387513218,6,246.27074899055881,1
54.06361133785347,2,22.48370657388917,76.16535112215222,241.23751066926357,99.54063134943894,12.24280059446818,92.8833745248107,89.32414696924332,18.56039390502964,4.577352305831947,22.539431845948954,6,238.66281031578197,0
39.181555467597676,1,22.161754567916304,84.66149414914946,232.7762264770817,127.82046907374558,9.240447429200739,69.1503926314259,72.72564733046843,47.23166268336711,4.176668341795717,39.799555866583006,6,198.84533205100823,0
53.18734450374027,2,22.291457049119764,70.3279672456921,153.06527261192707,107.9101226208352,7.463900419407197,74.26370198761565,71.37000308270369,6.404688981345831,4.372048739967604,12.558612791607752,6,197.24606533187946,0
80.0,1,21.750715467552563,74.89059714966005,215.7815565910054,111.37229634707761,4.288692844269655,277.8054627626828,51.53941766887215,42.87106986067814,4.01643595134235,36.43156136549141,6,249.1695581640526,0
35.94112502008953,1,22.74063303111367,77.38389318755839,216.0787386643573,97.94693362800597,2.685699107383694,35.59183606242336,52.62840340445062,10.100684868030203,4.354699630718828,7.976471746248061,6,171.25450462575486,0
57.60500162942575,1,24.169830647577246,96.51499711075533,281.5275606047718,158.79314202862435,8.487604302911567,179.50549513874174,52.997970823289734,24.578246651662745,4.195939918755049,34.84672887374673,6,287.8266609617777,1
44.92838931189817,1,24.9,89.99244668867328,230.62368386573687,130.45532517273824,9.094606896004548,74.27529542080147,83.06273006982482,32.29782438407017,4.328815045095127,33.14495342909574,6,216.62783471777468,0
55.99283065417457,1,19.758896095358082,82.67303906324584,240.6045190570583,122.71540551940267,16.477429564377303,74.67729459623528,74.06523763589259,27.527686187780866,4.300204211537538,29.3499303030826,6,219.46072360195217,0
20.0,1,21.945739512842373,83.09719129523025,212.75853716465008,94.84236218213127,4.205734095886641,84.76185491536634,57.457566354614386,14.067596392671986,4.599426300927652,9.107726177117232,6,199.16524818941252,0
60.913426583603844,1,22.850539762415742,83.86808639061783,151.61745288014487,117.73423968477319,3.319019402655794,162.90119702806996,54.88757669853432,16.94663368413119,4.113440580386757,26.3413290393843,6,236.0288016981426,0
31.060721022971286,1,21.225410686800032,86.54154724017197,383.559051915242,120.77592948871293,8.079334024386647,83.27376559514565,48.83956465031133,24.712310146337547,5.0079573146724785,21.556750023850242,6,201.72180522385014,0
20.0,2,19.02255136646646,67.66505027636171,193.0994522089179,85.87346095649531,3.6278428082668124,65.57082466976459,59.2549383594418,5.911244585589732,4.16632247255305,8.71040121715972,6,154.25605182413312,0
46.79610693200097,1,22.891135760928048,86.84506129923433,211.52459077904672,138.07354366395157,3.139836698867793,74.76205231515429,47.762099023336546,47.229182634261996,3.9844011373703876,46.75307476157687,6,177.76892679232657,0
80.0,1,24.692932572160853,90.33980726614776,149.71952201574044,100.27032089513847,4.669528416231435,101.33192522274842,52.56226526659581,26.681365952413923,4.055281493885676,25.401152644118707,6,210.93629268266608,0
64.51079566015338,2,18.922579818035796,66.79968782468997,327.5013435334099,115.55047524255602,2.690700212635401,20.0,72.3768170157218,13.151810454107757,4.245227507715773,15.783490604650428,6,129.98328884398444,0
38.125898221019085,2,21.455634604578787,72.13479409800699,181.4204435449842,94.79688520930605,4.67978201627058,88.58936131688716,51.286055423519855,22.670289202392663,4.376464993112258,20.231255107700015,6,184.8491591896352,0
56.14540900690664,1,22.25167968692641,89.34451282722505,178.9363425834801,111.14353732241725,20.725274066234398,96.9311844933898,49.82502209553041,40.04084402141228,4.473278648682758,21.78979066691818,6,275.31800532264134,1
80.0,1,24.694244617563054,85.18213184136646,130.03521706989756,108.72771572992792,25.67441465227676,45.229749162591766,55.13205835394522,14.21457640363505,3.985571087994205,7.999848303016505,6,265.1753871057595,0
33.876552868699015,2,24.090570417243057,76.04093795571211,256.5612711255735,92.73143400312848,4.154839716001209,97.80199583772699,74.45036581612669,11.646436719935092,3.766434560988099,20.123313489702614,6,230.79765162003977,0
57.325130531822325,2,22.802508989246476,82.38845512165152,313.3924483124415,101.19484423936103,10.327139436836987,36.98061536553925,74.04414454146901,13.566880065482124,4.102031715269015,9.530595092078272,6,202.71935473698403,0
41.64763776741469,2,20.72049136572516,71.30733341257981,242.03322102179231,143.48971927147426,5.750654133664714,28.631652724882752,90.25596176945925,19.030029822739994,4.506246863074794,8.704567402551703,6,161.0638176291343,0
72.03181532764779,1,21.807731307311084,75.53398839901975,211.6960939309187,150.37258487258893,8.439249759145373,122.41430096594061,51.760360558151866,31.178287886789278,4.509746182064378,22.649569671495698,6,216.51602149142136,1
61.96936023483157,2,22.26557351663569,72.30188828541618,266.2238677655613,141.71472583904293,8.530959462864724,124.58330926959135,55.540083682872584,10.050230791901642,3.57699217130148,12.344950929772073,6,207.6118673071078,1
31.252658348196682,1,22.61472499388461,82.2333366557737,184.72303938292737,118.81921536048496,11.78547322853185,185.04541319550555,39.26220667162517,25.560189830086323,3.49848028121646,15.916793713977896,6,293.1381321991615,1
40.68005020001709,2,23.313543487193478,75.53624872579213,166.04567961369398,82.78599526297631,3.000192977452195,37.34308502718254,64.22895444411205,23.32450382302373,4.215211995481001,13.71361188944314,6,172.70639423844273,0
34.29092271836085,2,22.13977697320787,72.84686357566532,196.77131707104365,116.51635039901196,12.61553102600169,170.81492768881972,61.791144944228755,20.453939728101133,4.41465601668492,13.036864911008083,6,254.640597936774,1
56.91739363147996,2,21.44990186333043,64.15201011333004,144.69066460679767,103.11182302580525,8.695624695157477,96.82655018439199,47.7505975313054,7.028187999211762,3.797354761096955,13.305853853775677,6,200.44985136064045,0
39.092277436856286,2,21.808219514444527,76.97264613127625,212.535150838087,89.22108670423174,15.668548244537332,141.8804821392077,43.562248168043006,11.797369900248091,3.945679258664544,10.980280383142366,6,254.34071375922883,1
80.0,1,22.449943784301567,81.89716689739858,167.0656305780978,132.89067342024273,15.050485447593674,162.3539034054721,49.87495576480567,31.30785079024022,3.9304309389789718,48.03896718711734,6,278.40238106470747,1
52.129730688024225,2,20.965196905159683,73.259789442758,240.06376638045273,88.94624796344982,2.811638639721516,71.87886287143323,55.60587709059004,6.248970470484678,3.7600013213963384,13.6342637024572,6,166.05152016469293,0
64.65580186386346,1,20.57262569850399,80.18503749397509,223.6868666773794,117.17956353099609,8.772670939352329,95.3022152483351,58.59579227834298,11.876942311152591,3.8025437298086224,17.499501808641604,6,208.89085232777302,1
75.45903431743571,1,22.338079986167234,81.98211781246596,180.21939585156198,107.21407285228788,9.55036109168713,117.25923096563392,54.037087002829225,14.342609937851735,4.210995103078215,8.061939350851526,6,229.95619615649844,1
65.2222602798203,2,22.86602558585085,74.12201953334022,275.1029511233701,126.94214786758042,8.133374373690781,147.7915949698602,54.08164016982858,23.873351548557523,4.346296785712586,51.62708738741438,6,223.5779384782753,1
58.77722206277485,2,21.93610221637462,77.26046818013133,192.13020233829084,135.60652695644157,7.1319127583904525,229.5005153820327,42.57586864800218,22.396817245052137,4.012521681396188,25.944949217515294,6,256.5654992614781,0
53.9148516659824,2,21.79508063968964,66.46342920089128,134.01164326178414,100.86092727730004,10.679120467537565,98.44075181974871,67.77306828566007,26.31406789920979,4.350000316181881,26.899005811468168,6,185.8901769150853,1
53.82423253973129,2,22.015886387098256,74.42095921074053,281.66569866461737,110.7494766511062,12.090581128505368,89.79411724172168,60.92301316602673,17.328175656040393,4.30434912380173,16.175649143144263,6,199.276479207659,1
22.786449987964314,1,21.568845055596327,83.7017533268006,194.66477089369133,93.1826855820204,7.319667770433622,70.88993603859014,66.40853726568783,9.793099107551333,4.023285509557569,22.26105725819112,6,198.97097928584205,0
61.420049123125004,1,24.155671632653632,85.3309887076013,208.36126740695605,91.78445254833694,7.911573683629775,78.10729434487645,37.375222849472756,14.535523250985339,4.025504046031556,12.344178430394606,6,236.90024265229488,0
54.67422687581803,2,21.935005357693957,76.52034521400779,184.40584931275208,112.03616467178955,2.850383348931146,27.54602516565948,83.57625783791266,14.6470922910305,3.9930941826228605,33.179648459682795,6,180.20180343028156,0
37.059753625432066,1,24.9,92.08533848249046,184.9062290290156,88.92010106186203,14.274177643763597,119.06695677750166,42.78176412500307,31.896830738967875,3.953517667479794,59.451671186593614,6,269.6065812963732,1
53.10817476577191,2,24.31989605125024,77.71527001437158,215.29890254956018,102.04670007165983,3.5826570957150685,105.24187746412113,90.02226211516086,8.834226269671655,4.365896465781983,21.978052686309585,6,201.6119517881914,0
20.0,2,21.535348149252634,81.97514399426314,251.92169237449627,101.91379443488947,4.220663492730529,47.74131464105772,61.90374200896705,17.275939722693977,4.340085347438657,10.355148511092118,6,169.4234908567716,0
78.88828223885108,2,21.816373037097815,81.90728595031499,422.8930548413264,117.41088236647352,4.0913447770226465,54.87839411891369,54.608384860842534,5.0,4.004910406473047,5.0,6,193.18926814934218,0
34.50472524765226,2,22.152230594675274,81.55658246077437,133.9973184393652,139.7725872580755,3.1554630178376195,46.89191518785255,83.90066768676006,11.629579583869107,4.06006176945464,9.485556120986615,6,158.78301737388776,0
80.0,2,23.955363228580204,73.74422140906717,120.6285905957776,85.5399322687055,6.599524354863995,215.6837677587503,56.27502729138132,11.784243041001252,3.420728738471034,9.704683842236609,6,251.88317144459992,0
20.0,1,20.01144160330386,80.44956497208156,205.26375264075563,61.16681044137204,3.109801270263108,39.58711055475222,80.32760637748166,22.488152699444157,4.369410169452944,23.93071860032608,6,176.62893903726228,0
34.63892556366296,2,18.618608822388506,68.94269080622789,181.86521411523128,123.83098159529904,6.569089773057554,34.00512428970228,76.29778536493382,17.168511787143803,4.712564243063227,51.634088446030525,6,174.86798647288433,0
64.15981773622707,2,21.95355708815607,69.99787510840196,275.92657856451206,104.54484822819738,13.658949850771172,107.98048935054447,65.73523717418003,7.769040353924885,3.6410190242913734,21.82293424727711,6,214.5433403788643,1
80.0,1,24.9,93.03470108941185,196.51272366168843,173.2014332385196,21.079757094733793,276.52265968385984,41.82372557606732,87.67867959884555,4.390423892880615,70.19871652709719,6,377.60709693747566,1
44.077935804362305,1,22.031910339888647,79.05592841012562,249.2423830811746,108.74917657167137,21.018883122779677,83.78016436662595,60.60457723967677,10.1225707043384,3.9549887896630342,16.120199868608847,6,267.47354096692163,0
43.07055928193004,1,24.9,90.5981485299174,306.5703575110491,92.50723792911478,5.284053818142642,118.13597663173007,40.533211011582324,45.899977060729974,3.855388941034437,49.73087842578836,6,232.2650364859016,0
45.13381690763024,1,21.08051568911385,81.03821904827262,152.9131948890735,81.38622708013455,5.725345380589926,52.08665072832241,67.88241030221774,46.32932946945731,4.290103172028244,53.903151345438424,6,186.08201973390845,0
23.13209438964346,1,24.361030650272983,91.71016923325514,300.7048801542779,119.75764431464098,3.9527471580987745,43.707946692822375,41.99315342052773,17.38400735405859,4.50194664593215,21.73485049814807,6,192.5443080653921,0
56.32697955059068,2,23.947082029623232,78.77260058070141,314.4154306115552,127.73821272289902,18.253216440486415,273.5745031388644,34.10004669324059,17.838453394988957,4.396525325535033,14.668016488919228,6,334.23284404313813,1
69.7290509246692,2,22.819229385995037,73.33943128303788,328.72620327632023,84.55401570343176,4.595369910590485,152.58203231069507,54.01534866467062,10.723379547863834,4.233057657004879,20.552370110698256,6,218.63923688699518,0
56.864771953684546,1,23.627937624828505,86.58608201507437,283.39281016669474,113.23745486193788,5.18036125264684,104.76099042499244,57.79647581603718,18.4757491877159,4.158981142422661,25.234949103326457,6,212.46660022702935,0
59.789613025094184,2,23.18651406930075,75.78909662371665,143.75215778575904,98.51476589162263,4.050594455929504,61.56003426484228,71.29097858779798,15.742920258306604,3.669661545054927,25.87947448471673,6,184.25985322344073,0
53.20527794362617,2,22.894240286489218,68.6868449775434,128.10006548023142,103.89922702497427,9.108046329638782,108.97280191729938,49.30366746381319,35.32702685011085,3.6579033608393425,25.111130651960227,6,227.19687952417678,0
38.10369465825757,2,22.211981761338176,70.76138594036938,311.2770229898654,100.52850610013225,6.330587939742046,78.95576961731292,47.11453426019226,14.430782360044194,3.896568421806122,10.89540295548222,6,200.10434473594316,0
52.17783818715529,1,21.71857161563881,83.33504733053486,334.68545319363704,116.6649398498188,5.123316154849815,58.004676229918836,89.02956777103904,28.536051477501175,3.994547414444273,58.617039712942464,6,188.08361620772854,0
48.40735227539733,1,21.74845773912877,80.12446615170596,287.290806354473,109.14467887802057,8.023398563773016,47.45709001805011,53.916313120854014,27.890958316191817,4.141183826981003,48.871506177181764,6,187.3150013449842,0
58.64322397433875,2,24.093784114978433,80.61541203764668,246.25121715556728,87.38311086423973,7.277790934940992,232.91301899040377,35.0529685224462,6.86408020790122,4.096918355357495,14.01266207902614,6,289.90747298692406,0
69.57683167439507,1,20.343904243984834,79.99550856271331,208.27376592808133,118.13226266105258,7.788920595648725,26.93200836132346,95.56404168208864,6.015007077309321,3.88399951418918,6.1056637029903325,6,164.869109702341,0
53.87357854151156,1,24.9,87.46780403029749,173.64761868034486,141.79975469494218,34.193751324693224,235.26610875327538,55.21658067689586,34.07816396197907,4.301895246419987,64.79584068564444,6,400.0,1
27.20892416002092,1,22.065233617917716,84.60414978490905,156.78482250177223,86.13065905848792,10.08058489406827,77.4392389741626,53.51084627577695,20.641256947301972,3.908536235727864,12.580574370617013,6,217.7790814104863,0
54.49174690508706,2,22.97126431538491,71.51984010642236,283.6435454788059,105.82064773435671,2.9858097543929136,55.03437864582214,72.43942356354218,19.091851869374096,3.7420533198080608,22.16378801664632,6,168.42901878329258,0
40.52969819935371,2,21.09283753325053,73.90405464907026,162.32015282089606,91.02264951281589,2.218740681796826,61.796287355174826,102.7771974617671,11.00086933613364,3.9146312969786505,17.839178005101424,6,161.53740346666862,0
62.27853156117676,1,22.0641833756673,76.19074669116152,208.8425714209334,172.16666782722723,4.692786334095818,35.8332712489205,73.00227988628897,15.258022958432985,4.400428251694264,20.28766011474475,6,165.1275399690527,0
53.860818788117186,2,20.726096144451414,71.88757391322821,213.08740648641972,86.38537370464573,9.606865626786304,89.08033875177449,68.10251831421432,19.11158895404895,3.866769969116109,46.56401407697962,6,210.56629246448477,0
29.21970857908302,2,24.9,82.13973821992235,193.5585679668962,96.02728659529609,3.403490325072374,88.94881515859797,56.04423212932274,37.26531415988652,4.368194593665429,23.39792245481039,6,201.06903318829302,0
32.36801298977271,1,24.9,89.27695779785866,365.4997299828626,137.89238871968013,20.310686191060285,279.63334587223676,28.185854984528447,16.03295180427957,4.201417797911888,44.59304898346834,6,354.09848335133194,1
29.043209254238324,2,22.166863141068124,71.7229091345695,283.6603080696261,81.92594360712052,5.407676275197733,54.774431920340966,81.65403987672357,23.837842646635412,4.299565418182158,25.203163217442775,6,177.7946101117832,0
69.95876644511094,2,21.765085670317767,73.17563539740443,257.28486983748724,118.88283595140906,8.301975567847334,56.302828468690414,98.76906840118826,27.001105836130176,4.28371928992903,57.88812870497695,6,170.90589758469338,0
27.752301115846173,2,24.756203431694775,75.0001362012174,249.33166840765332,107.5596778709375,8.043731581334965,64.18675692988508,84.18525851022979,15.20979457120591,4.625811278093733,43.47243738459024,6,195.16047067076633,0
69.40234541001298,1,22.970976389969387,79.93655458669444,229.7100837810378,106.14633447901092,5.516080596236025,129.66270042323188,65.96650568566375,30.693464208945322,3.848448733028083,131.4829398950984,6,235.45422742279,0
43.145130076821445,2,22.779933397229303,77.89611153380923,228.73649615336686,112.7020082038172,6.030158173667242,141.26837438294098,49.75297451958012,48.854356608618,4.422325444098194,36.89636852736677,6,241.82888331982204,0
26.96874355919387,2,23.101067002503687,73.57101558650467,155.4643680561078,89.86202100492554,8.595722966946475,155.10024203903538,38.31299871150539,20.843684558395463,3.9810487049571504,17.672443856125238,6,238.82788603783132,0
58.93951828006338,1,22.70012356231753,75.46879062247113,265.72730187159334,127.82807422964798,8.049484555319864,66.71885329927541,62.465758031219174,21.288945048530664,4.297036044418949,20.647701818626434,6,197.05999353106304,0
28.094809026534993,2,22.304177853835885,74.60046716367742,240.63763567508812,83.70744191734832,2.935377504299524,80.9374625590921,83.57043103665684,20.573085377756154,3.7675779122319764,13.148577670420387,6,191.78422268186577,0
59.04123384994946,1,23.797220296681207,88.72176232339997,273.58951147310574,126.94033242116019,8.393005950685955,119.82585944739905,57.64893408144656,19.089484252827496,4.133524938908919,25.518060845930975,6,232.49751374112864,1
20.0,2,21.294743967272172,71.14584184518145,167.87843220448568,103.05655359182953,10.312690409694607,123.52972232663197,69.01802241533343,13.050185185511214,4.6558836319195605,19.068411396260824,6,254.91405252756715,1
20.0,2,23.718603064647926,73.19964725673016,263.67571219289243,113.48174679640823,6.42976409081918,75.78791357401583,64.14371992509169,9.40653261701798,4.009079905740746,13.256069677032517,6,204.9017527797704,0
56.74492981941803,1,24.9,83.71398041889746,259.2251514477818,137.52955209665322,9.508934841639581,221.67632639641732,34.78042945683645,16.120607583843388,3.9553733617126396,35.1284057183514,6,296.2857306902472,1
80.0,1,20.848702730545735,82.10404769951805,189.29768345867973,106.60808742597712,2.8828584626897857,106.21122140074512,57.995003646047174,17.59847012536577,4.414222181363185,24.490386668368615,6,223.73837657259497,0
76.35017313781579,2,22.003027937148794,84.9410378557493,276.0952662411745,142.13061124708068,7.616910879313458,75.24953141214343,95.8821075374651,13.326604735474968,3.831735667628427,46.286308236811756,6,226.1367512534131,1
55.851840692901426,1,23.514591238714505,88.90762297894403,171.85179403847297,91.82128465739666,15.122220617141267,90.09726959112858,48.34754216115764,55.916700757355194,4.3459919231298025,21.844242916006934,6,254.11038283369118,0
38.167036796367015,2,24.9,80.63645442866002,189.4590663251874,105.90140379879847,9.187585432351991,65.72318747732848,60.629005444114604,7.944001273108733,3.584644085984326,7.171876343264641,6,212.5672876589467,0
26.19949205399709,1,23.5054626494664,88.93669089814624,260.95639097886857,113.49299004728799,9.297312030170913,126.7286991962976,40.85629089816737,25.108009026605014,4.324893485965034,53.21756336428955,6,245.49195145950495,1
54.94806317428607,2,23.67687106845074,74.00666225724075,205.64773652882604,107.02128525036281,4.235979423073441,45.75062624510945,64.86581465555348,6.118944877535529,4.666289910821548,5.488604156527458,6,176.13485454673824,0
80.0,2,21.71095301241914,77.25856395759975,173.4552304594024,128.4938202544602,4.095928222214679,74.33588628856212,69.82856311638463,19.96409421628617,4.120093663477311,20.218839584631294,6,183.43552940741714,0
59.05114150731586,1,24.598089891378216,93.57072907265933,163.44459063751503,112.74370057130047,7.247818529182362,55.61991887193547,67.67287660556744,42.39117891747867,4.348509758040056,26.616803648692,6,221.83051443339576,0
65.78228241740005,2,24.237703941645222,80.37558383002337,142.21510306506013,122.66056115151002,5.268270996112478,74.22435635615847,72.3307828012731,29.89328559082304,4.41363876477869,26.650442315970952,6,219.66722391406432,0
59.210105444667946,1,23.469996988884088,86.67599259130893,260.9746162007485,105.2229540121677,15.829863644343966,187.5878195731875,35.158318756162956,42.63579618319803,4.247437631299199,26.439973441944357,6,296.17403848502755,1
58.05611221466813,2,22.454576215796866,74.98002285057957,170.80655894648834,118.25823921057663,2.789358449623498,79.70545188001202,38.523221223478856,12.952196535785141,3.94906999915248,10.230281749965217,6,176.42403867576735,0
51.9768781976676,2,23.560473415940827,72.70234243500859,149.96915429055798,90.54612041374966,6.717101163356264,55.89423893853706,110.28082388717267,14.635366772543081,4.1298925209745425,22.04790303051533,6,182.0789959954704,0
69.28322393275448,2,22.009978881065425,77.45433462973006,263.3000132596716,135.689773534685,11.074048358961932,139.49806632000949,54.66896007184421,25.605567715083023,4.164762596544125,36.494787927448755,6,249.9009772796779,1
52.74236829099532,2,24.248304935764764,79.65580250657925,132.14013421607353,114.67239229711375,5.97498015052106,41.142064833009044,60.310461566526264,19.552155318528925,4.251072047900286,7.775448599166045,6,181.50360458989374,0
30.307349447452893,1,21.52501598974106,84.52169591370397,255.9970257069191,103.86965979341468,2.348187192089305,91.651915718846,45.332331659488304,59.482900064290654,4.451512038179074,50.30861811384432,6,198.83631321669515,0
50.78659552894452,2,23.138083186261213,83.64359182473464,281.02034918448254,81.82106533350411,10.319302007431103,168.72991853230334,43.20337138105046,27.31105334260293,4.400435335051895,34.78486533428024,6,263.86639921885694,0
28.172254043637285,2,23.399635268769487,78.0933815171639,219.65551667794165,85.65591139303469,8.719756313617653,74.33410183983868,53.996557135233196,15.001365230955923,4.121893342307733,18.301833637433784,6,218.09585706660891,0
67.951393903233,1,23.510611533306033,87.40906827549396,350.072576894912,123.58753408373065,10.48824908352526,217.01412795766507,50.12899831914011,27.581629471568622,4.426522025012574,46.21485011952368,6,289.45405054918496,1
38.776877006460836,2,22.98120217825876,76.03772978711656,231.76166715519255,113.69493074295481,8.612590527025025,65.63659282635378,78.8491245959642,14.2831096303971,3.973146248805672,16.870789338577662,6,200.46819892132473,0
64.33218153390942,2,20.895218782138627,81.5164843624347,218.07254475572594,117.48833587760672,3.937471889223038,49.76594187708127,66.64957081055698,9.353661625375636,4.132547298637561,14.137277061430085,6,163.51247235469583,0
70.79161400303076,2,22.472014087482428,74.66679340032321,318.58939405289607,115.37759399530371,16.701368854361473,73.7843218571194,45.336654257548076,20.582634352079907,4.377263646193852,18.09278014819343,6,236.49653197180677,0
60.52332931804729,1,24.039328325551132,90.29425444247786,296.5240796209245,129.71029626909802,14.05011409945452,61.68856891814171,61.266393595930836,8.682364881502894,4.3146889293169535,6.641074353833847,6,232.7889864909913,0
39.5386083063098,1,22.86627413075828,83.72105884147945,243.1430575845564,138.09653738423324,15.098795453580733,67.21306384751684,55.92260815340844,17.37736639214072,4.465345164917148,22.071380701173865,6,238.30217965940614,0
64.77763955801882,2,21.975827263366515,78.31476779904713,252.520973253128,135.0478807893947,13.175982281112045,70.10542378687448,41.69959151909369,57.6797602831313,4.358266653848477,52.306184998735745,6,237.40420237234093,0
46.352954445892536,1,24.9,93.77581669112517,316.03050510502425,126.06451605506194,8.253849712355473,427.9535672720775,31.852516960279402,39.78842102004031,4.154282413639975,55.40012889206464,6,396.9564700883796,1
61.84023274544008,1,22.49931771668161,77.09536447271934,253.04374622058253,133.39855309620938,3.290241633408952,209.30215085543725,40.9675599154487,18.5030115359664,4.100664513495151,15.025575327703693,6,238.99528615014916,0
50.182635753493464,2,21.044332113645368,65.32258913269345,125.63495318034006,92.43376562174392,1.9841074275154131,34.10750699135772,61.9292225630757,15.42093650268269,4.135494518750476,9.891278398668167,6,139.5129794076554,0
80.0,1,23.018448642898548,82.21157795272823,245.74379121963804,113.8722582106837,16.824076278675946,65.38432814688089,53.032945577347874,33.79068983716501,4.449478368585722,42.99176568587656,6,227.25215939956504,0
25.685471838837497,1,23.270451677543807,90.12368370324933,177.40270046249722,89.7154671834436,2.934343467176668,37.781796706736976,48.528456542720114,12.973429726689476,4.010995290337826,14.089267154199943,6,202.7769832037145,0
58.68061223271647,1,18.922899177884574,79.90855348710923,116.09972873533856,90.90797945197657,3.1388553109117834,37.65001952743946,92.09177666478851,22.87553936126461,4.596304052623234,12.100857640998468,6,146.21396701999797,0
29.233035088467936,2,22.374441095997692,71.46105654046488,205.72014878252574,116.57137383057203,13.795137388106156,146.68128156992105,31.70926608426565,16.202979796767202,4.096460819292381,14.740932998545832,6,222.512750894899,1
28.400322876667147,1,24.9,89.34357606014925,330.1036827034901,98.55574532045455,4.341360029670216,200.86125043589573,42.92750140189849,24.518479519057156,4.179330552731517,20.92021085118688,6,275.13373321427366,0
39.58938143529838,2,24.42941960130424,72.62349295778283,275.7295850396244,102.66808367265547,7.078977552829664,63.81513542315366,49.086339786520305,8.751157935027843,4.201509359012722,13.3795554041978,6,190.81823314604296,0
28.835605205533184,1,23.39342302321682,80.52753820179045,208.58353870774584,98.15609343758632,3.1209834312026152,72.19261394231575,69.27273787162883,8.630255654497823,3.9608379058547833,10.230885846085247,6,190.16454447066042,0
61.628984805832296,1,22.185900534007416,76.75940048562549,177.21817132956286,128.35329283611082,8.08028184642007,93.94582443067029,49.095970967620985,8.807274900200238,4.261924833145399,39.323710114336926,6,205.55856011663803,1
80.0,1,22.577279594648278,81.85671675880019,236.56835313808546,117.19661953384598,5.288012212137889,168.42083162017235,47.49107121868496,16.141370184984062,3.5249830086131113,23.14843450299142,6,250.41553671317254,0
24.55860994739048,2,20.621513382851152,74.07250510068498,243.4933371016822,124.7214439073561,7.015778056343747,44.978765390367194,73.31558014760581,9.999263295033563,4.584937916474,6.7516659567850486,6,170.26135395943066,0
37.84295170046237,2,20.277925817795794,65.23827935187855,264.87508035771947,111.8162785669005,25.104391490675976,115.13716284820902,54.568311154575184,20.731824258260843,4.7615955591653885,19.73768981863905,6,254.75017337620096,1
43.78073076943046,1,23.41541708166494,91.04269666760274,136.54609241384944,116.25670125281039,12.326245731955526,186.29929869405146,31.51012398863234,47.832821501938994,4.361500201160869,19.258074186995675,6,272.18024765718434,1
40.61075065267674,2,22.244499263397092,75.97381672910791,194.75400772604263,106.51362187668593,6.501574838141231,94.70601705932931,56.43672362957737,14.397810110360092,4.240375376347933,11.55829405072665,6,188.80767566614972,0
58.19854633975142,2,23.41764521430941,82.25286852114594,271.6286695114582,94.85673873454222,4.879212025073402,40.3933102828598,100.26059823048088,10.15790382217453,4.04480418615623,25.51455638997822,6,179.87159886219382,0
49.477627331474025,2,21.69180380996107,72.7245427856294,142.70632869483586,117.24401808955204,12.94333796765972,127.02203603763657,45.028213454263756,13.380545818844114,4.042954460152187,13.775275841625612,6,237.0804856657445,1
20.0,1,22.62489956338938,84.13216004574991,162.7636672126422,82.52106371032387,2.3782050132718973,66.85775622362252,56.916607042092785,8.822503226001341,4.38434507695096,11.468113643399256,6,183.84117606686956,0
36.553598511607504,1,23.720352304849314,91.32931415431749,250.2410857469404,110.00876454939579,5.3518726756367005,99.15577592319083,57.60733251801921,38.121645425832725,4.585049549931444,33.99056668934044,6,213.16478043589916,0
58.49257752637941,1,23.30305201463981,91.30714124934582,220.71239958373891,132.91114915145127,5.43786740616468,92.58309375701789,50.2737829251916,25.298042235182336,4.104686160082342,57.69037400412547,6,208.63482952992823,0
66.88999451810662,2,23.4496678595937,79.61384495760299,219.21296360717358,109.29529789902263,17.88267103240357,134.2125598057285,47.90700409051045,15.437313883831932,3.982404875095424,37.588536094628374,6,291.3032994982249,1
53.15817995960387,2,21.8072657364264,72.82117249467633,179.30433592665864,113.79152610211705,3.8570011751040503,38.90860257026297,107.22624859391098,14.586779375728101,3.479065226666555,13.039263237039043,6,161.03868521662716,0
51.47437027873297,1,23.038165446450638,86.82540782668427,200.9259166438582,97.91322135066775,3.0972773824823725,71.69108900458548,42.77751914764793,13.547765479595167,3.861297069408855,11.97850979427702,6,186.99759551214464,0
61.64598073030446,2,22.62301213391955,67.01434941408458,164.8408017352637,94.10041970160682,8.420541982080941,72.56363251055545,39.190403680847965,37.8911786974145,4.05966667862341,17.30549193223551,6,186.38626523435696,0
59.06153156611688,1,22.77810982075255,84.03184576670797,194.32677325247727,126.03527248620064,17.992267619667786,91.93959760922284,41.83944033322242,13.986846990220151,3.585277142581695,8.158609024851843,6,264.35667354343207,1
51.26782364927468,1,22.9901701559998,78.63389892626692,244.0885295272208,136.27925803196368,5.5677355985174515,128.2914077821145,46.89777989708086,48.9933501110565,4.274866006343485,30.620300712463603,6,233.67078096591527,0
70.33233798176003,2,23.847327589694366,74.9002906271166,271.22942740519227,117.15579180966263,3.368036509207252,259.7874367261327,60.53970140492444,15.876378395363288,4.1892429496851555,26.711305615682903,6,267.8403475258864,0
42.02648019484083,2,23.833511519991767,81.1553818204076,339.81291344808545,81.50418816198122,3.643700980888391,47.08685443539899,115.42588771349938,12.431350950580452,3.7817356792647248,17.650352633220393,6,173.9056888947401,0
25.578073269158445,1,18.5,76.40897429092259,172.23447798778875,81.27194523133467,8.765377147498175,62.95728824357038,48.39218720647869,9.429899665633572,3.3903588274884147,13.500654937359641,6,184.72000379854828,0
63.42124560704853,1,24.9,97.17817961439935,239.58187499758014,145.56714222278754,9.01060695863474,147.00092347455322,52.51526931387793,64.77766793379281,4.133942206090477,86.23481295872266,6,287.29212391956116,1
40.97964655489595,2,22.773998610496044,76.55355546326997,311.4057628035729,117.21337439361774,18.939087610536465,127.8185938200635,71.75379853174213,22.921541140287836,4.146340820273967,25.7580628182868,6,259.0163218976177,1
53.710854664938296,2,22.99852821640712,85.74581422098578,125.46458812526255,99.2277294099792,6.949521689004727,59.7757478987707,57.53688483607963,19.443843545323208,3.6437783189493733,24.189723078508884,6,206.48836834834248,0
52.01442115898006,2,24.697891994545156,81.03063115516923,279.3391002600625,99.51173797196145,8.640828951995228,102.60678678410369,58.38428774572315,25.888035092416285,4.4233929971639,29.3158815613673,6,236.29260498241138,0
52.947501648150116,2,23.53457124979324,82.01115433971155,294.63647474124457,115.66019562184692,8.543071353997277,113.24076791147783,49.34665777461084,10.449606788831122,3.972769493025949,36.95493441305636,6,235.89911334725667,0
40.690134380047795,1,24.139550836896664,88.96980478232493,197.4717271503472,97.04008534864867,36.278498448184656,66.92602519256862,64.98247958250522,23.876016866171074,4.61927864247762,35.91660971180293,6,313.9913829030441,0
43.29661924842004,1,19.39007017043692,73.64788313825595,196.25364255157032,102.33816476998236,7.9776651406472805,72.52843932620364,64.31487281113782,37.56621853269727,3.92428480868721,20.7206486332548,6,182.6158592935734,0
20.0,1,19.377568002489276,76.25686127427137,229.12155567499966,70.7675469517429,1.5,33.37929353403996,74.0014992683099,22.569232383810927,4.427684358931267,26.794349869257456,6,145.6249029125414,0
41.17818270795119,2,23.642202789569232,78.68532484441623,244.7994451888108,110.74661124606605,6.742971418114365,60.03583996852026,80.55370775886436,10.381831107137328,4.270068112187706,8.8531369552096,6,179.40598193250574,0
80.0,2,24.9,85.7810018059985,241.81963237805076,150.17416929940504,20.23160909685335,234.2808554207214,62.81399183760279,48.94205984470913,4.257427690946174,36.38722110295667,6,337.03893728448503,1
63.08961757915108,1,23.749027772103172,92.34814473833717,246.28976546512206,120.81634478735295,1.6106106658690542,60.78068154248505,44.64798574602394,27.991944550694367,4.2201004130557696,22.68532987900595,6,211.0312989887264,0
33.751676907990536,2,23.00526330542957,80.00682238662318,298.1801955917956,96.39940326880308,10.569522224615822,52.975765239268256,68.60766219879174,22.341205151803116,4.701975855246096,33.383255922474824,6,211.36004745515302,0
54.18933647248312,2,20.673134058515792,69.39335626131364,148.7188965293552,97.04519634139321,4.679428960582573,50.98858028330222,64.62518827953873,27.088296086054303,4.35324378916825,22.000421102444378,6,165.75551025115072,0
27.530795057313025,2,23.82474012822538,71.61999065301463,127.32252311172965,76.80032426546333,3.9141033766361715,55.43598181525645,54.006700979336905,11.189480659923088,4.381620385596669,13.667610178316874,6,178.3810687682776,0
80.0,1,23.936692117326633,87.20791489059549,111.07310658465579,108.56500055125063,8.78886037657106,93.46002053562184,42.04722155221378,51.3953792955541,4.4563307440264595,20.12115789867785,6,215.09082981447304,0
28.274891554456346,1,20.77194618997811,74.9321207299371,183.06594037773112,101.1909686436032,6.365918340920912,41.17998942577237,55.87995866400795,19.79759401069718,4.158294668272999,7.405792583079813,6,160.04261473993438,0
42.17024787452906,1,22.506578444830577,82.22637802372746,231.15076215599785,118.12316464438992,17.840207037798134,147.13506274552293,47.52702047968576,39.54641970329948,3.899216213648116,53.88908208202692,6,277.36128608513735,1
49.72617709660864,1,21.09744360144845,84.47189993203558,162.40972086135707,109.11968833195732,6.989806836988881,82.53844012148822,59.003099992579095,12.643367502290259,3.8517484939757307,13.303172777618743,6,180.21418245039064,0
42.893297132226586,1,24.9,92.7472277084883,120.63199179708305,105.51594996845917,8.406819246495253,47.45490944913445,60.653339686549586,27.016428125642015,4.571525587341005,18.370094593641525,6,221.7975549300708,0
72.31161747225332,2,24.166041989174637,75.05699573058952,276.33342563831735,158.99670205700644,31.499776822400804,156.59584678598574,38.04212730194738,5.804355706921255,4.02773999514278,24.604106119565735,6,314.8392344601241,1
21.341047161574892,2,20.17243185213206,72.25814939445488,188.3311546169133,105.94625653262085,5.689922416528172,144.43181700481756,53.44354574023852,21.900395693440785,4.08062618255077,37.19843178142994,6,231.42834114837595,0
41.42749334882846,2,22.548620693141487,70.94844517733551,274.59532777695216,103.09268980810772,8.080710825740743,31.886124668233485,80.93542288072757,13.772946341001559,4.246328737839723,24.324319039703894,6,175.5195498093437,0
50.810828802635626,1,23.480521135685596,85.75635052464585,202.27303331355108,129.89283228444037,8.777819596554703,141.2674270411134,45.661628319419876,16.364823391968137,4.2901268848353835,38.1743506540001,6,264.2709084772586,1
76.59041074745102,2,21.45702259146342,68.92958438352497,158.51034202830678,110.65463566801402,3.753163788959996,39.86367196997949,67.72267647184351,34.46507214850101,4.304021167430258,49.73771887019962,6,159.73219865838752,0
47.987690084960285,2,21.525173256955988,71.08041076714075,173.87278130127544,107.18836404180541,11.426131377731835,133.22712956102248,47.87157997510955,13.746084023531976,4.441614442219405,16.150847128495055,6,236.83430478185784,1
55.70717670862933,2,20.204774530324357,67.09843208830746,266.1684968737365,130.4773937441222,5.662153521994998,248.3084241047617,33.69106031889445,13.96213441191337,3.7510017722285918,39.80674736180597,6,268.84585582481327,0
46.85240589160119,2,22.66031078780705,76.71756734705758,166.41384560766465,110.51622684632355,4.521367800888695,49.1435507144611,66.64324445564434,17.144938699094737,4.370040545074853,32.46459507838878,6,202.70844414841707,0
40.35575939591463,2,23.155824831465328,80.48974838273885,278.67041061543733,108.71311578500816,5.8627174867911584,72.24224618576929,77.45183611186165,19.706757328462647,3.84567285872069,37.471125244709484,6,206.5615504830368,0
40.27889224105803,2,20.41482347871207,69.87802394163629,200.04357183766305,107.04919526233262,9.389911409605308,67.18334213583631,75.3394612255391,16.73841450691714,4.050411326782454,19.07166737053904,6,190.55926201194032,0
31.283880030848884,2,21.993828865813963,75.61340564456215,251.28711619912846,98.18229086200103,8.973422387226416,89.48471006306183,65.51456127303453,23.90274765487969,3.790204926635176,27.48321967334813,6,225.58138842309933,0
66.48671201482586,1,24.33676980461243,86.63577569958555,251.05093037310036,141.85649212220832,15.543150831706251,194.338689374944,37.05532357514682,52.850390619002205,4.244215783610464,88.22773870675661,6,310.77221790517626,1
38.49455412894545,1,19.59285287252628,76.69827742511315,241.61175242148315,83.2130627472109,3.1628054234242917,41.316792260883446,74.13184758695256,9.99016484395828,3.602435282555326,14.643904786477263,6,180.31106761099122,0
38.063005905039134,2,22.256150197273016,68.22635381478248,247.33234606708172,71.96858438655111,5.5006013585485665,227.54784485113197,39.51840065961305,18.498393171040053,4.248713196988652,14.139376822184168,6,263.4307344233851,0
56.00893899452146,2,20.822384865034344,69.78408212813235,247.14480740893833,108.40575384127412,4.517960977299592,64.95934481581878,83.86624209354841,11.008377148333294,3.7139826520904506,25.849992334597157,6,149.72720621919086,0
30.74947149467438,2,21.20373615772069,74.68469319435256,249.55164539184466,88.15698071371112,2.7778583797600263,66.81998433860392,60.79896151092231,13.17196870098335,4.109390190446053,7.0422541081226,6,172.21062752866197,0
45.16616633225929,2,21.128997717214233,69.67369610797188,199.92767092434582,106.15953458297972,7.544131907838233,74.62170269024084,68.15896930502973,9.531775059162543,3.8707810609318383,15.13507781848112,6,182.5981780622977,0
20.0,2,20.563761276369988,61.0638580489678,209.00808717009966,102.00765909308535,4.4539972687733425,80.01797534516605,53.17492297296367,13.159028896380896,4.099953030102161,36.381991893854426,6,167.85060690676514,0
57.440222014189715,1,22.073939019508764,84.80846787938178,254.4912639063281,111.66301810897362,8.721716609762083,55.93091918313892,70.95492470492577,26.13143611100466,4.213191617350358,9.742672380737927,6,183.68062298637668,0
59.239158351343285,2,23.01877632835408,77.03115271948646,223.23551608483334,93.27730465088273,9.561529241340539,92.14749763994409,51.544999064678414,24.39414656187681,4.047680831011207,25.805845773220693,6,215.8214577008242,0
54.36657818655713,2,21.75850690275416,74.13664812406165,162.18977871664097,122.49006388292096,9.780900674595381,77.86766531624531,53.10962138999478,24.64699911183546,4.096499991195814,36.38392969767717,6,198.22203375505063,0
29.766094790551822,1,22.805927401805395,84.30526473031571,245.5719948566918,101.17635010080667,7.203872657016489,270.971692463734,41.867312414074945,20.065492676095634,4.020409178017606,29.805155505863713,6,275.26729458888934,0
71.9903956578336,2,23.522754228424752,77.38005047124108,220.83340855448915,118.31895723781797,5.108322656725178,55.23727281685024,92.65986588182245,13.83679589569361,4.499445909568755,38.83875545082979,6,168.869955466355,0
80.0,1,23.10955531054888,85.97233218954365,289.4392404023719,104.4543863843932,11.802839651252972,169.5090210056728,50.5430935716239,12.809870927473934,4.128535165776532,27.355493072148317,6,269.0096154013779,1
70.38088473801287,2,24.9,80.54872248504037,331.35923749457777,120.81434529147796,6.9921172396460785,109.10787242792209,40.33535409757669,7.532186579299145,3.906147695472842,12.937212755354327,6,232.59653023787467,0
42.71140589508085,2,22.479170006954234,69.29978778629412,240.44831866916653,101.44807004615754,6.443710562781515,63.87775399771773,55.38388986711989,9.293602478097341,4.165558286559183,15.683775815767701,6,198.69010364911446,0
20.0,2,23.681858317774157,78.91986635736062,232.95505326807196,98.44503079351495,4.520901608152079,95.46079349916911,55.36773795402591,38.78562255790606,4.669523391710838,30.892993853191207,6,203.03438874928932,0
40.94609052096581,2,21.489748947288607,74.2567225133142,248.10363068149275,94.2444706928134,18.477977970598097,168.9578984645664,44.134816623951814,28.16908943918553,4.206241649837916,21.09607524944529,6,252.24743791759255,1
34.03441460123986,1,23.878868436000207,85.43101087082206,141.23740581829276,122.19283350639502,10.599127911128845,145.45174456707196,45.135206052406375,38.08276139235803,4.191426186243805,20.795784188134157,6,259.64882287283416,1
36.780991519585974,1,22.526499281997,79.28565766095485,255.26944130756937,130.46541906855663,13.315318318419791,108.09983948022082,60.95869892905651,41.835227509249776,4.780718677950396,78.72851495039775,6,240.97344689090107,1
40.814662264529616,2,22.3313989304053,79.09357454265484,178.70729320432568,110.76169679939282,15.61095635430668,98.78035783069755,57.71573168023668,18.798287568111792,3.977134701595526,25.894378781553144,6,226.29640240503497,1
51.88265097642831,2,24.409760168202723,78.37214694426113,246.05381394163877,113.13153786234938,8.514543131366963,303.37060159525083,35.784123806221686,29.17676862567787,3.7627413414437587,36.30707875757895,6,296.68359325069963,0
80.0,2,22.669947557412883,80.06261135320764,194.1966191763011,119.49114196603439,11.177712435121373,104.9421994544116,63.88257460628411,15.294931152300466,3.615601688472101,9.90002847059466,6,217.07670447502537,1
66.16366753172946,1,22.02989708094733,85.15765079740272,164.03853774388824,134.85744809787644,5.953399589511965,71.5079317637648,50.83634023767565,14.690566422621593,4.200759983978632,32.029871698929355,6,188.5040166665449,0
48.103035130307234,1,23.822946777200478,87.53845223135106,304.49902099856166,100.00823234878365,2.8474582870981084,85.09090151599109,79.2818634205433,24.28583607577115,4.297110067061112,61.66536052385444,6,225.9417239135213,0
44.695133222890746,1,23.018333832071242,78.85761999014632,282.7314896778309,115.31183376743292,10.994272880078588,79.32408673134385,58.52819376236666,27.051218812194918,4.7450138761344,15.843451442156208,6,217.28654679788355,0
65.1053680231618,2,20.93070581565584,66.92708544693005,287.5888209014228,103.99057563577345,4.589998174900918,91.68183048917072,92.14235456316553,17.514121754110942,3.8430015175764916,21.000893725496777,6,169.8042448399418,0
54.46830622863519,2,22.515200579702746,77.12552676243055,267.3150337185479,126.3466180325771,5.972302108731579,117.67438994363552,41.94288555273938,15.916162473942547,4.110268896451999,20.52596932701629,6,198.91854485325902,0
60.44112726118297,2,19.413787155749862,67.04473136184984,198.8720753948128,127.5603662029794,5.416288629734677,36.396316113928485,76.72536755674167,15.572543636294675,3.9531183747805483,11.224265220369869,6,168.7608818686758,0
80.0,1,24.9,92.72094787216339,80.0,143.70802022515917,7.500509078386903,161.83133667460817,47.10787817205209,56.37440197725092,4.491480017793606,73.51104398188814,6,263.4701783840905,1
20.0,1,24.178683224094154,91.80948132331109,215.72883718168913,69.38093528463264,10.292863387919473,57.8873765363597,56.46627262004288,17.819106737834687,4.670192842260254,9.803516906851362,6,223.21971221182045,0
54.0899685453989,1,23.445204420324945,93.21621071072146,230.86910579590005,84.08445339104271,2.95107976795135,71.14907022868078,52.369024815503806,29.522457754093526,4.2783690722002,25.818816999486874,6,191.51196781030453,0
53.6876276408252,1,24.867583602744446,85.82876517908254,221.34020261755026,122.43177977857844,9.260503441718397,166.8693572080705,42.106358417423586,13.426143685683229,4.317009709669731,43.835644086864406,6,276.35705721372585,1
80.0,1,21.900120504617043,83.66758360938047,170.0826088908603,113.95209084918412,9.483786947152844,136.7326938460048,61.910127842583385,48.75072309832345,4.3167234950410815,36.95950032713946,6,230.95343303372726,1
69.45353150494026,2,22.73975950218946,79.99650694634036,257.6579604153686,98.6526071510893,3.3488047238450056,70.33666320675722,56.258664158995295,11.078931319399107,4.215251853976189,16.513028154117226,6,182.97180034056512,0
64.2112035139898,2,22.97699836406845,74.48155623489637,289.8638198017018,99.58319966505698,6.401399300575871,119.30547914829711,56.99247711234328,7.736988806386623,3.533727094718934,19.28722392651441,6,203.71374588732718,0
80.0,1,23.371125703650133,90.57458249934659,221.07165258539382,130.26957962135432,9.547265206941749,314.7585014731394,48.0075025194249,19.2646355881348,3.6884281241299677,34.82513268257027,6,330.13269476577955,1
20.0,1,22.04360217319822,80.23329015977417,294.11661434081805,69.9968938399941,5.601559194865403,57.24918399823897,40.247690212076186,37.30943406934653,4.382364351733445,32.08914272261471,6,188.76230730226467,0
46.246059937159714,1,22.68472374687373,84.71085130554134,195.38391745064257,115.88146280733505,5.2647060171895115,34.162993615457175,67.8954353535729,17.46811718610887,4.6617513962580786,7.246156911157571,6,183.91606902977003,0
55.70640262084866,1,19.89919226627918,73.38394214986707,190.9157395622467,113.60156008723447,2.4968757715348935,44.746822857249036,78.33941879654468,5.835332676167832,3.5140161630918336,14.561496127116795,6,161.15385545119403,0
77.07601812128168,1,24.376442142626917,94.29800995291383,226.29121137189188,110.3291490043349,3.8553984802357073,172.5031967654868,38.19223967247223,19.736182730530317,3.9546453441203786,18.67425839470085,6,277.15453893334154,0
46.563087572859,2,21.24288873125143,70.21823664946726,115.2165052677797,86.89863825424523,4.386953448526633,48.54459121998255,87.66869693444937,11.79737508143248,4.50427251746001,7.857038984110601,6,160.93791305555746,0
42.73078411446811,1,21.484971873842785,84.55239679427979,179.19340704252988,92.41545749779328,2.355256224563943,47.943747586544504,45.00155834280059,12.806344232362349,4.081700480756813,7.5486497735112525,6,176.96087884057675,0
37.42307113139452,2,20.579242845008427,67.23533226551403,242.78747512466134,88.78021120826347,3.1914631368503215,66.90746698285945,99.87777822190996,11.74958927095336,3.749163627682148,17.673098885742636,6,165.5097315990977,0
23.561800844334314,2,21.76718810485629,72.36744424420655,238.3941237305185,87.58432916867218,6.12794636507709,123.83070428016713,42.785302572053446,18.91966140285068,4.435407397335191,30.66429684426093,6,229.29111907128578,0
39.447200928848915,2,20.750852136618292,70.71349157811284,277.7866377210759,105.00839423917327,4.535739498418659,52.27205568406961,95.36790812784085,6.935233569925172,4.30942698933387,7.777818874842032,6,185.87874646542565,0
20.0,2,22.260313367920734,78.56041838816398,198.46401009431253,74.19455776737621,3.034319453405425,52.99064929648135,65.01564232239483,17.146916627439303,3.7468277004528625,21.24074072343154,6,172.70039545509263,0
49.63136542631893,2,19.168434267509664,70.54138841601154,167.79148061460785,89.4226635265244,2.0527619349126263,76.02583680942725,116.81708446607908,13.041972371956279,3.7666187024121496,23.28629331748676,6,165.38384744137846,0
25.866936768000794,1,24.296400506675383,83.80365193731924,112.99041757557703,100.38582950762802,10.228275242806566,67.59695881973232,68.22822892396968,16.048987421417774,4.401633392669888,14.472100488729538,6,209.853046323254,0
50.622411714464675,1,24.41100170699087,85.9875914829971,262.6118132354533,111.57607262050271,8.472063054702081,212.67239116881257,39.05667744523671,33.57120300547968,4.228656545494712,83.10916554863472,6,284.9665602378675,0
54.729264452077494,2,24.9,81.52606418926985,238.12414448826684,123.74690734200543,11.263745032852045,101.82971116111828,65.32153252031198,10.487970774145557,4.043500833366502,24.124218814574135,6,236.6744468111666,1
59.6027489706197,1,22.34048046326423,78.6166935249393,236.46578368660323,122.13069249801536,18.127617237234755,140.06628606457178,57.27807977320042,12.746904968260772,4.089106272672974,14.526902392427877,6,275.354308105384,1
44.615463576139604,2,24.282799852017575,82.22664316777727,344.64661095947736,129.7341447899915,4.3653301955721,90.12612330355151,85.71013455499612,15.559162847545375,4.724457811799678,19.66455408205202,6,216.9411729007254,0
22.345317274342833,1,24.672211286149942,92.98902971330207,146.04892423286316,109.02987262628208,11.760696441192216,75.39382146028997,59.567306162149855,12.750077974316328,4.198060941122868,10.058432170341144,6,235.63680727910833,0
37.48709575839873,2,22.43998164045326,83.35049991350378,205.86609938850697,89.45298604969445,7.761644303311207,125.60054342286233,54.80682809792434,7.587680564872905,4.01670052336145,9.941309122406542,6,241.69991610381965,0
48.46501522234628,2,24.684212704109108,81.7415694221386,111.67949701377432,91.6754607241741,12.625026158440741,76.43078674739033,65.5632555906282,20.976527257040402,4.321611935432258,19.095279906709376,6,219.7396967895168,0
48.981403749745354,2,23.027523762918737,83.02241886849515,240.56238057096166,73.835251918037,9.908158240944683,44.76062621106135,97.80369703604268,13.648576370664104,3.546908742810695,19.299462187914454,6,211.3520269421696,0
74.61235382252323,2,22.28415514345832,74.06373462495395,160.37475431198487,128.7524767770637,1.7675623583767701,72.30508822524224,68.61411423103087,6.70885583501756,3.509386171064319,11.776765185339075,6,175.645835406554,0
63.993914780430956,2,22.499720201544633,71.72088770935477,249.27010582285803,100.65591333955706,5.4644052126202025,90.70609500460024,55.25379029898638,23.923209400305865,3.995438726237572,26.804023661240794,6,196.21614235831532,0
64.9352316448536,2,24.9,83.34484938619852,231.9607531122221,87.65340478958001,3.941538344096873,91.25622661606313,65.24142789256025,15.743463754657745,4.049075670133145,21.39568760458722,6,233.4362470062766,0
49.11224512741426,1,22.110265877280167,77.78121986080679,105.98880194291682,79.10579467771824,5.178228810095815,46.28049271412233,63.87554266476199,24.771695171435034,4.135022181651207,8.750889860701923,6,186.62741593538829,0
25.632195152436008,1,24.139983982531028,79.04207856373736,251.64461159487357,84.87756751932449,2.3413684365275533,71.14253797459985,51.09684188986171,14.465580555738002,4.325972614868498,11.211911465098234,6,174.13559290523727,0
61.23449238851655,2,22.574943327460645,68.88742181191132,233.0730151538189,91.75018638609225,4.782704356382031,141.38385064659045,54.55823373358457,14.130612041739164,3.8558997418882357,21.17546008646485,6,186.95074074501466,0
57.64532478637674,2,24.09754831480991,78.61730092049991,223.77830920569218,96.73832623040242,10.854420076301011,135.79098644737806,60.68492205525535,18.079612147211684,3.487868845232756,19.345713473593552,6,253.59591525845678,1
59.18096804579358,2,21.702551756765388,65.56570374632582,268.7835829490346,105.98561584660652,13.724175282751084,105.00777133207197,57.25370068492745,7.2085193730210015,4.094833375779442,13.170271761094675,6,206.7814292083317,1
43.48103464205646,2,20.86173686634733,73.05407866524838,226.40988279685592,129.62942818033764,2.945255670365788,104.78895351749905,50.783290089861666,12.677570767386017,4.077188737245871,16.483239297433013,6,184.56642035857843,0
46.235730737740646,1,20.530498467801273,82.65887874868689,238.24501223786558,137.50457828437973,6.756645209605875,95.67812423881374,84.50173567306392,31.89213805158026,4.5785454001241686,30.5212062171414,6,209.45315214581262,0
34.723008180647696,1,21.531520311701033,83.97867928485054,220.0445479594446,126.21381651384716,6.418482930570688,104.86425965156248,40.3117327973725,13.470905928856661,3.5065945436681756,12.550820785188755,6,221.61388218423977,0
26.552078633079383,1,21.421586036857914,83.92654572389523,239.6805159743667,109.05345395006276,6.425694794272271,94.59218024064491,67.1023564436355,27.669311503181333,4.16404730005066,21.949039002949224,6,194.87441320085173,0
37.27401734568267,1,23.79139142456255,89.49646459013161,116.0630552657644,133.33400823225605,6.86882183959257,77.5048844878517,54.51838405968875,51.43001395711138,4.411020445652013,118.87867237258683,6,232.82418761605774,0
50.27863216706969,1,21.18852188354486,76.42449712605415,176.97445547724212,107.62043745671684,4.0701966416499475,61.89044976027993,69.71175586016014,25.973935045401234,4.379454081651231,19.19798528305693,6,189.16074834906152,0
50.172167151994444,2,21.32406511937885,76.56225856046605,244.1810585840634,81.1514043796225,9.85692592286475,56.11582827339084,68.37755155295963,21.647909900922734,4.485031921913774,12.53698722036279,6,184.7379912979728,0
41.435824353003696,1,20.34200861828608,75.37956532593351,225.54902058257736,104.19689685975197,7.848825222975628,77.40329867335524,68.59129248817986,25.29709672825314,4.498935289634484,41.0118500991039,6,212.48272227250533,0
20.0,1,23.451096227577377,82.86646814192497,230.397014389144,100.60617501244498,1.9958400321817038,28.858734834537135,54.85642782714612,23.73254950124881,4.704706707962506,49.15716758586496,6,170.32038971993072,0
52.30269202814215,2,24.231680600243187,75.17375191257666,201.99623926280054,116.81893388711924,6.723113881750607,77.01402145166678,69.24117424829267,21.725818044991925,4.469027302009505,61.34373398177981,6,189.71352070077995,0
55.623636855579306,2,24.9,93.38962923914762,241.41465342399502,119.21282465051776,25.004065643718004,119.61065990250509,56.7648733344059,20.558942402376495,4.672048137953314,33.026234734811325,6,320.7877587626965,1
39.72689093362149,2,23.370479512487208,88.89378007000003,229.4283538618781,134.09023377949345,5.697103576869852,58.35792950393034,73.54167611171302,22.22631531484211,4.296580481078701,26.245535240178906,6,213.45803704859162,0
71.49028496511274,2,23.6886171916406,86.33107781331638,293.6354041614852,108.46586145411827,15.04226639062433,61.74301018047961,63.5397255792702,9.261937685648277,3.4004190871653988,21.86827278674893,6,235.81468806982147,0
47.897184325619186,2,21.960504976166646,72.01593678263369,190.4493914766555,111.4968338045527,11.510846653606011,153.48337522304323,48.3130088109387,14.992401549109312,3.9198422575646137,40.13261664893366,6,231.64198941716546,1
24.781482678343068,2,23.514309729788096,85.45287925961975,148.81133624848212,88.66023613960701,5.360917959633749,44.23058593238334,57.150348482413655,23.597994795393873,4.307360376822174,7.557069354151185,6,184.65849720917106,0
45.69975553470578,2,22.429028102068976,76.73119550850602,346.1228062253343,105.2821395274293,5.993055351846251,103.13041720607532,75.61476571953308,6.061157793892837,3.768479349915094,10.919315185415106,6,225.6815489400409,0
39.16252094619465,2,21.980446363553682,78.36303371870937,281.66934419262947,98.71450708633533,3.8268271707547448,92.81233966639603,115.294970671666,22.001416191571373,4.251684356348004,14.730905310181965,6,188.99255979316942,0
61.592495210139695,1,24.9,93.14761112778035,225.34414046976264,158.47178325322318,7.597448719660578,111.39873302082951,56.56528961499154,16.987724788165405,4.1751378478748995,12.77654683548592,6,260.74437251450917,1
20.0,2,21.730262004122796,79.19202338497551,199.88561062602346,96.47824402761518,4.430496392033684,45.53337969322792,65.90035038433682,10.337011993349366,3.849999848920813,7.726625213728787,6,165.07707864096392,0
41.27181237507136,1,21.436284841966483,76.3706991598019,222.27714853994368,130.27413962062784,13.835155538200564,118.36264978612702,49.60842507597322,13.829262569940939,3.9099567736883487,14.401157537524904,6,276.1655655691496,1
46.76158359782745,2,19.275812086017563,68.38817187304387,194.29227298760856,85.06854279386125,5.998219489348488,127.57036937301288,63.21390516297923,12.185356880514838,3.896557664915064,13.979117088850044,6,198.04515598302288,0
44.01766017468559,1,23.02824808748774,84.87874714849053,315.9896852753913,88.88721732960681,7.226879676444329,67.25861804011652,65.21144310083464,12.667375025209253,4.059890998757901,17.740357216310837,6,194.48275684252175,0
49.00954060452975,2,18.83450019165233,63.72799837545672,143.1534300150871,122.33767332036683,3.423984860068077,73.1532786538469,56.623975809510924,14.923617298684526,3.594005723780607,12.886438700310825,6,181.028099259959,0
70.12109543306634,1,22.6063706689474,84.85810587221043,200.30378316100814,99.47423645626412,5.178370087784217,72.39340232792198,63.16629635346231,13.076461589993007,3.7900759169913436,16.491757864212694,6,193.98514395616354,0
40.58379282608937,2,22.61899303596329,78.91049367467895,207.15630713316523,81.67958219893193,5.8155978418952605,138.26803516216657,45.279647705861926,27.27281660391419,3.993770209008263,58.29994204150375,6,221.38978559196664,0
37.51049879542601,1,24.372269989897745,85.97196164396104,256.73435191681364,73.76595891064386,6.379093679687174,64.46866519409278,41.05755538267562,23.380142573342525,4.003597580697861,22.81890166768015,6,205.57723442525437,0
52.017623074333265,2,22.724949374740586,76.42259599093131,111.52924445369928,96.62011778108611,7.8962487846451115,71.5426188116305,49.92107734555714,26.838438178149683,4.427852598824983,18.203747750053,6,224.23989709576006,0
23.554075212354675,1,20.46763665062975,81.4084987835302,219.7354447652026,88.82755906791877,12.269827278701973,102.47122987471826,67.15127770343236,23.559108016597712,4.260168869846058,37.95899343180597,6,249.48033035343897,0
35.5591919994577,2,22.5573727381951,78.33229605950864,249.9738182156042,98.56031815286258,5.2793231237109,51.21490990363135,53.23048225364002,8.58862911784314,3.929577431394333,14.939704815155764,6,191.95955680538972,0
38.018141602382656,1,22.14220002324915,87.36004905327657,230.5486190590455,115.98856600872288,10.052621124875534,179.53577943255706,49.28949546305015,24.542854488394166,4.201983459218528,47.84056642510552,6,273.4566882595829,1
28.409940819548673,2,20.454186409851616,70.60712893203075,305.03287143166034,74.08897644297966,4.959832397388751,82.12017520082475,61.60879082235413,30.82753246751276,4.109256659993013,19.41544275939596,6,183.5137083158846,0
54.34169414250439,2,21.819382024049748,74.2140560944396,327.8436545735084,104.7736938965566,2.4902916796200114,41.245419044789955,80.25001789985006,5.0,3.47962831328993,8.573907438649975,6,173.75379985999362,0
35.74408894391942,1,24.83232059075992,86.89758539530715,121.1163203441468,100.78458607131448,3.539084237648274,124.23918839064751,59.20187696201672,17.369826054670032,3.8954564160905893,20.534641116365524,6,230.55440700541655,0
67.17006328843676,1,22.919992449705823,80.02949934099499,243.52880246607594,138.19386794317037,4.139866932935849,112.36616275945602,48.98301138298515,11.369664057699605,4.200287957158478,8.620842635312664,6,220.4683141603504,0
52.726558451764284,2,22.527549598379764,75.78572120554246,158.44725316810587,88.94284230850262,5.517203826622834,56.392782513958096,108.20938917296296,11.601431550457557,4.136452472093397,19.702518318116336,6,195.4328024699762,0
61.09766463780447,2,24.713898268580614,81.35109987011188,229.9819450074259,107.85428810704235,11.206699329959315,130.5413947986827,53.15096756303105,28.194651307229275,4.173734562372192,67.620863433747,6,244.8114286442004,1
29.316525665255234,2,19.941101817724043,72.87332963443676,165.37148894558487,68.96380728901649,3.5604839622453457,56.67888044009484,96.35750647584204,28.236220086727943,4.328331920529307,25.81376185769393,6,170.61828357118523,0
55.27754038545028,2,22.172007455250323,70.41366414284035,238.20853310782275,106.93159300762792,3.3337285291881957,95.87093609618013,82.0460875800733,19.70159173213648,4.201269698844923,58.436674276225666,6,188.27445701854194,0
29.97759969893086,2,20.918162833076032,74.41536251347632,172.4800198430025,59.94968504947455,5.07418722432148,50.72968465390957,74.92569317954175,6.604579536114522,4.153015690534324,11.148964224927656,6,164.86626410157254,0
46.321208477507724,2,20.375209991206535,64.0664306195009,128.69946441379577,130.47155562308973,7.60990925005492,182.60523137023463,41.68118477696321,41.63851585014002,4.499120632476508,21.175000827936135,6,208.40235176518883,0
49.81664604113985,1,24.9,92.10764695138505,283.0556094540999,124.08922236632999,18.956299041583392,75.46541190943029,40.50948584087354,19.860960072617676,4.527340736871343,19.753412454487744,6,250.04066006439274,0
39.4705294589588,1,21.414579897907082,83.02176424882012,94.60282378274007,98.7019266719064,10.846312076278409,93.45019426237208,45.94959736194738,17.522499157922198,4.312939044625267,18.27036202650684,6,225.79448633216862,0
49.55553560652154,2,19.805010136782784,69.27376911196804,211.04509914030825,86.6242970201841,4.462709800103115,55.069443065447636,71.65298054218893,12.081933226264036,4.213277084007648,18.61439856074763,6,177.48853536381853,0
51.67792829626586,2,21.956697874404313,74.25684970881363,205.10820162949898,143.6597947896839,9.406504477201839,124.51048615506573,50.37934151346296,22.791159681439705,4.250093582409069,35.60624731459197,6,212.49115933966684,1
41.636276252801686,2,21.376606781970025,67.12642239949558,169.11384731054326,111.43976403561378,12.387180453723275,100.54056175040644,51.44606282086257,27.64104183044959,4.434635274015012,53.323101400646564,6,216.84928053852505,1
38.255280078914296,1,22.713906057316727,85.61262000879944,255.50078733922578,114.38390713022018,8.543058314982467,89.9775372923176,63.484946151485495,15.174835653064985,4.290278466919563,39.0448833375551,6,212.3412865228807,0
75.76284654124964,2,23.186722201289513,72.04791480012788,173.212852912728,140.67774845010638,15.087107105279802,260.11153390718835,46.92434444041309,63.46163441658723,4.504054842881071,45.514292979822514,6,308.53375536198115,1
20.0,2,23.49956815451363,73.92992374268866,236.75207808457193,89.10074148368919,7.459771249609922,31.24662835383687,76.65019808259926,9.047992066610894,4.565661484510262,15.077173584947154,6,171.41309935619773,0
51.908478944391426,1,21.30116322164943,84.61432615872006,219.81084121298042,105.26123459183215,3.998461801977477,79.3250008793998,56.143756915823936,19.724352657809852,4.346298725049604,17.480168680365637,6,186.5486281764655,0
20.0,1,24.9,88.87221880719567,242.38429755127314,86.7221643907436,6.830631493024905,142.30950992435282,45.79719981170878,12.470478406673841,4.187429339293014,13.81244263724148,6,257.2985106972794,0
71.47347339648192,1,24.107869253734208,84.13663282285823,123.78719065757855,111.95677137756218,31.453952674262666,143.01554731051482,54.348271095650816,40.69690026964022,3.9945871941772086,14.774000220916722,6,322.81447432964916,1
80.0,2,22.922025214989315,72.18863405634903,140.49117542335932,103.70915668518555,12.695284552422555,291.5315904916725,45.54910646722974,32.272818933831616,3.74167991810244,41.452048172087686,6,314.3128630363829,1
48.31266548260782,2,23.097828885060892,78.59238287251404,149.79842935982265,112.71887671775062,8.118489619464055,110.1391667086948,56.88660347840323,24.017736358683056,4.627245500263358,13.280990364694837,6,212.4855544119233,0
56.33161580712792,2,19.034831838692682,70.15593822244088,230.33352866100543,142.88362793642156,10.437615419511726,131.09766892831797,71.48613238701728,13.54184611556235,4.484826336675016,27.749795690416818,6,232.144988312259,1
69.25200159135865,2,19.615690848746993,73.13957899830719,268.6699434454981,115.59014295975432,4.345170419692057,31.014326957634342,89.95636514354442,17.253593856134852,3.947885770538601,27.38055777661831,6,156.87159986643772,0
29.309871287262705,1,20.917158049700692,83.7164829142124,285.98758419504753,150.57514361588073,6.874639825581946,128.8905945972157,45.90674931015796,16.234958400948386,4.50483637236225,31.21590539718597,6,228.68065786265348,1
20.0,2,21.949929813958942,71.83551061862379,220.53256875373145,83.0386965388157,1.8864485667199586,47.06220629733968,63.67423253824667,7.461077726541158,4.307249196622007,8.805721720326401,6,151.34505051679943,0
63.195188424420735,1,23.353350866598007,84.64057254326923,249.99212925639935,114.81276521304406,9.407846007919563,43.702957431938444,58.5716293832751,11.867969719037134,4.257184126518045,9.195522200808474,6,207.62577753309589,0
79.48687646010454,1,19.09485900234523,78.71531018810494,210.02890809534975,112.34585792426539,5.357828638746898,126.01515310708697,46.11773570877533,47.36320985279585,3.8639495215223336,28.990860749577088,6,217.60846112504876,0
47.457792431366606,2,21.76987085061832,75.82943786595986,236.8386275395157,91.36571197146603,6.867277625540445,53.0731651851225,53.06670036684294,26.326669549724663,4.9222004035392235,12.419010877146935,6,200.42060242149907,0
40.549623886442376,2,20.653274272519887,80.20647242902332,200.68388747600815,97.81299279130084,4.253483160919455,23.986464345960385,57.084782684626035,12.87090458546269,4.7511999732791645,7.678671069382752,6,155.76321235759622,0
62.56351383670381,1,22.90104612240922,87.88541094570402,186.08301638735446,101.24706922504998,6.784479133144314,102.44148040910002,97.19926948109273,20.35998722778113,3.9464854106171265,49.29923772264581,6,213.98432343030794,0
27.28229521981045,2,22.184432116387168,68.31436072452556,253.32082990469206,82.3344162581719,3.56559187278668,30.553627057002164,73.03994605774542,9.329113029771898,3.499754481532976,14.200017777669213,6,143.74674263784212,0
61.385805171049576,1,22.32697472292295,82.03811641969136,257.9344644906066,130.37453695113888,7.356530079683415,98.02033082304055,58.33459135943924,21.524299085427856,4.316284486206348,39.35437841029328,6,218.40958287131835,0
67.07499191191228,1,21.592584405916906,80.88461923025466,285.6715610401779,118.82533243036028,12.565819872436611,152.32413379301948,58.27298581005674,19.839267115324052,4.1634084532548155,47.108878673017664,6,264.6853766167572,1
74.7263882960452,2,23.906681032561476,75.65668323808664,134.07032075095955,145.55477089385462,13.373875977016468,148.8631238645424,47.45485755892591,10.014949991844214,3.7737572122943823,16.33911624172017,6,252.36711896823977,1
64.31647675005081,1,22.045748837340973,80.12827546181927,233.7865505635429,122.68617224243772,5.557877433015222,110.03846555506391,64.14283806167278,21.618510121656968,4.22343161309718,35.68075090283784,6,221.39484937104848,0
52.27798321293909,2,21.981235086956715,74.5756383223317,261.2775906178892,106.75039824641169,11.569109459424165,78.07708753085844,43.59843122597246,12.337882061544232,4.272057916910483,12.491051753388195,6,226.56328447181943,0
50.9090252638382,2,21.919356386680953,60.823420057319076,223.49410042966144,103.23827493246459,3.2450808399459237,55.74402406722683,84.53913452003819,6.543788823766169,4.183207124059619,7.743092634184232,6,140.48408355569285,0
60.58003403655803,2,23.765883477340118,74.32836798438649,201.64533944649952,107.928414566894,3.434321809236562,81.72130581656897,85.87909850546934,27.664637095451596,4.139949312136401,51.73275473449355,6,184.36260779512656,0
69.47565685526,2,20.45530406884548,67.5438311672352,298.3415553342638,120.65956379117169,3.454292894566432,70.45131438583488,66.72270620865002,10.967398019705723,4.256977428726041,5.0,6,146.34126158634658,0
55.975301878652616,1,22.153956132330002,80.59932179041046,196.27084336151378,93.22842338232556,9.568001760993816,54.81184603931705,59.09231120932477,15.666721340188486,4.412476967713577,46.531362675821576,6,192.3516549773392,0
65.78698154416116,2,19.983537756284115,73.36954830995288,263.2505729390855,94.95783918232887,6.800527084645501,61.40953412988516,67.98625951186384,15.121686150473483,3.873218115336609,17.26432545723473,6,175.97517108367384,0
24.97378491153527,2,19.49143338348519,71.64574602380179,213.42600487394208,98.48473505643095,1.5,35.75073304518203,102.8899709894158,17.787701548151954,4.301101847011209,13.438059055289564,6,128.3183298178475,0
55.36484414158562,2,19.93333218650701,72.46624937047501,138.6867874498684,106.14414081734623,4.309746730409082,48.216376533332706,56.78471770663429,35.71504410841616,4.18120196911246,33.32729983866505,6,150.5127455896448,0
20.0,1,23.9764242201737,83.63396773788007,101.6714806249829,103.23843567469548,18.50686128213685,78.47239084644464,49.918489131721316,25.272988777213317,4.709873199225745,11.99238673170933,6,247.71665284853933,0
46.19899908193122,1,21.98140919404702,80.33307709261842,194.71020989533315,126.6469068246885,6.309262660879009,111.25717158322549,40.19124940396412,11.543760707509323,4.431459518642266,26.430900352904988,6,221.50090120279157,0
72.15312211421053,1,23.708208350718078,75.21144431111291,224.8510526876728,96.79202008016465,4.369447517121036,116.80650803894375,47.87768743806071,18.227608543878915,3.8935293060112297,24.960323373855847,6,204.7747088023493,0
76.60278353140924,2,23.706299936576162,74.87543854285435,233.15668995951435,95.52415089620443,7.116524943835538,89.40610531446062,70.63366426428493,12.25016699955544,3.560769605160443,29.87976887538156,6,200.69922709969708,0
80.0,1,23.401422216591058,88.26472734838524,220.3212060595126,112.21802724936056,14.864935074731266,123.00374090254373,48.81847661570545,11.814313676096223,4.466109454123844,11.906809162539027,6,271.4457663388276,1
59.02537808472984,2,22.88885766996745,72.01423653424027,301.6188216513386,126.67018237093049,15.963166849235844,68.65847166671362,82.50952041786215,18.17524517889641,4.088592604997987,27.152049411766345,6,220.88328360490323,0
29.175113553789632,2,24.435098320790512,75.39748578450852,268.2738500695209,112.79087373811328,9.972652567438553,128.10356636524816,53.14384362023482,12.32477436846525,3.7878918124507757,31.39481474743503,6,239.30904982139154,1
50.322487500233485,1,23.85063870600661,75.3149185208396,222.5500315784725,83.71903629900767,10.128513751230491,159.78767560880382,30.118076113656354,30.629098097455017,4.320395414080483,34.88098820049511,6,243.30524793243015,0
27.707888274493673,1,23.26014861523687,80.96081045923631,257.4411528231802,89.93089201232085,20.497590974019314,124.90012262875621,44.772531605159486,9.680576125201735,4.06990473287892,11.418506372902696,6,264.5426581364044,1
23.813140703121555,1,23.436437002922165,83.18661371357328,283.81008130942166,83.83276776648697,2.9465327147502967,88.6253604196637,69.11046060149607,18.187190777087338,3.9462902658525905,18.892595497068555,6,196.293471887125,0
30.39015993802869,2,21.8687947466463,75.6335108737851,162.16281145795008,85.19356859202155,4.112438796977714,83.12522426468126,61.79978039192581,12.598894553387135,3.8918297888868207,28.426522298890305,6,165.60589489793475,0
31.124862785981794,1,21.92535090359375,84.51994864490071,203.33032195725383,124.02026068356125,8.266987941486793,93.1335264377834,38.20953863403364,17.660948900324527,4.280666177978598,26.816368149038684,6,241.83891638947478,1
47.47790630826778,2,24.9,74.41230123310436,202.02407983228846,136.97639974484713,9.341068092374586,82.18805506672997,56.10976282675798,7.729422804359193,3.8353365062352833,6.455001554538114,6,221.825396483978,1
79.59512370992101,2,20.703928431692983,72.91720525728643,155.38537623523433,133.24791205759,4.581474326786699,101.11589861557837,54.802543630423735,16.618489583333393,3.8970658997279704,12.411988559050556,6,184.0136106524664,0
38.1022963337092,1,21.80942016968161,79.45059949881693,235.76579080738435,61.87100383432865,3.6785886854841863,109.94826989214154,72.00243790016346,13.35783526129589,3.9915452717322264,14.04428799205959,6,200.37227174170653,0
57.45060407659359,1,24.9,87.94240483290797,239.6569042609813,105.14228305191214,14.853412650466456,223.59543896550213,36.40384984288354,23.855667703662995,4.498036728748973,9.969341217765546,6,322.184288224654,1
31.624250987554877,2,23.66485220208739,80.97491523934708,194.79112025579843,81.21249033568134,6.02657713510001,157.6858433834718,52.263691646208684,15.41538626614279,4.019794654300251,22.210044527968268,6,269.5301654180866,0
51.83304515963849,2,19.69447174279633,66.32569183473056,240.2873978583936,91.29379519317564,7.1693048273495386,68.70640374995291,84.82795100855179,10.734380438016014,4.1591965159371505,7.603188109922539,6,184.00512676040972,0
40.70485238798228,2,22.491271615248795,78.40975326415654,130.2793262343921,109.28338918243819,8.016117163692511,86.16011231141252,52.613976852407916,13.031968513597564,4.059781066003365,13.498348840973957,6,199.07234727529914,0
55.65010666343005,1,21.723867960421245,81.48214133782784,229.17227555085222,83.98972508509615,1.5,58.804382084884374,65.7108997102342,19.426345747826705,3.895416791514478,24.20788158672446,6,169.6966716530855,0
63.26425054414056,2,19.807804348944437,72.77265915245921,193.22760252255034,136.2782727479706,6.089188207124306,33.987589708753504,65.15884210659252,11.636638685615566,3.9808298810825518,21.14534984226516,6,163.82869515659112,0
56.18546654178833,2,21.610153302659157,69.63146007065913,222.4509358160838,97.05438053160822,7.920115282291019,114.16335844239278,51.170328609286834,23.98459856239972,4.34260747458335,12.920306551557294,6,201.61178353609083,0
51.0550898974003,2,22.15472684546278,74.04731084782695,276.81758389933225,110.96824702946492,3.158171761689456,39.7782680297823,93.39473340011287,13.513291174118653,4.525347127170438,13.005715746349921,6,150.60128388262154,0
20.0,2,22.773303266161566,78.20587380159755,232.60447927740432,69.27001089902645,7.512256731554791,49.77674452218804,63.23044759398536,12.42917638559228,4.301493014769705,16.092817489753422,6,187.26189907419518,0
32.38362570218582,2,23.10539214345503,82.30994879257793,287.6352674025552,99.99909710736932,13.225172786380863,73.2352049583515,68.97943371929773,10.205479323683829,4.061749988399028,8.515413285742657,6,219.01452315071023,0
66.58079962049763,1,23.01123270257066,78.91418514928235,176.7004103864499,91.39536149119776,2.635661870685409,99.43935813222379,45.34263369752061,11.25808739121328,4.078210858013445,10.790935199860062,6,197.65796491952835,0
20.0,2,23.196444739185594,82.54036225525427,219.06828037639042,82.64122380737086,9.858489757742463,86.47381408970833,44.01495108576173,13.41743562520564,4.232844372891599,19.427453580642492,6,240.71612324396023,0
65.6506408968653,2,21.203561287682227,77.74066197971257,263.157826805784,121.85446769610192,10.042897396224092,129.09617598746263,59.825083887156275,11.243073496791169,3.9426267300580125,26.656331395231675,6,230.33652651688772,1
30.473836242916864,1,20.896517945460204,78.49182176579494,159.18624489996407,85.51433815195199,7.218279999825823,35.17324016100422,85.86751963397953,5.336540522536322,4.587316698028906,6.8672264539888,6,163.9371136661537,0
49.88598009916842,2,24.044991917198146,74.74799670704935,461.96975693356717,102.98461105663633,12.997299819798124,57.703215421864606,120.0,11.043134317106224,3.7502538990969994,25.68546776494772,6,197.84772267290535,0
67.05871075982658,2,21.553536889267846,80.64519064618767,305.5276742237231,117.80700225740108,3.357624756635281,119.57233143886634,49.662525184941586,10.309472209182765,4.362671103861868,8.46604011078991,6,203.57739728746463,0
48.39799749695948,1,23.81306157988932,86.9413268966266,207.1819700565499,98.97322994129358,17.693217168996956,183.0345769467023,43.47733240109273,56.14961079341012,4.354172977057314,48.248078570680484,6,320.57625722344596,1
25.656515352781994,2,23.211463159687252,82.92717638254973,183.0182292356436,95.07535481722016,9.807336782513735,51.15233216562042,64.92524019870936,13.277421838101791,3.580568711608332,22.974531488841517,6,210.11249608468384,0
44.91228141674031,1,22.117314397009817,84.72246903758523,280.49686133591314,147.7705401256811,7.903212132476798,313.77154990591947,50.474803593716,27.18203194328777,3.998304626255239,130.76656021313946,6,293.7254835210449,1
39.449916025451714,1,21.078197604787565,80.16969027905623,199.48018759210734,77.51201294219754,8.793260022858131,160.3832625973113,28.18878780799926,23.207487006931732,4.041093833801114,17.076311243660147,6,226.7683391688418,0
77.23766598195175,2,21.432563810474093,76.0104594256352,115.31999222160009,107.47758861784662,4.26953705813268,40.811297818557904,70.63332657811968,16.767626781310966,3.8810384414505315,20.03584612599169,6,159.8391455873884,0
77.78500088272423,2,22.979031137665878,74.8477779538729,196.5995479396869,94.34546445046846,6.084276814297974,131.17239671987008,70.3648349863903,24.489598019571236,3.9288034180842386,26.165143784319273,6,206.72892029258188,0
30.16662322702647,2,18.95730189431528,62.89395523088936,221.53217620077174,92.51437219064395,4.6636469299996595,113.99236553289396,67.77111590728143,32.53236186907964,4.02009553078601,30.067190431152564,6,169.78441906873968,0
59.544681644788824,2,22.138021917056456,72.61903771677095,281.77241067705125,109.91947423076181,11.99334013861339,68.9158857414919,64.43799774991133,20.21963914592371,3.9236010172268108,42.45106134425791,6,208.7554109704648,0
47.29420705121287,2,22.22766948222585,78.28735341136895,343.3378652653333,81.18665431051109,16.508529343745025,84.08876827090356,67.7406346648265,10.246836918159712,4.315696271899161,10.85781611260256,6,219.40138539814996,0
39.645145573767095,2,21.652877728693035,76.93769649316012,259.78075637627205,92.00732978211514,7.253596717457625,40.12472357710763,78.99372377330236,9.079949728688923,3.87076986538737,7.718016241768281,6,166.54675905776952,0
71.91687010741668,1,24.9,93.59376545380452,219.8422832765598,143.46787042744512,51.716733450887915,137.2991834302681,37.66376587907364,28.483599036286858,4.613047634841737,59.63081856554993,6,400.0,1
45.13786521958852,1,24.22630667667669,93.37990099457843,223.568740193212,128.73033811173798,33.036735170263924,144.66954809113605,38.88878943499962,28.105764284871707,4.5129753634515515,47.43276591590588,6,349.83356631971816,1
49.436512988441045,1,24.9,93.50152143193961,305.83339594065853,126.75644162701474,13.299267386276451,129.04631559000174,27.198823512982216,27.370177864190424,4.419963955975041,25.67588795465773,6,289.3092023914269,1
41.57017838644578,2,21.806879775616917,71.70465877299179,217.60185030143995,95.59885828223565,6.205816075971284,22.76331767063911,71.72731066135566,8.257006385559865,4.31259695490548,18.584378816331483,6,157.3396826478454,0
63.71794235443778,2,23.053172098229307,73.35539302745093,213.75226381246668,92.77574604449369,10.1338348642443,84.6104887722091,78.23014222481525,26.98548118815181,3.7345593648695448,48.29715003766951,6,221.18572296838676,0
44.78087106748277,1,22.70789211713051,83.26479897542471,229.02501961043913,111.44005231923896,4.9341734973250695,153.17543363778944,43.31559529358099,14.806321977220156,4.494359049225668,12.326590697895409,6,229.65784202925244,0
56.01178772258365,2,24.865369847122487,85.84611623432627,215.7016249954263,137.0146222808687,10.104638033757027,78.45252556739253,49.9006942890556,21.85112020638808,4.432217187895164,22.241312054103485,6,229.0803981476314,1
27.08415669180547,1,22.652824326800996,79.44435925672663,185.86541879284866,100.71829192040664,26.37181200363023,84.70683040829846,59.861863655293725,29.667409767357146,3.889837498063272,44.58105838056219,6,257.53258900806173,0
70.4847524747061,1,22.017474643266166,83.3234939796148,259.09309266738654,99.80132026303926,9.87948819900384,108.18286582543624,51.2764723191763,10.818624715424194,4.1069691189507465,5.0,6,222.50615990073305,0
33.13957696580333,2,24.829906797665217,75.59273544853589,265.9004564652543,131.79865960134686,7.9455734236901785,82.77599946125108,46.843988490316875,13.519232900922084,4.9363832420654745,17.252759281218225,6,194.7134018476756,1
80.0,2,22.631497162822534,79.71687565571794,222.8546946766505,144.45435813902256,6.149043750583619,135.25678781858645,48.73844694387852,21.567049927610114,3.976821352918517,30.963489039017503,6,233.35993758255404,0
54.503246759229505,1,21.01122585181225,83.01437033944636,231.10419416672357,106.43784471052804,10.346935918668455,72.37306382856835,55.14483124798526,13.836257657994071,4.169199457458586,13.571779788353162,6,220.51711346990294,0
62.71807640470216,2,19.754392328773697,65.23679832309693,185.09537792914512,112.79618348079846,3.8373087325040864,40.77816935180035,86.41616562107217,16.368299502753192,4.560955060971665,26.211984648706395,6,142.4989940808348,0
50.42855244328968,1,22.769963850811994,78.0814595421765,269.5689626827647,117.54586759265503,26.81856100871555,159.09925555931324,40.923959237043285,12.781953131273617,4.043764798165358,20.620400302007564,6,314.4509700743978,1
59.787585765391626,1,22.018061585212774,85.91539903789085,125.97121418884154,131.25403335736974,11.909126923415782,55.4241354172746,81.03611209598812,60.45124056864045,4.65403366445169,101.34757370364404,6,207.5622027791474,0
23.626108452004416,2,23.127763362455653,79.1217585974342,198.0807139939285,86.76611782821537,6.032879545174363,66.25353407349175,78.59828447936545,8.781561945723166,3.900044096201823,15.295666872248155,6,190.83180904522493,0
54.22025586937086,1,23.26842723821014,83.82076213835255,233.22542081844392,126.9828098069067,8.703912248235088,93.30541641609784,38.51831112767129,7.709813813582627,3.9132735354470345,8.040287296977795,6,226.21926482872337,1
45.13167074077358,2,23.39481028994131,72.00126532096546,251.3606158023694,122.52571953324421,5.1818764471155125,95.78526892517951,40.2711119079822,22.47363576190773,4.187045473306304,33.37860706841224,6,177.22633562428254,0
58.871793704234506,2,24.11928805145069,75.8989513967922,240.6230860353684,119.88638217477953,11.533050871232298,94.1932033653112,57.27895036698489,9.952488434000141,4.533326054768931,10.312157144217426,6,229.67404102722205,1
42.217245784078735,1,23.173224150962273,83.84659370906168,323.5611994076307,98.68582975045028,3.01646074575481,122.20081287898324,44.46450025633442,9.009878773329861,4.547442554135824,14.470978389245463,6,194.41271938065265,0
62.30304344181566,1,23.066266184391207,89.31354010870854,160.4712420001248,128.0535880629622,9.153886922172603,230.66823562081365,48.775820699800335,11.952980724980005,3.697065162601247,73.1734647302027,6,286.09952075027684,1
60.50611945290811,2,19.676990368348925,71.28340338874767,245.05446428872813,109.12719916848091,7.690915758216635,214.2713532907246,51.00977240796441,18.030291693779855,4.1637394718660445,21.57136779338107,6,248.33764694860426,0
26.27776554345671,1,21.83885009315857,73.21834173442335,237.69609552391847,108.63151229763845,10.746806073430658,60.85986135105722,49.039927276034234,9.882882798627087,4.556259098608197,12.149371496076878,6,207.78733243063385,0
47.72319411691323,2,20.966513688747913,69.83058680536563,252.41189927458555,135.1676742245954,2.766073999644039,49.735265622574936,72.72509597930437,15.420275954788538,4.2778192803062005,17.1460337191014,6,146.2814631491298,0
29.634679801567238,1,23.580042090573162,89.00107715052319,252.83706121474407,93.58429801329329,8.654192704529555,226.17755277675215,43.01966669658477,32.51786700225372,4.547054439923778,27.55563246398118,6,297.48929255111506,0
71.08055419473328,1,24.9,86.64619694091077,328.9918828688547,146.7905881741891,14.821463691772983,246.64226401495628,21.486542101578646,26.928396528634106,3.9208351434134228,55.97583202550464,6,301.0223416372272,1
28.779854955212677,2,20.32997101642101,73.64716165647313,221.8168981718964,77.32887436714117,6.8231240035452805,30.10507763033601,112.40596621147593,30.30520540801483,3.9483899180960322,18.106216569686637,6,175.70129430252229,0
40.9228849196908,2,21.49765649081214,71.38040164845513,127.98757227842658,105.88791987220085,5.786849378969622,76.11154316053761,70.15169228283274,14.755365246721476,3.9454574260435593,19.310358197588023,6,170.36495844615055,0
46.83082909886977,2,22.032224001401655,78.0242279661253,181.43417331548207,93.46748982427364,3.62115910105225,48.703080629399416,72.69845332755325,10.191093058413385,4.321722856150652,15.79092034903697,6,189.26877060549126,0
45.88273666752653,2,20.61324516990173,68.32152913740231,212.35805506841103,103.22553434164779,6.717790586949398,57.15251628009106,80.61637635069982,6.700969469997709,4.198154109534848,8.205214205804428,6,170.1813023277032,0
48.76961130742665,2,21.811542352591083,76.30416773731851,170.4771398894019,112.24212309147495,9.879237092196924,49.08031828239163,82.42626419711662,14.097572008835595,4.7009401872410015,23.07436659309019,6,189.54169376284312,0
27.352745453530986,1,23.148353616878495,92.37767933328344,113.8011866879193,79.84593148480695,2.7157406961929613,91.82097655632673,58.03527487532868,33.38603435075954,4.3113751051579365,19.295833396218722,6,212.1870082003723,0
52.33316338041558,2,24.9,88.20248683545215,291.7279725910272,109.08580646754784,3.1130055006328767,111.75029221200012,53.30916168442161,17.873073220133843,3.9651387175739776,30.38133765365385,6,236.3715491385181,0
42.23946827967662,1,23.719322774995604,83.66707115209518,215.01796932451356,97.19445695361634,6.516458018444009,161.5922240486251,43.77841516213569,16.608338399007582,3.8152169905491498,24.798460021678864,6,252.40990274324412,0
32.962274469623814,1,18.5,75.22254223577708,178.77771656215896,93.9091175250483,4.856825966181428,41.89955991637881,106.56676188408515,26.147472314490873,4.076198578657476,24.171970043455374,6,167.72442713189335,0
46.31724159810822,2,20.533988482848066,72.50497601229173,207.28078757766195,122.62474713015328,12.464152258306639,38.69824411498068,63.41575816305711,14.845015939581254,4.319903435320963,13.867982472655285,6,205.6989661062538,0
49.51025033526961,2,20.79938713233414,80.30657557811637,80.0,113.83425246989364,4.692489755039064,32.859394943063826,84.32932819319079,15.09474161263316,3.843810103758379,15.887888343678513,6,168.19352623211466,0
20.0,1,24.5013945970706,85.65146626205234,265.3659634183284,118.6566050108854,9.152088612213914,92.35284135887501,54.76983343691512,22.96938249113949,4.4085540968756,35.082621331567886,6,245.30517814408563,1
20.0,2,23.628699162503843,77.72979620255374,241.18648804731393,73.14045367763352,6.104233408657416,73.73044384354606,65.75778097414691,26.798581566521054,3.8133132811823796,23.54788109206426,6,209.70265460015935,0
36.475008661987005,1,22.508337237142033,85.77249451057504,295.38065727698915,92.5857553265892,5.308855343007783,93.8322310754309,55.874298490144554,16.197561119023412,4.284515361394851,19.586113096891633,6,239.5354705911324,0
57.06853618390004,2,21.607607507533967,76.43695782448614,239.01582429892798,111.74200412475422,9.957640283053395,121.48582689393609,75.2902161653816,14.08783898799624,4.077048821940754,19.724820244760995,6,239.1699403855055,1
20.0,2,20.426106559165934,66.78439029316226,228.42593809534233,95.96519463924886,4.060598026571183,20.648182162156765,105.31423190877489,16.938715323831882,4.642805576143947,16.306220005098055,6,131.84140664391583,0
41.620311297251504,1,23.56982321491627,89.19019606816956,203.88863843034454,113.29578101982476,3.9667649594907224,129.14413679934844,49.56576728065178,19.461832334849426,4.49254897815093,12.0335686907361,6,223.71584680766856,0
53.97583465333665,2,22.35569282495815,76.33455915034816,155.7894650136684,94.66511126899908,3.5723530354406967,45.08133829737046,82.64219806284305,6.945446054171145,4.152763525885172,8.991973701785804,6,202.1030196103282,0
26.028389614923192,2,21.625542209501248,75.43298586064714,112.96687894842194,111.65082341582051,5.938755610309198,33.58722311395998,81.44188553093359,19.139453462047022,4.956159170648404,61.046584241381,6,179.16292626499688,0
26.174984675247998,2,22.123705507465555,77.99904920933776,205.2194680346203,75.60222748018961,7.761957771441538,115.11168867576079,60.564313220866644,5.0,3.7462463521749454,5.520532940268363,6,215.5430615585337,0
68.84658090614536,2,21.11725634215167,72.96184993646081,171.59698792582162,109.57697570496863,4.933934426727549,131.39363969155517,61.866287579036936,9.239976198801928,3.9777934461852946,14.353116327342603,6,174.71284892662277,0
67.6460475479204,2,20.48039925896888,73.26894774140764,237.81512879051087,105.23261000836472,2.6842853478927298,96.53268428753277,69.394094279782,12.430424172497833,4.127387784662903,10.337826023985015,6,185.2574386522199,0
80.0,1,23.56741057907899,76.5823066786075,199.87408427757777,106.22644394399286,3.2992552693722876,62.85339573259056,83.51847115634223,25.401208439213864,4.158934420979371,39.65824717871232,6,170.86684989878435,0
29.602861437719223,2,23.855570259072234,80.87551070499663,329.30500079779597,90.0916038752711,4.067057191530821,157.64956983327048,35.47350484842322,42.557157750955376,4.422099921019962,55.174538059779785,6,231.13844842658617,0
66.31126515844356,1,21.038739699867108,73.23244575292311,84.69884351327221,108.02508368714541,12.304972194750464,121.57566550009199,42.68644247424929,27.052312386234522,4.04641699029398,38.626548367162854,6,239.98421063702926,1
50.62036354719622,1,24.9,95.44203795643925,113.37476610012448,139.1807778398472,22.84819753251197,277.45795461352805,35.30169050064759,42.109982663142276,4.6040791536681915,44.4649758103271,6,377.1480991549709,1
42.78816407914475,2,23.341687324487616,76.09972137291727,264.26798803894224,87.31114359981908,2.348577373536327,42.63743545948939,69.91417190927271,6.091637052897966,4.1473129523133405,7.771705296828578,6,179.87800461296703,0
71.04355669398802,2,20.75060367596543,67.47171369191925,256.9373181745976,132.41267681924288,3.8998295758365926,29.080369243018833,82.56212901030688,5.0,4.173627459691421,6.663303586077107,6,157.217311460443,0
78.10551741825128,1,23.091902292725425,90.74076392044195,164.38126972350898,129.5493535639224,6.090047565589789,31.277988470302002,77.00170883336062,42.26835555798347,4.604357894795304,41.51719743380033,6,214.76012295233085,0
42.39471600000065,1,23.015699582503206,83.66823449333174,325.5776305230068,103.64985085702793,6.195970672216137,135.18334270164968,51.169102705425885,16.858604292969044,5.204913405312583,10.700510011098862,6,221.5865539235951,0
52.44384540344002,2,21.849338662943158,76.49929676029268,337.58985290722046,127.9395357366402,5.031173624275749,163.13199140532555,46.737746845732026,13.669390444801198,3.8390166129522685,12.629410943175575,6,244.57094036495468,0
68.94151470517788,1,24.9,89.68900246289027,242.31056998273863,135.03729789296082,16.359023787877202,291.342637502193,38.999894345196005,36.15800884212,4.011610771252593,83.44715826480179,6,351.1021171009147,1
58.05721501697124,1,22.713307914050823,85.38809170953051,257.86509123369495,140.2227033220893,11.06055054551982,64.04088638295667,58.06202314224776,7.108044097807399,4.59585494198621,8.460068430823723,6,227.96740437938556,0
43.34478974604026,2,22.867719754625526,78.43755982184747,224.2213558547978,113.41108365572055,6.281065415002043,74.68190498239039,60.716162779842485,38.30491525202679,4.013265250689989,19.69205816073159,6,196.33359355999576,0
57.73587399095814,2,20.40345447751849,60.65801510061935,146.36225461215585,114.4650752474707,4.601411357912001,36.46963924820373,100.74045705635491,14.143907499934633,4.266502827514433,15.281808312630806,6,152.10764041900498,0
44.6840894411658,1,23.654122127766673,87.35483762978546,170.91990273818544,109.80794877818316,4.768946212240144,95.69312828886582,51.71106605779245,10.279882077544807,4.326215461236738,15.887926821254649,6,210.89587859767403,0
43.39523646992262,2,21.438676894220215,73.23691400581941,230.11004853043016,83.8260093733164,7.129606410032981,75.8406973510897,59.61811236097932,14.604714541769766,3.920772772664207,18.24672006985482,6,214.985466562557,0
66.46281461755095,2,22.76491802459823,78.32020625385348,179.75521223715623,92.01667074596058,3.1361159783023003,26.172006460679594,90.46036738777957,22.33350740312603,4.137029993526383,6.019025039580619,6,167.50550130497408,0
41.95647614186078,2,24.436848548845113,79.09854333242794,169.48649971520203,88.14408132619617,3.3080827256137355,97.02182315415025,78.10454127501335,21.047771086864355,4.741679380686213,19.370180583470958,6,188.88039083430462,0
75.89183740278243,1,23.393158301402703,90.74176313615567,183.29009922517864,137.99687030591764,5.115405773819372,82.71443771387229,61.86513448200863,42.92544623949027,4.635270260259378,36.517765420527766,6,215.64993652083842,0
56.870920991946086,2,22.778549775230484,80.39234973883937,290.14487635263265,130.22707070515023,8.90171974266193,105.58904091187628,73.91709372279055,7.643068311181397,4.050482822382539,8.334415625256426,6,203.87475977468156,1
26.155840310251143,2,22.64303477887964,83.4528877216873,141.3973059649257,68.81357842378252,6.7382263966796785,42.520879844297944,60.707184347565416,16.685232080519835,3.941575569103078,11.552096198072867,6,212.10055861062546,0
53.17018374419307,2,21.379510419195853,82.17541664286989,294.42505368051343,101.66269550783657,8.560541363907754,72.81212103451584,75.31087660542731,6.263916664385585,4.127488819836913,16.905569850496583,6,200.1513679865973,0
26.48157800989495,2,19.32733795437625,67.06683500724012,218.95435215645693,79.1778854590471,2.0499576420129273,84.70031057427498,55.53988322037887,5.486438078203393,3.7674349294258658,6.544635393655302,6,154.6016545461658,0
61.768136926979416,2,24.9,85.44866795914152,247.66914476475117,109.7280500517999,3.628539125333082,46.624389981574545,65.2719214169345,17.6522704109872,4.385327333332139,11.791792469836748,6,176.82090001009053,0
31.438231922189562,1,21.33922683801096,83.18109775944984,233.40046542983941,95.93885861984741,9.412584439561567,173.04552688199297,57.732619741391794,30.061460182390842,4.5261353050459165,24.79400493419965,6,256.56894554262976,0
20.0,1,23.852023535573462,86.67064642073044,317.14131049609284,77.36376253248604,24.146078249643907,40.53507179530642,52.924308369843395,11.857156890614547,4.738363898800088,10.849206443941192,6,249.22524746809998,0
46.15131522845573,2,23.05864925774218,74.03373035994647,274.29105511973523,100.19485936677799,7.4841638388255705,57.144663913417396,60.70957064265096,18.463357004847833,4.3579160952986475,18.487682061950775,6,180.15859018424018,0
33.17602778959422,2,24.9,77.34048386600068,235.65491096824692,119.67493043371087,4.912244244541896,90.04471121465372,77.65556597641218,22.44634418360688,4.229722555268639,17.370471730439572,6,195.31055467096226,0
41.577275597388024,2,24.9,75.69345843161535,263.3553795336244,75.8603482577048,5.226496652076934,116.74043663294603,38.08024893173895,20.166579831230955,3.8243326639058584,12.461672529677434,6,235.84618399262374,0
44.26249367312343,2,24.9,77.77806720751539,278.3631112667288,84.54053319255985,4.730800083127093,98.72762972262235,66.36928213944792,17.27257209128748,3.950950404679876,31.37666135270662,6,202.800562254116,0
51.7809227568851,2,19.334520313598016,60.0011309239846,229.17740512541846,115.93458192217439,6.317933348180629,93.21444776635704,51.15845810317068,5.685701854067039,4.308185751457889,5.589550860496397,6,168.36533670282762,0
66.31549672705748,2,22.4478365572229,74.46964638435898,225.95444333884052,114.92005292515954,6.6483489205955895,131.97126426417262,55.602249276273554,23.558976645141854,3.9712298436290006,24.88104854228086,6,223.94853266695603,0
20.0,2,21.43657475492795,68.99358864953399,281.0703202660019,84.18436832230924,4.815979041165806,133.45754710933937,43.51418816259279,27.08388365665287,4.116561369697975,20.625934908261925,6,220.71537121401067,0
67.21913871005124,1,22.804339653206142,89.08142820737548,165.69959839959375,139.21273178308883,26.045038255624792,142.59352872088772,41.42121375191011,36.0902973170901,4.371520655446381,49.406698735992784,6,339.5318399339209,1
52.55905640721626,2,21.49087468235127,72.93175369218697,313.1431126246376,166.6979539413069,9.232026961761989,220.8236677023358,51.440599959793666,15.97467326499838,3.8520993098366296,41.9640747714088,6,231.65174172601849,1
24.591035722703502,2,22.01819847028631,66.26750487664853,221.97886239090172,104.07038858416738,5.0155037732746015,74.173108749193,47.6445592334701,23.29195746160757,4.186820753646635,24.277976463177563,6,197.32088923829986,0
43.863374444852795,1,21.96575562917206,88.29538466952586,187.09847129429917,138.90012297300774,4.291996175044288,75.39796689246771,61.14279736343394,34.9355769465756,4.340873650621374,22.9048804546983,6,218.49616636805575,0
22.31619015340387,1,24.9,83.43227255932246,246.62072277750903,90.03936328468461,7.2316648542822,84.9375966275965,55.44830280999564,13.679745663250333,4.09175583258805,15.99942282170988,6,213.02381399790048,0
68.71402233490392,2,21.392298750506633,72.99627780794022,169.0653947109978,112.21526557582558,9.437432515354361,144.94646754734723,38.09711827943573,11.563407062060056,3.786127374633188,11.039135878476664,6,206.83074416158013,1
50.3810578310437,2,21.793621835810786,76.94464009509349,266.5827891893045,92.05289343799615,12.292707804169074,65.55621550819151,64.85637593056757,12.083285138229115,4.408164513720472,9.598244736984316,6,205.9652611874764,0
30.7163937259322,1,21.94451563910432,77.8525430924052,177.75198571641246,99.67962175060718,5.17836027838888,72.68171386783615,59.611324844032914,21.983487990784752,4.44890502655026,9.930061829534162,6,206.1055864273212,0
38.40852613176267,1,20.73837720155744,77.02792849439473,213.88514321283023,92.65475058076758,7.236594800570894,147.13901731755345,38.53749338226151,31.586361502788677,4.412650623339631,24.34020568522385,6,225.65251827663772,0
54.30004723625069,2,21.792229603534526,68.94503116349986,230.74074934744255,89.71210503550537,10.286615834709764,97.05323942531444,60.97631973781561,18.83919538299711,4.244907017312211,14.388553481338665,6,199.68289680715242,0
24.558386462249096,2,23.324218144649354,77.35050572439985,175.6894950553673,83.11831820378235,8.852139819361907,47.617251673321846,65.30285910540184,14.554569154858617,3.9306565019349877,11.290634498123763,6,214.2219465874777,0
66.52964795601613,2,23.690226618201503,79.74998602299499,349.96924465327834,119.60781557485217,5.093919449317937,121.9076267341142,74.7447657368081,12.986855670988813,4.198443310355382,6.693082529663072,6,206.29755059910022,0
59.06628565806544,2,22.880789200232076,80.05157328078776,155.64985513634397,130.49459276593424,12.597262673622255,54.3886587862868,71.07890039550618,42.874043546016736,4.280741452193092,97.37790753927797,6,238.85406438493283,0
59.636817386737256,1,23.2082346438647,83.53985154335382,203.05995577368574,111.39184536078366,7.34453623107256,166.68603009159122,48.42638529341677,28.62854503934815,4.061233192127423,49.70479102720686,6,252.29767845888293,0
48.96653009229961,1,24.242167504113816,84.16484961931197,181.47931987644535,131.08356080064874,12.0279786406157,236.93823877223997,40.60274703583741,50.12820928662017,4.826474386455645,110.40208346828265,6,313.02714236754707,1
36.434083528125576,2,22.519512525449684,74.38530324504426,236.4600381892384,89.4260421200186,19.05835786253533,75.69851585178634,47.4613335312934,9.998649338377364,4.105103255776099,8.88953226563526,6,239.38669347128578,0
42.12090663475134,1,23.00651923558484,83.47272299280671,229.65192639518182,111.4511233058568,5.51250912149379,104.11169255487083,59.249982134831924,16.046880997955114,4.095648352026519,20.6091632772422,6,202.6724545503023,0
47.406153582496835,2,21.29844473161242,66.49890687435995,181.74520262045377,84.67118719961383,2.9561881281293796,60.592658308187275,73.37730876390644,34.91689924053645,4.319305661499303,18.045691855722406,6,162.80197269253674,0
75.7094753023912,2,20.00990432677635,73.15135813895887,288.2141830710548,94.73543482418667,13.766366816766533,48.97737126775169,80.87422416858166,25.086428779582118,3.8622508877939747,25.00884491489358,6,205.40958376963866,0
20.0,2,21.81711222182521,76.43609638444109,185.90048596267604,96.89255020262345,10.524409789182672,25.221597926598683,77.30911455269916,21.36439733436278,4.748991466164808,12.151581740232531,6,195.25114671026662,0
33.629341649493426,1,21.339425644291584,76.58819907359485,230.16433290116848,83.12522506970052,5.348915625197714,38.647197446336875,90.88090621607772,21.064657507601563,4.132042768910108,37.97287237460189,6,183.6029074855714,0
52.638155192439214,2,23.17054291492009,79.40476235490556,231.32816314924955,97.61602780446324,9.529465337222966,126.41342119744814,60.644453944800794,40.515285588237255,4.2209433460674814,58.41803116538291,6,246.80554226284787,0
48.82264514062208,2,22.77088668076391,76.50121239594532,267.9554208578391,126.36178059531696,17.84151354805881,202.274754889806,62.86324246191118,18.03395412437265,4.355893764654247,45.8447169731586,6,292.81621278716295,1
55.15764683159499,2,23.95203711774078,79.61553850826753,238.06317649228473,104.01673350508544,5.619778194493054,294.17112933448925,33.74665459859745,27.888538814328353,4.799007254480159,32.2181355265652,6,314.09934480023776,0
39.941874850963885,1,22.16050445350915,89.72227287228058,243.62676391685233,102.66288031867975,5.751743891548408,65.03232806163983,63.66264245079812,5.016640507570793,3.75714250367818,10.622584991181354,6,203.24298560640742,0
60.551380563682045,1,23.703573587135267,88.79216216922951,205.29618021776812,155.6339909053711,6.682548139403608,135.3332780212865,53.21077994558205,13.578996492500528,4.090116353437906,30.95701814578741,6,251.25150180671608,1
70.85660661652587,1,21.587983743543816,85.4357928871329,222.68920774506412,139.22945993478314,14.483775620113407,158.91536639071833,44.17984046817229,26.084027415536323,4.381821396649218,19.39849276806105,6,276.78017686577954,1
69.43135220574446,1,21.570711223542894,74.2282368999983,171.82484521405107,101.07163804366408,8.270485776817203,87.73198790891529,43.38934004999822,19.922447215591852,3.6580164241073874,18.992430417565195,6,189.14831741514186,0
58.38994404276485,2,20.953695973318034,74.1989339852061,166.620363410449,110.69157568168546,6.7304610003676615,53.342379562894976,68.64192320365714,13.002082622229846,3.9136297800964255,6.851100868392563,6,200.8966815920579,0
77.22798677215233,2,21.746027070656847,73.99896493953383,151.1739612885888,86.2118244988524,6.097965994711657,134.02774827157407,66.28010300153058,15.824592889351534,4.038342352945159,33.456661350189414,6,219.94720558368684,0
67.6891945287698,2,21.221416071720764,74.11950585448422,223.7353537122805,103.1004341174688,6.803710132610911,35.68526268698579,101.40853000626883,7.475591447356835,4.061277381469496,9.476642980162028,6,182.5464697391427,0
20.0,2,19.285476825547573,70.292688570914,165.35496495035267,74.79419865972547,1.5,37.01186668582142,77.47861385723151,10.073268005075679,3.7191746323383263,5.0,6,135.99079267938075,0
56.5660986349924,1,21.38049285533581,82.79683514513295,266.1955711450019,128.77282855488477,3.9129084969092847,121.64036949009274,68.2795612612513,54.3776288976978,4.660911076195385,52.459451993092486,6,226.03111615846439,0
57.844580178710444,2,22.24429036643773,81.55979016232497,237.45802493336004,111.21461495777098,5.245632306910057,73.10551129173747,88.06966909208424,8.687348684307581,4.13594985247741,9.607964701125477,6,167.45591806447788,0
49.26099709876794,1,20.875122793645062,87.12747916815617,266.4421679203441,116.56779259409844,4.359671723982011,89.88765121879294,41.52560273168263,16.773569578899174,4.21680426070866,17.380030075358487,6,179.9813151421435,0
42.307977447531606,2,22.664346356695983,76.23964461007967,212.49129378384745,112.52170630083707,7.366951060901222,106.54145023277742,51.60511810973422,35.98715581167283,4.51448988928582,42.48994897552956,6,203.3956527483511,0
41.702562820625566,2,23.7513456963458,79.97187393730545,248.14953087828795,116.21965509193599,6.593696727090532,62.87804613556078,67.8097586202007,9.981306910793206,3.5621854723987165,18.644706872564935,6,236.63061806861487,0
63.559068132756394,1,22.92378169661673,83.45171728681558,256.34818065249516,94.77579429888776,5.853835079830515,79.7024518111471,58.98172537179533,25.263823538231208,3.988785853471669,19.24228349655212,6,184.95766885045367,0
48.62526247923847,1,24.08510406739004,91.85449344351272,174.5514968649621,117.63677437673182,20.457072126686757,64.45034691853704,50.13696354255641,40.035920528968575,4.126767685312875,26.19521507145806,6,267.9986714706333,0
41.878394317090915,1,22.30819320748834,88.56442529958916,160.73872575962596,89.05265988486498,6.036329469422111,44.7529750293474,52.244385645202,19.352136895154118,4.251913019089808,10.197850729253853,6,194.3754115327353,0
70.87005517604794,2,20.251053704689774,70.57544927216277,247.51817032670095,81.50282883700048,1.5,37.86136615205506,89.20973556603609,5.0,3.850938954323992,5.0,6,138.09669711799526,0
46.00183170092223,2,20.78944200264073,71.76493121413179,358.8038393251351,110.0641009797947,3.007844647845454,47.63134472870114,62.94675911384341,25.919790523694118,4.168926965455315,32.12892743651365,6,154.8932472522982,0
51.322935855116285,1,24.221448180659724,90.0415116356211,229.6806274671574,113.59056456541238,5.518452198738031,76.83090304091259,49.1246558794782,18.787816199612323,4.304158204514019,35.82059124946939,6,201.91730950330134,0
50.716458911572914,2,23.598288473667605,71.22442465058124,261.4462959239163,113.42064127005324,8.204780159731538,20.0,62.395652955842024,5.262246509722189,4.089108045836213,5.0,6,150.4903304457868,0
66.64568788681841,2,22.806757051241874,69.86266818981323,193.76267257834348,135.7860932343438,5.594765143681569,106.47757802383744,50.99913931197563,17.209913608051085,4.06362231857765,19.314839662347612,6,182.49701120104257,0
45.123290423123166,1,24.9,88.85975958370233,248.92583702342478,107.51471759702795,23.528844486865786,86.41510985461001,52.43192678274791,5.0,3.7587040866148476,5.0,6,272.5496519277283,0
31.925186960718463,1,24.9,92.51607599369221,309.5135154231127,97.6231580579109,4.947716000899611,154.8217684579084,48.008615195826756,6.281591172071774,3.992045627924014,5.0,6,255.86262794892738,0
46.60375789053075,2,20.984524312427872,68.5231921198107,260.2671969871897,106.9261555206703,7.618620087720234,35.964964389093275,72.43187743707591,7.951491093189724,3.895661885541023,8.387310932133659,6,158.5409103946453,0
65.56380139353743,2,24.83364868171431,81.56443181130406,240.53411904045097,145.46592054887392,7.603997478793926,126.88232244591427,62.18047138753649,30.33631571479545,4.6372506946225736,27.520672464694737,6,229.65329899836465,1
26.545498523662264,2,23.706240409683673,69.10271250046746,352.09913550557513,99.49681751055276,3.44293095806727,80.78289035775472,67.5858607576653,9.412483819873048,3.8508202112131986,11.915821708345323,6,211.4514153453744,0
67.7569878812775,2,24.121878075917333,78.85673646411472,194.16617979825241,151.07569078700246,15.509810564424068,89.53618841775037,48.62426989400931,23.204961810815686,4.2450172180744,30.822965671599786,6,253.8930347505256,1
77.96953156230947,1,21.64667476234471,85.87032083987377,294.96837716827184,151.92710084256262,4.028814128973808,71.84785503616591,51.790148491743224,18.894029775067597,3.718846787406989,24.13020401567666,6,190.00165817214244,0
60.33914056406174,1,24.9,86.39573910041968,312.69097069027237,139.40496500091194,23.42801214417039,242.2826419519507,46.31915023915143,26.896480337941206,4.18622790531216,51.75545347070973,6,371.32081251058474,1
44.662597513507166,2,21.217047552926324,73.49214306940821,336.68849148789684,94.79556507714753,5.665453267954211,69.04339709045932,73.25347744121977,12.221280666256733,4.292760756999724,12.310935832700753,6,183.72651917957188,0
25.141180319012477,1,20.676931539760968,82.2202021033825,222.71791873094574,111.50243126044492,5.345788212397592,133.06661983960075,51.98423034195085,13.499217491899248,4.362744006230445,22.075723479845326,6,212.1805641380976,0
59.01340173273736,2,21.51203916903272,75.42426965885505,86.11218567470692,113.785866159601,4.516760745408319,102.04429435622559,72.32504074265404,25.500932285324353,3.9353684682716032,11.989127524985328,6,214.59002370282644,0
45.91818792025201,2,24.9,80.43895702558076,228.52956695175382,94.6719428118055,2.9511181463568903,106.620083973257,51.51197671833097,28.191780274890807,4.149853599242614,45.01970896995891,6,197.7772971160584,0
69.01445463667599,1,24.236864766713907,90.38795221615032,123.68322636553897,98.6076627245912,14.433945607066567,107.54940686189627,41.05827758792825,19.431569853275306,3.7520734183090734,20.296676239885645,6,261.1884837076694,1
50.09286781448698,1,23.544074932676605,86.43340520109305,202.18777389769386,90.69342567435434,14.768564921635754,147.57288781868536,48.63210715531365,13.552051250705203,4.414206462121475,15.736634954853375,6,258.9407702106786,1
75.06476769649095,2,21.683789369653198,75.37582021685239,121.83611450849666,109.55946757648586,13.03793852982614,176.9715762392193,48.31659164872496,16.320815950521467,3.568200237212128,21.130808303690028,6,265.31100856880903,1
66.36088112692127,2,21.67445767029964,70.8798138297491,278.1912189052651,109.99573650952088,4.600121742293011,92.85246287681132,84.38340423634548,17.618737384976505,3.8422457999224844,17.569683613918702,6,208.42153556185818,0
47.641631966334856,1,21.63740106271644,85.18603743037605,252.60447853068902,104.98141244339526,14.68602221927069,148.9881618813039,46.33719398983116,23.009092445564164,3.9502937420380864,32.178180905161945,6,270.25115856598273,1
80.0,1,24.593165607265053,89.98027663507378,176.78432004327118,115.65874820079217,9.462382844038158,157.39517497499696,53.83659675481876,39.476583912504985,4.53509294508692,42.33376884859249,6,279.3830544651393,1
80.0,1,23.051651790978234,87.6994063324794,80.0,123.19083099766536,11.109266620326526,138.73104066037186,58.40651201883341,41.66419004747112,4.1974510402988034,29.355018577762987,6,242.74773896516035,1
51.19739896166096,1,24.66935559311741,86.30094397499401,285.2547883104618,114.9907536521972,7.951920442289546,150.3488109766671,41.17313872580278,18.229739039649623,4.516185956387384,9.691014359387793,6,251.0010020860472,0
46.57604042186941,1,23.58335062691218,86.24658852565618,353.01392732705,102.97721429282774,6.216804008574139,73.21885509993169,39.36531646631406,7.818243420891701,4.5844546062651075,8.346573271312133,6,202.14734679607383,0
33.070289960636856,2,23.091831386561875,72.2837356743073,254.72858932903915,103.33285594127814,5.39859876275391,198.0407240511974,46.61822377432439,30.351255464066906,4.073353270466839,64.08259749197411,6,239.82666023786888,0
71.73410621416484,2,23.379753950090784,79.05210372051236,261.8711943627729,124.12086186567362,16.27507233862975,284.58456245969916,48.24282224782253,16.20917144233786,4.099079606687626,15.664890729232015,6,339.46589739458216,1
43.32734335134728,1,23.81059246813625,94.81509082708455,193.69694601003584,69.24006529006412,6.547876958639154,45.30879086617386,58.47670886541227,17.648501876860124,3.978878730847408,18.749829082843394,6,214.99782615972643,0
57.02957568673473,2,22.165284562496876,65.28195838538734,97.33831177639897,154.06167033988635,4.1976173779900945,49.121343584497545,54.266742191569605,37.69816495963061,4.36211147863711,26.503837223338106,6,175.81051704877908,0
65.53796720086595,2,20.84361094095837,71.95927952484435,299.13509926168865,103.08880825744588,17.80075049778837,164.7682630455295,46.52691110508014,9.729379974950497,3.558524105671311,18.85916060537519,6,256.0469035931516,1
33.239965321085045,1,19.971039801104414,83.5386974698767,194.61507579688953,90.9964972314602,3.428821990360203,54.07262409536076,50.67256882529165,6.862222365790535,4.298920102518156,11.419255587358208,6,196.8317214880511,0
31.593289541143523,2,20.8496163291736,71.85935382943775,181.361793227285,93.92614810544963,5.93847735015563,86.8800457605039,63.77763662642036,15.24647883232309,4.156491125791325,22.512607930609956,6,180.87897211464764,0
24.776212869846628,1,19.178893460802826,76.22898240231606,174.73979227324037,92.91795774469614,5.306158220363832,110.36945278000417,64.9611727709182,24.013876619482595,4.172116924494312,23.836526161097243,6,193.1201696443498,0
66.19285689066984,2,22.700440146910772,77.58474237632215,195.53241495762262,135.39097070115204,7.59994022020084,107.33761118027736,48.15752986832095,20.58961054033573,3.907181201402715,28.33361435109059,6,217.41594201237783,1
34.609119955114785,2,21.960622222560534,73.92430070476438,212.58148009575706,79.90278410544101,4.111864900316319,96.21303179825067,44.91735342556983,15.078241191012596,4.528343435998295,9.636794902607246,6,189.11910115308223,0
49.670580972233324,2,22.286853598146926,77.9195146856197,178.46891160329892,99.26327209268668,10.001508772746634,58.47633958984481,62.204845105552536,8.730588120863715,3.8982510599823295,5.0,6,185.48265176824583,0
21.584501285802418,2,22.3644340551813,74.80150921569823,183.13393981162594,95.53309849420594,6.209077090074174,38.03537909434248,80.87867525403861,7.213500982732255,4.417444025715255,6.927659510902566,6,156.22680361234242,0
29.860902090380243,2,23.481033402982824,85.69656410294634,198.63077709528818,114.49929931862226,23.37484958125958,183.6077965916515,32.17248324306945,17.378974905512596,4.263682534468513,15.622879271973511,6,330.9000889530299,1
46.36755990825109,1,24.840806291218712,90.76862158156973,139.32754274891846,104.7769233158266,8.421522000050858,138.94190065145605,44.74736927995968,24.34609533662047,4.673012483445905,42.28999037033242,6,274.0635111479592,0
70.74540053753826,2,21.27572882266245,71.98725992066173,162.8456925234903,120.6478871142732,9.690120834041828,62.677935255546295,62.34951873851188,19.761798257670737,3.8995569501485563,18.842440599124775,6,183.5743539574306,0
54.402311289828546,1,23.44322560558852,88.85763815269686,240.28323673556568,177.612654740693,5.084332064293363,146.9519456616306,42.61947164313657,20.140407066861165,4.7301256062006365,22.571775797870508,6,237.8352639788564,0
50.06020228360287,2,21.722025113996594,71.8166095588933,293.1177630024441,127.49066109369431,3.558478716564108,54.694298481822415,89.72894283992447,9.130325750977004,4.424377601065097,13.95061233193709,6,145.71010064919233,0
39.53601040279858,1,21.335859825916096,87.48676527788271,157.3396612175253,101.323258938351,5.651296645311629,102.7292060369488,53.09598237268046,45.075653255960965,4.457222562417362,18.388265227345283,6,223.79850529193945,0
37.392131521802156,1,22.553725144250713,82.03725067124293,142.63239404621575,79.48515143913403,2.9064903597191534,122.56984573398819,44.30238192758187,21.029417245416674,4.324150454410749,35.64047199348592,6,188.6301766177737,0
70.61704893422458,2,22.754933800087322,75.75472361006791,177.8238813886087,133.0668627268728,7.30677285911625,72.56497117703323,66.89633312556872,10.010952811442555,3.953041473407402,8.527875435863281,6,202.4578534155322,0
53.31002287051689,2,21.678426666820325,74.43776565763957,309.76568472450435,89.53040294111406,7.270561087750449,57.61245777210085,68.46267210044662,11.8718346968298,4.004057417041048,6.397132744324265,6,179.82491244776318,0
52.165151838068155,1,24.9,90.88591077760417,242.79262428557476,100.85011202219053,9.496919358335962,97.82876182662045,41.01718732986103,8.779891695209605,4.1253540748057524,9.919858027918893,6,247.5500316495796,0
55.86734602348935,2,18.5,66.797936001022,288.55633029269876,104.15256239172462,8.31319523884174,64.5516097562843,66.42885545069532,28.42985574268954,4.2953187231385055,36.07711184075775,6,166.72114553189252,0
37.391330061331104,1,24.882960347078903,89.06588311200373,194.70102254905635,116.26086767864433,6.775968533599382,101.97753703037232,40.959418013337014,47.59112458894148,4.190478146944372,45.39235997662278,6,224.51865289149202,0
44.481407177108984,2,21.884588705640336,69.60213926384078,275.51984635653304,95.55960905913622,9.58007446003211,68.02672075253464,52.944984251661225,32.74409215233976,4.288053113858595,19.443975534164142,6,185.4875092963038,0
33.61428362126716,1,20.578585057966567,86.11631019091202,162.3103030445933,84.23893841531488,3.70973345454516,46.687656432067804,54.82282328951688,10.864100384778963,4.680805356068838,9.24232185260349,6,178.94421753090623,0
52.11875386684643,2,23.960338157325566,71.52167047496873,247.0933728798962,107.49092371836343,6.446181064160706,78.93859127520757,60.692886791302726,19.71865194254356,3.898369488251849,34.5822207197305,6,201.70337415961694,0
27.206947184726825,2,22.563960931125568,76.93628591581437,284.80402197805887,106.57623588334826,2.584516722197344,62.32178669445747,58.316334152454196,23.666582882045525,4.0613106945826996,12.630094887017195,6,179.08024881966477,0
77.61980605302637,2,22.55356345838721,77.00552579236923,177.8619308235073,111.1825082666757,9.54658302949549,63.46841670469793,62.44501199213257,58.14721261057907,4.267181742689885,20.29118208284182,6,192.92309519011678,0
68.39525244688312,1,22.62678295818843,85.05974490983465,159.71401404131183,138.3647942828291,10.242963347200137,54.29681567572751,73.07999039614242,44.58316866082509,4.393516284072022,58.31526395258298,6,206.3038621291368,0
50.01054197111489,2,21.70774599625005,63.696397019239626,316.8266453071845,81.20779806382659,9.757239435676329,86.02505727659428,81.91269044596697,20.337707379997358,4.203503484768767,23.552839161748956,6,190.01840941490133,0
64.28291237312922,2,20.546443018212763,76.88133757570633,292.9377759427055,122.13753912004066,6.5105259836250315,58.274650757172154,84.35000023174447,16.673275880022416,4.417601362862978,9.446960457804744,6,184.4140571888828,0
65.44482213962853,2,20.717794158267708,66.69737032796672,213.92232963863552,108.00437920259263,3.9435686882247034,80.52877627333443,54.96237114568689,19.616718462212482,3.6542341931411206,19.401729585334444,6,161.66438533509438,0
38.82171248865313,2,20.184346525952847,72.71728193850502,239.4367533913191,95.09413524435264,4.7556931981253,35.29079233019077,75.99398943723021,8.647586733126351,4.054642897813224,9.609191858998512,6,176.86365394746113,0
64.80501676737174,1,20.730701136012115,85.08232542849744,278.91163460829415,120.30362663043401,5.978642569846984,40.79206945175486,85.35949636402621,17.904924651542796,4.511405878342452,22.714154651115322,6,200.08165035907066,0
52.59761612955056,1,23.24635907310472,84.22408797248826,189.52792730051252,111.72842402291379,12.187082278109152,65.31084334338952,77.9650790684206,20.180412205699618,4.490883557007029,13.437021864262297,6,227.70710271279998,0
80.0,2,21.521914294743624,68.58899039215818,213.83800411912526,120.73450019216072,3.5364621218879577,115.0972314396445,83.02926575130678,33.82694615157744,3.924567332830009,80.03428980040817,6,177.91759003047554,0
41.71898150186802,2,19.203990226372788,67.32901259951245,177.3234203104811,121.73773743426555,6.239357579728919,68.01885217711556,48.88784914635236,8.3293622407192,4.302217839106701,5.0,6,168.38431418313152,0
45.20757728327724,2,22.964886803555846,72.18201916409156,219.10455120463192,91.28790652830624,6.658247882084341,49.54512501759802,74.09866328802454,25.148038385469757,4.250747533850858,31.403842556202306,6,183.25380697587764,0
61.70579679441108,2,22.77555050915173,74.33500179174779,112.53811618722003,109.7864761809628,5.405278078387781,100.77881167581393,63.01922583412878,20.486774902522274,3.870164405221816,9.491002701672715,6,208.44914173304522,0
34.02306511153573,2,24.9,80.81766143174461,283.11431136589744,124.23927748357104,6.728583012200206,122.87997237761594,58.359983024414134,27.921991337298593,4.54453318737001,30.154319304557905,6,224.25909215965592,0
62.242952658531664,1,21.446606135236745,81.98858028589405,216.3261659745092,145.2233832891456,11.470526780814762,148.0984371722684,44.5860248264897,20.488001425512508,4.2284158608784566,20.39920702139722,6,235.6122757096091,1
27.082215849090332,2,24.9,84.83218409648383,244.213756459261,119.18900587458747,5.403889303258529,60.39993942252972,61.845523999238935,18.651245797340845,3.781857001616673,43.084705722577084,6,194.25873422438477,0
20.0,1,22.408742161405176,81.32723250154974,215.47166434402436,122.83093435843925,9.282275172820421,77.37847557296323,57.0551345870494,12.962867140352984,4.2766600863452275,18.345584356322345,6,221.61181155615998,0
47.62280805926453,2,20.19907480698042,76.73395278579507,246.97749827420157,101.73991680569347,3.678638393015793,91.62080626229321,71.6484297832147,11.848588680320816,3.673381862346573,26.353700283062178,6,194.36638175242615,0
43.119419771031815,2,22.9285428763628,71.9442738374447,281.42693735685907,92.00112716520388,9.178745654950227,144.36235218348833,46.69653706357698,9.960163472388517,3.7968814423562587,20.861813305607487,6,223.30515181386983,0
25.12147955949359,1,24.9,89.67669481046278,214.26794647807907,92.92469980808093,13.136328947862289,134.33422660472732,46.824939959713795,47.94020010774011,4.589687972804549,49.335782259259574,6,255.26179870507966,1
58.610860507965626,2,22.377957493611355,72.84485837775114,187.76863274526298,93.03345631976234,7.78853630067318,86.25146913391353,47.20467074736764,10.585925519341961,3.8267220997947615,15.747348034992601,6,192.8046047422874,0
56.4787086439312,1,21.28781178019411,87.06241573890614,220.23042712472332,128.92298583826198,11.495259972793363,62.25893674298381,60.8907711490712,15.085058170178488,4.154258060665748,16.087821428966237,6,233.16601918563623,0
54.738244507984206,1,24.9,84.97205775759086,107.80312114684772,93.29087088266638,11.080256902194009,137.2015036939221,33.84202919648786,20.323712222541676,4.034535322792586,24.130007213980825,6,262.4367638338462,1
68.87538093074156,1,24.9,88.64021724404473,272.55459385392766,114.00316942753878,12.299192641662616,111.4830373539572,43.225695670003084,16.105150638141392,4.55886716928303,7.750173492834452,6,235.80208663571614,1
40.676473052370326,2,21.7609988081065,74.19243850185453,241.06652852081922,130.30831176996531,6.64643518367632,112.837558518204,59.05093298931906,5.0,4.001327894343921,8.507931967216825,6,200.98578683641963,0
36.64901561490812,1,22.14265695784704,78.0930323082699,155.59065818708365,92.67005731127408,3.9250566965158318,66.52853924229584,78.7761506295763,10.418028658755867,4.194663959271048,7.758821811800993,6,160.25404597793369,0
53.56312128789147,1,24.347594968882248,82.59886305959175,168.580513868049,99.25727670690503,12.793440027973185,129.66204335300017,53.73577889498284,27.430920083904013,3.698951014560197,66.23136657275329,6,256.0323735730187,1
44.2996484373192,1,20.516865454209277,77.16754600846902,307.8870847155733,104.63865957793413,8.183952721914947,37.63642204753051,57.29075685613922,33.04251770078674,4.563318268782079,58.89530198878504,6,191.64626602475212,0
24.433926557179205,2,22.400381550008312,83.19343647174566,199.3714799067528,91.38052315836889,7.154218853637899,71.72284325942427,56.19840068736542,19.26489204906087,4.25258896915734,11.360792148039122,6,193.56830385986723,0
20.0,2,20.36092743257015,69.81401790822765,237.91987279216536,64.43865068131328,2.985615586695944,40.643798120979916,44.02909224750629,15.028460034706418,4.40088320377896,7.912332275499442,6,161.29980865573643,0
46.56836613823879,2,22.516996910576275,78.76547769244321,266.49292769877616,85.58749853941481,13.521310612265607,86.71761887575691,59.09834115084562,21.59672197723123,4.183948524319071,18.87764629125951,6,222.14459725406425,0
80.0,2,20.14538513652421,73.7379653245107,309.9631834119142,139.4927346821217,12.343303655414752,56.9361978129176,104.73605700042977,13.923560237494744,4.1535748327712,54.359858909183245,6,175.57789372299138,0
29.230448182371763,1,22.380173416737613,81.53811960318076,366.8274592479744,105.67312844359367,2.8736492551003123,26.291147866105877,70.25900562838403,11.152047516487151,4.892022507779147,12.986082447356537,6,172.33545717967192,0
58.36271640203081,2,22.428419889416347,74.12297917026181,260.2888395574862,89.50327611863602,3.534943110082962,44.88604657925167,82.07502640666702,21.794966230385832,4.179330536173406,39.751517543938675,6,173.80238300744665,0
34.715704021826916,2,21.416381037237503,76.46178023102875,221.60951291199123,97.51711733517999,5.886958132082503,48.55443378705819,62.973766381858454,18.35663236766518,4.347443769859229,7.135763710828611,6,171.63022334841355,0
66.8798497229452,1,22.6421944692395,81.7485658498781,105.13317476084929,116.03045972066933,5.9064880095359635,114.70210456556288,31.836497842641496,25.26937858762999,4.055947681441186,23.460030953305132,6,230.0841867584374,0
34.11162839575192,1,21.770471792074595,79.93320955088758,237.4332893147797,88.49771042790836,2.6391292823994106,60.55329039031997,56.11558245974185,7.077594513845364,3.7253308644451155,10.16505951449344,6,154.71054907582095,0
31.137683286102703,1,21.820349590657894,81.26764296798666,140.09656347056745,117.52334509146682,10.464533592285983,55.24973154532891,49.936190146395546,13.099307146458674,4.453781164090189,5.58285839341274,6,199.59144085224227,0
65.20590881102376,1,21.34907440770349,76.26261248899709,124.18946060717631,106.30200479977808,6.542961603179604,84.76727280823489,50.06286719949162,21.012093709407598,4.220893034619142,9.61197094584438,6,189.34074560318624,0
55.33576244197487,2,23.799418578080367,76.55881486048787,346.4550008560716,120.34841250425887,2.9319942551734015,84.76787829465965,47.8648711975792,14.161172368293096,3.8546408702592707,23.73393312374823,6,183.90551062598442,0
75.25348179290444,2,22.694263321912107,70.29028507202543,276.7036095903069,135.10386407156975,9.61539226618773,150.7458857700277,65.5911448453962,33.63820846612471,3.7446772391484866,36.574153359649316,6,245.35088690660064,1
53.94973270530322,2,21.49029582861361,80.92543476618138,220.41003573928637,142.8110148265325,9.255776316579809,47.76652398764235,47.56970096143157,9.275975235675983,3.8801615402693264,22.220093648000738,6,213.20875992435063,0
38.10060090035829,1,21.19955733127163,83.07319624724735,190.4863103163505,111.03158793856,2.6459235173909423,47.14796422894404,70.93951907919995,21.209075224988624,4.511407762820329,15.359814185623131,6,177.6961683557704,0
51.43535224607693,1,19.463480706229124,76.33853081403484,222.9382388921468,103.55775632162762,10.945474655295458,105.52643645247147,52.846843606472994,16.069602685465327,3.7972774780711265,25.446303858321155,6,204.9877201400582,1
58.62531874325125,1,20.754327324637067,86.23905653070778,197.86123674291935,116.66657347574791,5.260343059167956,58.65860928010953,52.001517711173726,9.275608783596176,4.452535954055213,11.926863751309718,6,170.64178851686808,0
67.8662462626836,1,23.401312429594267,84.86448436070204,145.95793497499807,111.27811840074465,6.495893364587885,86.75948100306324,53.04267834275853,21.75252060359959,4.044462672796666,36.4700912599985,6,209.72258470282262,0
59.80397900461115,1,20.19677911676318,76.66434857886969,150.67659958539826,108.04357867910112,12.918178756098397,143.92237476854837,57.52185425276267,54.55379680532389,3.9057863224683107,67.61233546842085,6,265.98672846660486,1
20.0,2,21.549153425614268,70.73382115795673,247.4557724603773,103.50146390476225,6.845413987521033,56.030826034855785,54.62999759864867,9.715991850746454,4.119940007758573,8.917150477387969,6,192.31376409181144,0
80.0,1,22.345240938743526,85.65718085452407,196.2353341677351,107.97322526993894,6.766355215904456,122.06972601608267,71.49847201506778,15.896145947158576,3.67864883912761,11.804577716075666,6,245.07826852624066,0
56.46386147321522,2,20.981342945217627,68.75071492571317,231.5428348146577,97.25188911737308,3.8345324861510894,70.6497193472382,51.244748886141515,18.174653807338892,4.914133681878477,15.580980101608189,6,191.6935275709455,0
72.4851036283676,1,24.72173970102672,87.23881084663809,188.9031698651265,131.35997281700168,16.18654255491843,98.3393747650126,37.56358153116103,12.46149021860321,3.9936733302104375,12.75427255236234,6,246.208917953418,1
47.54813790506904,2,21.67517505203442,73.6281467085666,180.5476425720152,85.32946996830582,7.622196889012803,86.1088115321458,70.91002500204898,11.097689846008027,3.6268238167439826,12.361354587463733,6,197.469483003276,0
38.829627157681635,2,22.82079878604698,75.76935522138406,233.94468068190733,98.68661313192042,8.473136068763525,70.65145108911236,50.8781848013429,17.6555151058218,3.7447552550548417,26.11221115600039,6,200.76495896743515,0
59.412004282386526,2,20.52829217926962,73.33687805369748,171.6686791382788,130.71707224217087,10.052736930282297,31.189093600294754,66.56476171310392,17.652807499267492,3.9022176723705075,40.32962826465542,6,180.707080508369,0
65.88639757347954,2,20.8397137129077,71.69892779987671,282.40794603825316,102.10203176113494,6.901655900317976,90.23251284110788,69.34636782161807,16.3898670231814,4.161745881996449,38.12425684091572,6,196.79928511397446,0
60.615383153927084,2,20.80063360608734,66.61655980981583,228.62180206382422,128.68047132457002,8.464329659008428,180.31681942001782,40.99418132800348,21.56644781000759,4.062969864729951,10.990973035702522,6,233.0191556300394,1
42.70525192589598,2,23.298366046112164,76.45566537306468,304.649225296517,113.90821533590537,4.478229323301858,85.88616993519375,60.22552132661636,9.376346223402342,4.2914620569859485,28.119439665849907,6,190.21832980917677,0
79.40813217599356,1,21.957196551356528,82.2223497808988,258.50800202427536,148.70294277130805,22.022615780664186,199.00418954791968,44.84505066235968,34.63569371913106,3.9452800807196495,35.403769505213866,6,308.75017823527736,1
57.102305401659,2,20.740408293671862,75.19978502594283,194.94749158808153,95.17327144091888,3.8553710359075937,29.552967797442328,81.72509159186158,13.773927888611569,3.888194629820472,5.0,6,150.38572537930466,0
49.81956155418306,1,22.056685385271305,90.18274290871376,248.14405837780114,91.96697714468287,5.311721436384123,114.71156678772269,48.22065676797273,6.923249487415775,4.143268327094887,13.541776499117649,6,219.0129135188617,0
49.77455256347633,1,21.0763930343163,83.96147893242644,371.54759304246966,113.87334426118042,8.197116679686099,103.28079585074958,76.18738432669912,15.82653659217146,4.4848362209095995,32.960594858303864,6,224.271288144302,0
50.85100385999961,2,21.022862825873496,74.47636383610634,153.14459603607287,77.55939873408938,4.929409274943409,63.764909085871146,82.01583633725886,18.01823487039862,4.179462264418715,23.67588187405185,6,183.50158581635614,0
36.468022092485405,1,22.710430627432753,79.50860064036547,258.20231239764524,97.2451184354474,5.295714353445665,96.05428705969291,52.19955131249905,11.920742159265917,4.353077666092512,10.317757967023795,6,217.9652203746727,0
41.3499297352852,1,21.34841084413118,84.9556406601839,207.1293046169678,107.02636409638474,8.262843055860284,101.69770270487143,35.67719764259741,40.94624076296336,4.3145900814777685,39.38620242918286,6,242.99572584313157,0
38.11457265671707,2,21.891924088124224,70.41949786274787,202.67931246282677,100.24840526558827,1.9744375963438752,54.90161576269004,62.25305036783338,28.310834783452883,4.430864304475737,26.167646095650714,6,186.85689565144065,0
25.455449711223793,2,19.319251042798342,60.0,292.3744302799164,81.78376892406726,5.349774034703084,39.681782867697315,70.27747072741558,11.750840209339202,4.138279569122929,15.141913564951137,6,144.63993290428897,0
41.24212258181664,2,21.451909771711275,78.15648440346304,317.7435688843753,96.26862612300636,3.2082894875637904,33.8889370216787,103.94292791502158,6.751818456288932,4.249324841353979,10.692101413748949,6,184.2767069718544,0
58.26691000600539,1,21.978363383841835,77.36976614157876,178.05466055384403,112.32752488811559,9.802014999954114,228.77637549965334,54.15636696529278,36.89368670835901,4.451341930718298,49.84837551776918,6,266.1889113848537,1
57.82675444126236,2,23.150094440212804,72.68638969322618,196.66076761100928,145.53342939950315,4.307996691771726,130.42139481852246,43.68178402249173,11.962515260327185,4.498056014757502,12.172264597900863,6,202.46756643512356,0
30.25799023932058,2,22.865340536406148,77.57611963445008,189.11131058933393,86.4226502715194,29.77201128361175,246.5474652074607,34.7419206169448,35.47521136330958,4.265301157305109,20.949048722561795,6,345.72038266214554,1
63.20346172279608,2,21.0722461265442,65.75042425056867,228.7945550447283,132.20358730805853,30.442721424623794,85.67713972373846,80.45285231846371,28.768518599838895,4.5207742884679885,69.04759418257842,6,274.58077931359816,1
53.21588825482141,2,19.38789790809647,67.24462676418106,308.53938342235574,88.75644263918453,2.143921228944129,37.22864189354147,105.21419016425814,7.367166543017771,3.8710074229097406,11.163575879946233,6,133.25497953779558,0
80.0,2,21.68515559550269,75.98464051178549,192.02279661242076,93.7165804282201,9.003136813193123,86.64633362785938,104.12618251471234,22.041365117905737,4.133553108156407,40.75072240537174,6,211.15214719164206,0
20.0,1,20.66732147541864,79.27346260308741,196.35883412472265,86.8211024577626,3.1335001942915692,83.65215471856413,45.72750091298236,11.39401928754175,4.4104529519985896,6.721656480929067,6,186.93479579763294,0
62.08957311608209,1,23.962259684719587,91.11458354204528,310.4258188724291,132.07578214839563,7.12177642228301,114.34649293147494,47.26136860796468,16.685290095553455,3.96013145543128,23.20127684387864,6,226.5050778010693,0
38.62183950075852,2,19.321649197062907,68.24179458308068,165.50771659268483,78.58032114393447,2.978106548523071,57.53114712558618,78.93525662793736,16.506847271468747,3.8748583864251147,18.076665112220997,6,163.74122010386293,0
33.16547639579007,1,23.98096228935673,82.28197288164529,224.46555054928766,96.4028131613879,12.271408674983785,175.37216978809994,32.853608734174195,44.48020964076006,4.400721859486163,24.49629819962092,6,249.67295664543593,1
20.0,1,21.339580054175478,80.2393378635769,159.9850669086369,99.04117264279748,4.572445734371017,89.82119835483978,73.63187169216104,18.644936151654484,4.079474146050531,30.960676747163,6,187.6072179812878,0
49.38188922708705,2,22.27645541327092,72.68308640673624,354.12835228411956,105.89702391119076,7.866376302317114,143.42201711528418,63.802565503605884,20.030360171759582,4.235329685501721,15.456722020849067,6,221.18558095134534,0
57.3063590653415,2,22.50429445372586,76.95967475357645,248.96620212239765,119.20934871833195,5.085798151219321,100.54995023618842,59.96258657366598,20.562111895600694,4.36213413505929,19.244119719504713,6,200.62615820988134,0
63.44562009566529,2,22.608551977459985,80.41726132225962,291.0426208082708,127.38728216443884,11.008201886415048,118.86580256805955,56.50692943642951,10.612986437672623,4.187284643475267,26.712451951671902,6,238.2983106563733,1
53.25974039448403,2,22.773864225092005,80.02510256679048,265.22920573058985,96.66441098715104,8.773527493698344,84.7780820761496,89.67082981519043,14.482642796214591,4.254997244518844,11.603314090660662,6,204.16258697955874,0
57.257036291276194,2,22.006324707837802,71.60115403445114,294.44776143784026,107.19871578505392,6.553735905071755,75.90432926076744,50.62907009819393,5.86241509623333,3.6390736951694542,5.0,6,198.89308600383401,0
51.14933604269683,2,24.26643018347944,83.7274120878844,299.02853924111156,95.53907773353772,3.8452322917746122,112.00542694281705,60.02111344381899,29.863764858447727,4.331882797661882,55.49744268666617,6,201.12976423311792,0
51.233058003869864,2,20.220145956292633,65.11260169005105,185.85706850847004,74.45595680122884,2.0041301775672977,38.949204772348196,86.333450062157,12.09281646612157,4.17025860388543,10.197357934138836,6,128.16309595965384,0
55.37111333558088,2,21.633301106429652,71.47321536599144,198.01398463582012,84.53228008944404,5.949178038539238,83.06969233230667,47.22995079122974,23.608441182412793,4.238545378853459,18.924705869406413,6,158.0182023123616,0
80.0,2,24.9,82.87337438441342,321.7535461300189,115.60737911614174,6.9157779003226665,116.07319526088801,50.47023935794532,31.518153170413278,4.179770177587114,51.67001169243189,6,219.57561611103495,0
73.7533471077843,2,23.629236069731324,78.12472953391806,280.21693364916666,89.51314801141916,3.1222672183747524,161.32693591079197,80.25877086566558,22.727085128536814,4.135133925402719,37.08253610366795,6,236.1678325111767,0
27.971701640518493,1,24.374871719581897,80.84814108579461,269.66911206620006,127.31856138150481,3.989968773794082,138.91473781551474,40.236508863209316,18.600043343459788,4.652125557633314,32.3642220924648,6,189.2347706016115,0
73.80844153792437,2,22.869310161188356,76.5983477369234,182.60996023705403,109.9620764460603,11.616384648835913,129.6292969698171,53.48374804158447,27.514013153308586,3.8905883216468373,16.494577758217453,6,240.89643768868336,1
39.35059641665607,1,21.023621784126245,75.25243128125805,124.95834831126216,74.1953639599892,3.455624529149003,31.412931687520697,93.53203743612637,22.96297460702689,4.139313053834107,12.566093930474217,6,168.29577094399025,0
29.84579162661953,2,21.514487928309777,72.31277786514556,222.44756449189518,86.89086764638009,4.165312395393586,46.79029514717844,89.87517921620653,22.423764773743567,3.933519214309708,32.02598805540669,6,165.10131368432243,0
53.171757253145344,1,20.782137974872924,81.97510531166259,313.2599163702447,81.2179825780809,7.524198103490998,74.67841009879791,69.82918656696505,16.51894556713401,4.192768856301119,15.46100875844769,6,202.0928397276437,0
51.048349312469185,2,23.117214176811277,72.63118018955966,346.23368849911475,99.3560567073597,6.338467364737071,110.47163624033246,61.78697069953861,17.791790235326175,4.060270887577301,21.748377157149406,6,209.62172856742916,0
49.13019726999029,2,21.428042073239745,75.23004138479088,90.21676669047014,90.45200407715946,9.564424710956372,75.26008854989203,57.77019345246315,10.664142122836013,4.80559231180039,10.537317145595194,6,211.82127884577713,0
74.17783039253253,2,23.871710727475573,77.75082616466722,337.104645980767,129.3285169242161,4.668893966662385,160.3709700151998,64.97315050347534,26.633444650643753,4.098069207191997,46.68553271317399,6,209.85630073162017,0
39.48864067282365,1,24.9,91.29067518705348,197.06843072359416,98.51205401787001,4.3320027595412185,94.42850061517706,72.13222130164911,61.99678861885896,4.048349452519139,47.896397194279146,6,214.2672661421935,0
77.80198846162287,1,20.92615468353313,81.7350856321605,306.89784388518234,109.2046476767363,35.11976179040278,107.68709369265501,58.73359371681977,21.215093233261506,3.940088250904918,15.2829800352546,6,311.2609897512255,1
33.494457679372445,2,22.94542854086886,69.13063971975382,237.74199579940992,103.75837454251958,3.534768993823769,124.10789638871297,58.756902146009715,8.952594043588503,4.2903806604129775,17.375805594373706,6,202.49383207132786,0
58.56130062034366,2,20.65564476818878,71.74495788725594,177.89074876762842,103.50032982421605,10.24301322726837,72.45742532830971,56.74046470350943,18.982908036541538,4.212718723921176,9.063201337871416,6,214.51242605234674,0
49.99984467409826,1,21.181848006595985,78.09559359432582,185.47805482529927,92.08942731513746,5.713076086631929,81.59170063084885,42.93688623498793,8.583549028695655,3.924654113846617,7.51252353182656,6,213.08216134802578,0
67.96158205542758,1,22.922611539557575,88.58962494213549,341.0508408625111,139.2484826811236,17.860542023797592,128.45768501301288,44.131506191245066,18.761964747030802,4.108102693780737,24.722548583685604,6,272.70047175465123,1
59.72153617217796,2,21.350524028629728,70.69001428138749,293.6939178283692,143.94059658729583,26.700239240541915,88.49210069868168,45.15309277585775,25.137502142872446,4.400976063719871,17.058422249997662,6,242.8159382544072,1
30.44840878715576,1,23.223952627779106,78.70318105416989,156.31845128615015,108.331641073975,5.461845774789733,43.07030569628648,70.93475085501245,27.319101367428498,4.225331264281215,62.612403769648964,6,191.00523000493806,0
40.55786183077582,2,22.806369123627633,75.18733436040564,306.7109624868665,78.82557304755909,9.243225651027759,66.33970915997635,57.437957742465166,5.924444812536264,4.392455806829887,5.525230479015769,6,200.3792795749247,0
45.93108546572721,1,23.309437548349457,87.97555619661551,206.564796326788,139.818071079586,15.61058505542162,60.679424748797494,50.96536992938539,32.136221004001875,4.191580266075767,43.66553962415915,6,242.78726021361294,0
51.41915326636604,1,23.815928148203653,86.2179631202844,194.26035764415494,99.72823748243688,13.144190542446044,87.1839409918761,93.37971584334484,14.380709373360931,4.268388447083574,30.679577351950744,6,256.8190298851921,0
45.60852432205181,2,21.840092439430457,75.82078235666657,241.87307161602828,109.34915388809972,3.9938212298524687,50.52038153847007,57.392871495078325,7.026575247873006,4.058339919829735,5.0,6,177.97372570428828,0
34.64605425595243,2,24.74956851475256,84.58516927594154,249.3536699526914,126.95374586499018,13.897456390425136,261.7018269626593,45.69115209212597,31.674865754082596,4.15238208260964,31.978330280161657,6,325.23396885770217,1
60.43098421991375,1,23.67999339148969,87.33974013542615,282.64376470981034,135.37101831533792,5.868748127082925,182.80672436687692,43.73107412996676,20.121257712754154,4.05437751527882,28.660981727569208,6,273.0038534658553,0
43.050791424821114,2,20.831865854490236,73.09571380059275,281.39656543284764,69.24488120623758,6.011138154855906,154.34172365285684,33.35586882055755,19.88183898230894,4.025533424422741,21.07528231162416,6,214.02787553221552,0
20.0,2,22.204349046741527,69.52917017394816,211.77407031025828,71.80869744401703,5.537923757857581,70.89904554991553,73.09462084619528,21.95998540692562,4.37836477234183,7.264884712337673,6,181.8508425527838,0
80.0,1,24.82872578188931,86.4902394714453,260.6143523733576,140.26849313094186,28.825893847593104,155.49379571313804,40.64341532620512,29.183477784306884,4.305686123801791,65.18670689558417,6,335.35808862358704,1
53.347117844681975,2,22.795965044688074,73.79138328936202,266.2233598097773,122.39728803601395,11.203120340568896,183.85445475140963,40.78523108985619,20.975336037806972,3.946931202189787,33.59039991296374,6,271.025232560947,1
52.40357161317084,2,22.840027101351037,77.47523073005841,292.0233011648841,96.8586422151032,4.286058224244506,44.75055576334152,90.52130315813567,6.271253615536256,4.389212528209896,36.2880050688472,6,163.05847505568838,0
80.0,2,22.669824917605748,75.19662379507507,239.52371847900181,94.03683893730877,6.379887668140187,122.54873964936465,55.782311596884604,20.22772509815936,3.804860701167918,16.842587220164635,6,201.9698987694377,0
20.0,2,23.22775775035295,73.44152245955355,201.5302607080373,58.124738308783236,2.9367121776287672,86.04997169968821,47.29651420197662,24.339458003936734,3.7212381280510716,27.728718844125673,6,189.7278755994921,0
36.6550275023027,1,21.352261376571693,74.50852134070057,215.68301330378256,112.73001806933455,7.277457426631174,36.70003588319642,47.88221768908119,11.109300921984424,4.087405407364293,10.110554892680858,6,168.29774909315694,0
23.273240162967348,1,23.078925505461328,85.92953068925087,239.83521157294754,117.17959850561756,5.930758212862645,55.88137185306694,54.85701628296551,17.842779193597956,4.388908030821832,16.06656702195015,6,215.2530793777201,0
48.804777429853345,2,20.570421697141388,69.99534887808464,261.7076060670927,105.34749635274078,8.1054589640926,53.6849032104104,56.48297852872593,5.749730234448158,4.078596677853976,9.793404339983045,6,188.80609657744984,0
42.27012234962224,1,21.281358752630123,84.03384404759744,222.76941955683571,92.96078227161398,4.197262628002647,68.16463774060755,59.06153803043968,48.75004873682272,4.652972474014989,60.36242741571321,6,183.8132029403173,0
80.0,2,23.286797197262132,78.58633113455484,238.8589923989691,127.70512055651254,4.196227794132635,112.16772286556949,42.0478322983915,44.34107131066681,4.177594269969291,39.8987344750156,6,201.9851535670619,0
21.09653210029913,2,21.605008872435523,74.43854986723544,351.85899202540105,70.47345657407111,2.4908894332597344,43.083883358728826,46.67563623208907,5.0,3.9599721189001995,5.6886450604358645,6,175.30233413431444,0
67.3480647556537,1,22.539297330817206,85.96964753113217,170.71445977089536,102.83671755521625,19.142374221782237,80.78958629077786,39.227379411385726,15.769437229595729,3.9142614363115804,16.96223306434398,6,252.92669613164222,0
38.30813042527953,2,23.20744764906077,75.32023984040322,266.32185616504586,98.18957005724427,4.315676776354359,144.2462001652558,46.84605718809781,9.901285015166263,4.2105637998891945,5.0,6,208.37436794524123,0
35.6644443139046,1,23.669241124037853,89.86990927684678,202.79596241596744,106.18875468800701,30.479880823305912,93.25021752432261,39.88780014243155,28.650385351162196,3.7898349584980924,12.497178710869806,6,304.3021023740903,1
58.76124693658572,1,24.382538221309474,78.5493814482752,250.8058703551315,152.72137895753508,19.44319571983952,500.0,38.68670719483188,19.427340631551676,4.325526322955289,34.1738755344364,6,400.0,1
44.05079400628992,1,22.33840998043851,79.32530348274791,235.09037352473433,96.79046986776382,4.596762518189933,81.82958716619115,48.41904474927977,19.98958936573503,3.809808833829424,16.44475178592596,6,194.8321388277941,0
46.693701443231014,2,21.69555171256382,73.78067276514,214.59022107444468,106.00545804949091,7.656790011370883,48.24266107121682,75.56738227933602,14.85913698599074,4.51845336819998,35.43523062319047,6,201.49531465407387,0
64.01134569394051,2,21.106302087955125,74.70376305999432,213.71303192467246,101.6557834159223,6.239719753636698,226.23046885562255,49.43837966027086,17.44229805354413,4.266589789835988,20.04650021138616,6,232.47754034277224,0
48.02296371632018,2,22.865721088248467,79.16563801711219,199.42385462743934,106.6158692358551,7.182003192643663,53.71755764199149,44.42518419498497,14.408344754097806,4.242857911893996,20.604510355894515,6,208.14519086410522,0
21.94367757330571,1,23.146094942966993,90.33194262111307,171.92295593001498,87.84038776096233,6.100190394617731,92.95282063977851,68.87094946588547,34.90956502202378,4.533865727032385,43.15840012020908,6,223.83250202899671,0
29.67153233296503,2,18.817208106080752,69.07285244009164,183.03945244533432,98.92980761465229,1.506855731077298,62.38499123701763,61.835345561912774,12.562195779130759,4.16843600430885,28.105151983110666,6,171.48596690469202,0
47.904817958823756,1,22.94690380897461,83.97789611369184,172.62243099010365,99.49912470371291,31.270748439582572,157.57919701184116,62.92509475756805,39.674158947232584,4.122002253881741,44.47662657893048,6,332.10611573457925,1
20.0,2,21.763273071111875,72.38047786277798,228.7291709461749,112.8330010876216,7.786132405531649,64.57512161458345,73.05052731124727,22.67661663115519,3.9675387617643003,53.91006914697934,6,168.2067313382467,0
31.4136351023885,1,22.122240119024124,83.34695902946343,236.83864496943295,75.97050827978357,5.33562204283296,47.019422355239456,94.72047482891183,21.779796249482086,4.345481934999262,24.098741056721682,6,183.4547064604495,0
29.03010387411079,2,24.118240013725135,69.90762156773738,293.8262517169218,140.68935042774376,24.94798738507047,79.29293827921111,51.38606589106692,11.956012908248827,4.184811277067827,39.0193106991954,6,258.2433026753761,1
57.88487254762392,2,24.867744479996272,80.92918147753278,212.0474304373994,126.96553741800663,5.614298308000846,226.8297626104338,48.38911723823585,51.1229798354696,4.981683246571304,36.03752378260483,6,274.22183610946854,0
34.19781698870925,2,19.81360690154035,70.35500806860088,300.31112516882246,104.61150881453585,4.6220635832487655,150.51734085766844,35.002765576144846,19.802946225370967,4.23494963910877,27.554678531699473,6,200.76560022296022,0
41.2280740089938,1,23.80893621459173,88.51153397234953,247.17755948317168,113.2086944740592,6.980306126626594,51.06108533348145,77.51294704976549,36.32702187558273,4.599079103603466,36.31054240604113,6,206.15417631386916,0
67.38985859842273,1,22.7442676250729,86.28753552826149,200.52456223032533,127.15045679644092,5.784667699139123,165.9535071407936,48.17200028142592,17.20687254390805,4.590678013150081,19.870306916930552,6,227.13711140655892,0
59.476695439439,2,20.444604172557973,67.64274187367361,238.70430759267236,121.96790983518954,16.399657684299306,81.68844491785035,73.42221818329156,23.893566932419564,4.141449320189726,15.016265814861473,6,233.91676735258238,1
42.06229668443049,1,24.9,85.70352025909182,207.1944399171128,88.37539234616251,6.211364807994352,247.4492263149782,49.5258983352053,17.913208481304633,4.108729243436876,25.832094226064225,6,289.2998345939217,0
21.239747544175177,1,21.421327917182673,76.91437718861438,141.76715889154005,102.03432163210012,5.759742162880982,68.87055678407091,65.78169314251792,25.392551599922648,4.7367579391648045,32.60908775475979,6,189.80449800552995,0
70.1206443414776,1,20.98890622197101,85.76531876541515,266.35095024289626,97.90525052058199,2.571508117772659,86.70460910456963,59.62831532797415,8.911730094280443,4.215725292955984,11.263517433080933,6,199.55437888420778,0
44.8134007061497,2,22.112744669558808,78.51528505061691,254.4546931103612,98.32109971140981,4.480044467256174,72.15037627224325,59.13375255689447,9.63237736839259,3.9895194281555404,7.522390420151235,6,187.54753274509807,0
27.03236591116681,2,20.073889760387296,73.14081546236385,303.74086030764556,78.96405660682942,6.178563794197347,34.96927103612814,61.13699285270609,17.823177779743553,4.9049995846377055,27.088038153818047,6,161.0115250673577,0
48.72738657645981,1,21.534881415180852,78.49652711588003,196.0262713811665,76.86703483472073,1.5,85.87373112689325,49.859059554512235,41.82533422011399,4.415115855060805,9.85265811218893,6,187.2822229929121,0
38.245455131002394,1,24.07699850380786,92.86329497169434,337.60585386263017,106.5221320260017,6.688417592250932,133.29699360789513,55.216279131353666,28.565208931614656,3.8855645760616833,30.378975002874416,6,257.22882737658773,0
50.691668840556574,2,24.11266482546835,78.86996175977879,270.1594791427376,81.03115743035794,7.664252095588375,54.17478471511983,53.963419414549456,27.814173694952874,3.5637672365703974,15.76520687304263,6,206.60535709694142,0
43.51882464617473,2,23.099017676850757,77.1120029600928,112.73292591430517,100.14545221163954,3.5870093074964395,55.36899152453289,69.42815518603014,33.02257513424537,4.529507958129214,19.015519372310564,6,174.5859374717682,0
50.62823601305569,1,20.218505082514024,74.94460861108675,201.16035728200393,99.33268893806431,10.716496782703716,24.9725356153532,74.07981341608819,11.67638202537614,4.483634245608063,13.012669843801271,6,183.91949686412335,0
54.404952749850935,1,21.530589928333622,86.99951771281101,165.91412387018426,113.03566171295203,12.046943704740238,92.28159850571207,48.074801425601265,21.24681736646029,4.339581801167317,20.37886013387008,6,246.86740993374073,1
58.54612118610723,1,24.304343742843066,83.83634626396895,139.84106141624,113.79174526739827,28.97353015007286,61.58904305193739,47.898155196896525,21.848059756983183,4.52918009076904,17.497406866591604,6,262.1460397510281,0
55.13931965870559,2,21.330682594157476,66.25990727714253,188.06719721457424,122.71356219020537,27.156198123135344,137.1741560832219,43.81254919040604,15.607513650253596,4.226762283898406,14.088514411269124,6,285.6102716060953,1
26.18078418375732,2,20.71953863997398,69.29110378054399,193.62638379971878,100.372420592013,3.875236500355934,39.80281606913583,43.789616001957356,5.0,4.087964135733998,5.0,6,177.56016846709036,0
29.450971191514302,1,21.80207180088967,79.12200031044347,241.3738348929092,98.43472212976046,11.749572845573514,89.34136079740966,52.17476844498792,26.85966376878646,4.501507546370456,52.643911487207134,6,252.02058958108086,0
51.6783180844485,1,22.18596422736174,82.00825883142174,229.33931915287678,126.68999223050609,8.283519211570411,122.42032404461906,52.53466300875881,9.626646904852297,4.717687327514033,22.5745803233005,6,219.44549304248093,1
29.480442764108705,2,22.35788389156588,73.29832376797019,414.3759113406769,107.98417252758966,4.446062129775012,94.45739055440008,41.86389186962598,22.413330038890305,4.356443390536404,13.961223132971298,6,191.48532403149926,0
67.82536849518466,1,20.074357921197983,76.03399774788844,183.56010643680312,141.49461050948864,6.059855068480471,137.78688175578264,55.47091940927879,44.985134807398474,3.9620863033689595,68.88681199006798,6,187.50267438951383,0
43.304224103679815,1,20.21654777967214,84.7900807555129,238.93103379363032,112.54579122850868,7.063176556562824,32.81489887138422,55.973815895154274,13.19791032924592,4.009025601705165,9.384103030064576,6,166.31057331294528,0
42.60508403129053,2,24.9,84.50520172922651,170.65398090224085,98.23299037188751,8.135422022106704,90.7913881421258,75.11826172827806,25.810926149967784,4.5427395480756285,48.019135673720164,6,232.47418768720743,0
43.26140444011217,2,24.140452066168322,83.28351366557617,173.14506856644164,87.58016391521802,5.783116398618394,72.07505454907668,51.55166607329415,26.852947804934317,4.086021667451185,18.310540226776318,6,188.26834828528837,0
59.269710325025905,2,21.851618489082895,70.82768251052241,307.40984422814796,136.77912959219736,7.549827109676038,61.509459723358056,58.47264090662116,22.973811798906727,4.041601263182926,21.649284011972973,6,193.97012949795467,0
51.1126750880647,2,21.796873646156985,79.08834206624738,154.24386772828598,90.64106152438877,2.7467515522231682,90.65715903618869,72.8957152594408,43.142298690214176,4.682862181164104,75.76956915988842,6,179.7540168445179,0
51.468055892867326,2,21.746454795186583,73.42172981501733,256.9093014386015,91.04501092232474,3.3660059877189745,112.13891617500735,68.94955421815229,15.671001944042933,4.404031395039114,18.205458808624744,6,191.7469895445713,0
55.44778331039667,2,22.260416880143723,75.89325593794811,185.21460873492367,98.90355822062818,6.0874231221306125,165.16336423404127,49.973072663981554,42.621698717033695,3.942812024025133,18.89481054782535,6,222.17871687960067,0
51.417927282196636,2,20.857692719729958,66.7301656781558,345.2298329351668,97.09501086830585,1.5,42.20631855373221,81.1386910742131,28.15100127195408,4.125260267818921,20.86054310693238,6,141.3319056159911,0
58.41386486511775,1,19.772240268278356,79.65203820151423,169.27380379909408,80.89733689261455,2.806300661853564,87.49871436236585,60.27513459745628,18.307661013204935,4.068308275944355,23.231497784037355,6,182.8120462661979,0
30.296778517291905,2,22.682226423006927,75.93334444905376,262.938412539395,104.02673894312888,9.730224390919888,70.60075532891135,68.55890271753505,11.36077693855977,4.182083197120342,13.045628210679732,6,219.51579906303348,0
44.42436824992694,2,23.235729115606425,72.84271818831132,249.62765279607345,116.01946831341242,2.6962779648384116,85.04090395345969,47.909028581931196,13.40820066174769,4.635565662484789,24.11474480744542,6,190.2671881538773,0
59.615704609532145,1,22.817490302876195,84.84342551636827,241.9161165295429,136.77156177389833,6.8885022348835525,110.40231066738431,64.33622581911578,46.00665012185909,4.324409639351262,98.7380027758243,6,231.33329654362444,0
41.795551804773346,2,21.974936085269672,71.9861394510097,291.9445581406297,86.30320329472674,6.794011547767911,62.504721853637236,61.7907049724455,13.304310390456497,3.968377282262343,13.830660488950052,6,185.41582679353536,0
26.965085267252366,2,24.01015830479324,76.77900739688113,181.46225777999987,91.11443895986139,2.998165968687459,79.29566681974666,49.68739971812829,9.27711301986894,4.459352396152757,16.784056733590436,6,180.0007283521,0
59.9614374715424,2,20.068395725194215,79.01995717383481,323.18594680863885,115.60717908246635,6.208137121666926,37.05634204191868,82.43399962213901,7.310241368649,4.422300139703617,5.391153614276436,6,169.20501838577812,0
49.88186490747337,2,23.759379260215482,78.34234857432945,242.3634389359502,99.40184668539105,4.710809560729795,57.79255158075063,82.30880888167736,7.2008569621927485,3.697491258348428,21.675707973414646,6,168.2693452769732,0
80.0,1,23.445088961446267,84.97826782262356,287.1772309827936,137.2006056541693,7.508462905781767,149.4449841317267,57.909695766219,10.67013022104753,4.5035963956060066,19.97418612906973,6,239.3564278399313,1
51.52338298801142,2,24.9,88.54406117437178,239.67029712416087,107.52809621495695,8.009192648939143,47.02152639328937,52.48212910147522,16.712828285982187,4.023814921575854,16.17443469183048,6,189.53570809341937,0
46.029368921155694,1,21.708980305220063,84.83264499554704,263.12183075886173,89.19917268455609,1.8895830019408504,33.2415302540789,79.99077215892024,11.073722982033841,3.9485476339719603,26.575736783827868,6,158.62733028490845,0
72.38576265767759,2,22.095470061491156,68.72579636202546,155.2192718928365,106.62427552178158,2.199319692518241,76.39561578978238,61.560159264300665,9.537272916522546,3.5165910398405145,5.0,6,159.28991231573272,0
55.703975467792965,1,22.7013685979763,81.83953155054193,220.5170263186661,126.97042196426132,7.170466489760019,243.8773178833161,46.67084346906734,25.23987191652006,4.171159920148422,35.37515654089196,6,266.7265869330803,0
61.464601650427696,2,23.657909325063226,82.94880130836435,279.5629016531047,95.39783388199324,7.605686161831535,38.82071869054052,80.55975518860832,9.91445473534807,3.9334405109289787,14.620407862732208,6,220.06658865879882,0
80.0,2,20.416583339835118,69.10990642574109,197.7667141703355,122.77569225684258,1.7145750439739433,108.72073942193758,79.09387798180434,12.073637905882144,3.94837584327866,19.676826648740125,6,189.35643016466514,0
25.531673002493964,2,20.068728492126446,65.17446615052232,245.8983744601055,90.24150588281788,4.2068921984394745,29.260307086494635,54.977937979027985,6.11671184620886,3.8709922802597796,5.0,6,146.65349403257255,0
36.68579596363588,2,22.740504819113927,73.12881544886866,196.93199569424996,103.92668300109489,4.254575207114172,100.0951749496225,64.29454001187976,6.77043465663942,4.080103720792202,5.461196319059694,6,190.57861358556477,0
39.26298854655075,1,22.980560967217063,86.68440285998463,218.59142193135634,102.17984655116183,5.356952253574333,28.4972884017311,75.16210782056918,19.498086723947335,4.513034567357202,32.77262537138316,6,183.0803046109514,0
53.3037996520837,2,22.901179381009285,85.27342693082298,243.16407373619853,96.69400287804179,18.72674191438855,108.48916245173213,44.23863369949509,15.963937355286411,4.3400948314993775,19.551872640671114,6,275.36906454683225,1
50.35003194484749,1,23.405020234402937,92.99514620451399,294.4523090956859,125.61750684220048,7.226270981806129,158.7849191071634,45.10088778887205,17.108815148551358,3.8527727129622615,16.83098869340834,6,267.85517929477976,0
52.94992788477438,1,24.02544290660879,84.81367029360173,262.9919171934975,127.12124139111357,3.8025044483673427,71.99781302899592,65.27079287798004,14.111975730337955,4.280853570419435,25.48306413013919,6,214.41486665697832,0
53.01248664552555,1,21.549731200341498,81.42355540002141,176.1794257103112,111.05118231442695,23.23239372158532,82.65430611712947,65.29502176455564,18.17149214349248,4.760434444477895,24.75735704553266,6,274.0829021632176,0
51.672796235406885,2,23.50274444672996,77.27401031129861,306.37597584868513,93.41849355022043,9.53717957459426,82.53904766231031,49.27494610471468,16.374818547896357,4.103353866946477,7.127999690173767,6,232.43301645563565,0
62.27504182248911,2,22.14934546430355,74.4059111537393,158.31271549057934,99.42734055087058,2.716144472221429,65.66890502724496,68.03598108403374,22.671757692294523,4.063008608712849,26.62451993374535,6,161.48191573240106,0
54.42566379646472,2,24.9,80.40014750848034,158.27356200019312,107.03608835914733,5.7288263513623265,66.14336362030734,73.1889409264574,31.094898139752228,4.105000553129024,13.480568055616468,6,202.55624120688537,0
34.45553117351464,2,22.275195831356317,80.4711339403903,204.26831077539418,55.62556049939158,2.6358033936993857,37.92476823442271,82.32124244016251,10.52319618340309,3.761750348575006,19.347440140977547,6,177.32318631552099,0
20.0,1,22.416934423992853,84.28070226833607,285.480393928383,97.72832775941943,5.623016230631769,196.19315365470118,40.55589686898492,27.406052157324837,3.83226573309058,27.758650391125883,6,240.15112375567165,0
37.16561327722116,1,24.9,87.63259941897049,283.46949511981825,88.68161207695036,3.348923613633859,88.70401640979955,41.69130488547573,44.517763526834784,4.273391445546716,40.55239851272618,6,227.09620655586747,0
38.07258510822865,2,20.99451056966213,66.89493725248704,263.4687870570388,124.93050844380693,5.2900606680821545,72.60029048169956,71.15344496169419,13.533325281149502,4.234443363016659,9.802379051804541,6,164.6403219233016,0
37.72884675432241,1,23.90311658554641,87.65982034600466,324.1082391829404,89.39941227381517,6.089790023116158,112.38579897675542,57.33837615167103,9.803679882645753,4.555133757090884,13.40154151131878,6,231.72960279732,0
47.7596493008043,1,21.035366949968466,84.96285295945165,272.8222112251742,124.77009447673977,9.475699546967665,45.61061049777713,50.247783751600245,6.2415099523324855,4.197973771704906,10.183289022220054,6,201.9341384429258,0
29.381778137123536,2,20.189974745280107,74.52042120414663,256.01860292496747,94.74025386532121,23.277505649429056,48.71035539002112,51.521125873105724,24.700626881996634,4.084497476006711,11.786736792109096,6,233.23574490829253,0
54.75825869083719,2,24.9,75.42937134640556,279.99185833119157,116.72874127586702,14.762783941664281,79.66182495153384,59.20148698263832,22.71055182332503,4.272323661144393,30.935623220380307,6,227.3499817343117,0
20.0,2,21.304051699398034,72.05708885520342,144.93542629554807,72.38424698078262,4.123403296369859,47.05615620780242,58.6256625577486,16.101986935410242,3.8586650963211566,16.581988651878987,6,146.46917296466444,0
45.90271756743421,2,20.84852739378879,72.40018058359584,203.29797038124283,119.4201468721452,10.81223276469773,72.42171566989005,50.40478556671838,17.664176226058334,4.419889525123385,12.236729596047324,6,200.19406933605322,0
49.69352217069674,2,22.085052772003777,76.27025693424834,168.70515969084664,122.1384376977138,14.946616044448556,63.25289127082433,57.63260061350671,30.30566729072017,3.9888429449876663,30.30989386709416,6,197.78403937311478,0
41.87793731670957,2,22.818241748631838,78.63492030843364,280.395103929019,103.81696287718091,15.866454001952071,36.380551540663966,78.9292897287869,16.025223307178916,3.993498600443902,29.706180959808012,6,191.97296762975287,0
30.498875227566284,2,22.609524329953747,68.35443939369593,202.30293847143793,113.244249404292,7.528978722537587,98.01291415505392,56.983556232385745,19.899935598239242,4.152998151668386,36.34823455603909,6,199.46423715890953,0
45.23021862523349,1,23.357794236537558,84.89129094878075,113.58258857274924,118.2756799209196,6.038598911315337,85.69661618991263,60.59498295737105,13.463312333247481,4.006597101448706,14.33535030785736,6,210.92287310575813,0
41.62024894804288,2,21.288865696057425,72.86340700987986,228.15685937899664,109.20100750882966,3.38251118377453,42.94956677638075,62.46060877421636,6.593202011336841,3.9129928115401205,8.172600810559326,6,163.97835533804724,0
20.294525429763972,2,23.421015936589704,76.38466974340174,291.14008150286656,103.92332672380066,5.772885653698895,73.49037104268365,82.47896297607927,6.504615978099007,4.405984268180088,10.006328665215069,6,181.7012076479624,0
48.74547519902742,1,20.437345652414884,76.872893796688,158.7979080819522,104.7650023616491,12.578008906786547,50.90627050590895,50.32575867867259,11.576303462160798,4.478746396300961,8.595698329760282,6,203.35638763471067,0
20.0,2,21.269976333324788,70.15496550336947,264.0768361673893,84.28261984903563,8.81229743877137,58.75516660529926,76.33023894519759,8.044160455357188,4.162671905199734,9.292120248783547,6,182.99817341261945,0
75.52719047111519,2,23.91169385317991,74.80015824454001,226.55940235341257,103.85223959350506,26.237665004122015,78.96363139233085,49.10899796349454,13.636844180288687,3.63795610222058,19.63368451833008,6,280.76427434164094,0
62.251572401697146,1,24.9,88.11027885288276,295.521171372526,129.83169457329078,8.738407239457786,294.51944199426987,59.144516570452026,36.77589490318203,4.036882017434179,58.53145697047132,6,308.58327090847223,1
40.76519957790916,2,22.727473678489396,72.54291040143477,292.26764819463386,114.09754582641688,4.266715570497112,20.276165143336225,54.102968095761746,8.278268103185379,4.623150480840596,11.699987225137537,6,152.4825269852144,0
51.389029012770905,1,22.09899056248702,82.73085286693826,239.17326145179155,65.50943403542631,4.251658618362823,151.05839914034885,39.08257588733696,43.05086930602939,4.3835891757341,56.809752328047836,6,239.30068682451017,0
33.04419634446175,2,19.403163886742703,69.52653973980222,198.10690979224228,78.26183795707882,2.357821492715709,20.0,120.0,12.42017276474269,4.738873881235106,5.525392990098805,6,132.73269897240365,0
20.0,2,23.9116436372298,77.26897174444625,212.4580635918502,70.5567636733164,10.635199033394422,41.67543826048093,55.84456798357073,31.126603683825074,3.9788872317139683,25.370877684896662,6,195.82222915312866,0
58.133445505203056,1,22.02147409855173,86.29498581866264,211.61748952080038,88.95588896492603,6.3625421251058745,47.67454851560124,71.56555038205806,24.569714296385644,4.3726735338781495,17.887851093646596,6,189.3606042365961,0
60.633222698980326,2,24.08728178591983,79.70267879175675,306.70987716818325,114.20521843973404,4.131757490509236,58.739480677979856,73.43371588593719,6.372238078026188,4.072952802492828,9.33270742747136,6,201.58580151678345,0
36.570232835945454,2,22.351772351185566,70.55917577097743,216.92958074482232,143.10126922318835,4.491570645006308,20.0,69.47857288356626,19.364108216337286,4.328031871217992,8.659012981541933,6,176.78163941455364,0
52.001892233284394,2,21.898622984834578,77.61821480421054,164.53065193582006,104.22664099108967,3.675411285503657,67.71120764104755,55.80062937869675,14.854013715028522,3.9961664462472113,5.419056818976484,6,189.91243313254583,0
26.309840049250656,2,19.09860842095775,66.9338745811958,206.25478151965294,82.40575948831288,3.17334519093791,43.264457892191416,67.37177794648936,5.756972559571743,4.1372439409311825,7.780629031469498,6,139.95767285909585,0
46.413556981701184,2,22.31367917603098,69.65388419794613,311.92884127058386,113.82477451067707,4.841718908036187,78.89601055188798,54.40019692225598,16.05411731843308,4.073915709159245,32.60335736047918,6,195.42297223813569,0
57.48974337467392,1,22.601170705586494,91.28421421507561,181.621734753518,123.0100968021933,13.816623449184842,86.38265343456976,54.62315783550973,25.133874246089576,4.073363717340902,22.328499392603717,6,252.97830230165928,1
59.54378140906225,1,24.370967965938895,83.3143094390926,183.7256582218982,90.85452754119477,3.9674959986322262,65.52061309879774,71.74224387964068,13.358190329541255,4.230219418103965,19.918713645892353,6,184.88501917352195,0
43.858309064031424,1,22.667344450152473,78.10831205062385,145.988728568439,127.45303418211799,8.777447374106309,132.61968112756475,41.802173562910525,16.975486070240102,4.259543342248114,27.699488606926465,6,215.36132841872984,1
43.638442479347965,1,21.645128103143872,83.09297935227313,276.4679823421351,105.39114455048092,3.023625942303276,56.24708780202373,62.58290353790628,17.42751528341767,4.158878276501569,14.668651772263015,6,169.81640642298322,0
46.735557930570955,1,23.93660144506621,82.11669323208116,203.91388290736748,118.05709766198942,13.435458975437195,115.88347608795408,30.487911785565863,12.684189712879556,4.502095444459163,9.90219777301242,6,249.69641475952764,1
39.40996280281274,1,24.18196861013069,84.96617652903274,183.05421384642594,134.45043757521816,17.72454007640092,105.091886954211,42.831133064091325,17.065544186515815,4.417098484985374,9.272910946523284,6,281.53197823215487,1
21.093867058777438,2,21.15822284747808,71.49913488833505,297.04417046527226,88.78830756458252,4.489409793807673,77.43591960482259,72.09068679959782,11.751624634176595,4.101063809883455,33.558367138743705,6,181.0907374589741,0
56.47480827032966,2,20.829466921011473,74.58005147162861,239.38623140135277,98.67665063471603,6.143269447063581,37.60389381307643,60.84961613391949,5.6633879675401895,4.240511858838787,5.393866635930207,6,173.15751517123152,0
69.67935933392187,1,23.47993504790142,87.8770469961127,199.2955338826754,114.96358460160447,18.81431334775934,105.53749601656205,49.58445200402157,15.417425672450033,4.2272009727324305,14.62243197441863,6,277.3851486844828,1
25.039468655481848,2,20.53323723093074,66.71407874941158,256.1343282035843,79.61144669127573,2.757455967337936,29.445707555987603,72.5302061752758,8.51815838254626,3.814059871766421,7.348645559140873,6,145.7812600707297,0
33.59255278955112,2,23.240932338806896,81.90752945533272,275.49726585666303,111.7088801426064,4.793920913332327,52.341733430643494,82.94225109290905,19.545169192137134,3.9934685759190405,28.562084087366287,6,182.40064237683913,0
38.633834912235315,2,20.462755822268523,71.50793198713139,275.7935888231507,102.51259742055757,2.4732033330765826,78.9654156186971,72.6531539783023,10.271137135792399,4.395615294042546,11.585187377270838,6,176.91487908252267,0
52.011844548073526,2,23.80586999066538,71.73131945084623,291.78657798262896,119.12799368395764,3.062900804489033,100.41871167371892,43.205428507922065,6.999998796338603,3.622103831569765,10.280246911500614,6,193.06831463884052,0
59.57354903719548,2,23.148251359956816,71.98146254248593,346.1292224463111,139.26491864586325,12.228359178118785,209.68977788307876,47.21760117371828,28.183088911076798,3.856485833897923,42.41018181573113,6,262.06232702227095,1
55.40069802769376,2,22.741459614071783,73.69277410197367,221.36526376445127,101.19086048151453,3.703012853822075,53.53637955594143,75.02797883608073,35.52124336011306,4.017126993990512,33.23075482068582,6,188.93142886639757,0
59.81015836668076,1,21.58038961004091,85.11318060178426,231.56654235081163,111.85272312358954,6.786655808152424,101.75577447610429,60.48017657993995,27.98278737072411,3.949346797168588,20.28063326607653,6,213.5113082202345,0
45.0426974660656,1,23.612732935245667,82.70959399096057,229.08610979289128,90.26255917455221,10.139232244662185,57.79876684801806,65.92234829219792,32.22391405352965,4.296165949005126,20.479442573067487,6,213.91741386494564,0
65.90779706413349,1,21.329259026232936,80.26474959260167,255.34513241479834,111.41026614157964,3.874431816723017,101.37025708103249,55.37849698693168,37.074621200368114,4.340744513677817,44.381040141815404,6,199.12864162556428,0
40.00237693836861,2,21.010508209502525,74.08336099612386,249.2716406776884,88.18624936692898,5.344919437944396,37.322318360075805,65.09808471975904,37.42807499794872,4.268064003247703,40.235545095902964,6,148.81036970357536,0
65.3316174170112,2,20.084127892005586,62.72757415751622,199.34121757191497,125.4098416168564,6.958259516439337,121.13713108274426,80.8154466099024,12.441728093799812,4.354349252972208,9.879567393506862,6,208.06319872971872,0
38.33359544314796,2,21.813432957390837,69.74226602241987,205.16741506276884,60.62842712423679,5.704821170097497,41.140054362485344,82.11811826120102,13.43220173178993,3.5507749546064953,35.56270611801317,6,155.73736739695136,0
53.05462988768188,2,23.294272943227973,85.48422025753989,255.0593030892504,109.07591169177203,5.938184733301545,87.34670588106792,71.23987371366262,8.997320428330335,3.9704642510159336,14.126523760690784,6,205.83268225116134,0
40.13573799034585,2,20.587313062234,76.73366071186807,312.9739411751148,96.70667518479733,17.465728588432935,46.55483203991539,65.84728169677327,17.073853990877474,4.556673922701882,20.620017296126356,6,238.60759732694007,0
42.75831921731393,2,23.292883618252954,74.72788468817845,336.61712915189946,103.90186378032153,2.137509111207512,87.86490381626031,64.34499646209855,21.147471067524208,4.145951470714654,34.0518757227031,6,193.22005185435341,0
50.50692261554543,2,23.42096785317404,71.82370668529225,306.8384180076883,96.89256602262205,7.350053697381302,107.5892422555091,53.965926090538844,22.974540324821884,4.229585384547243,68.48156782534768,6,201.2703445489306,0
51.83054115701869,1,22.96664729948517,85.20868658146829,457.92077177301985,111.98289133301441,12.770655697409412,125.10792491661662,45.643203648738776,11.951634147613277,4.007142879905454,11.621181486203508,6,256.04663436144864,1
38.90306397822976,1,24.9,90.9368338216748,246.99210207079588,136.33803618424164,5.795465476138253,122.35955900568379,56.50359948861544,23.366182806404762,4.664486793626085,22.900226910959866,6,225.24464861695742,0
20.0,1,24.9,92.55593922359216,187.45367292426215,119.9430691304475,9.597722061586625,49.827231795196674,44.674646967794665,23.094388943975538,4.7395691500077,14.391741879004126,6,239.34461952978774,0
47.05904165583973,1,21.482946457336872,91.56712932474353,210.70380441977827,99.46122401376365,3.8246187845161,88.00039684979293,48.59376106900886,21.65196423834256,4.3978658085421625,19.53920126843465,6,207.41456188536242,0
20.0,2,20.7449225277057,73.46149273606021,226.89833594985916,117.6573169073844,4.061573382152097,24.983312549680612,119.78842355589524,16.046142911215313,4.669314241736731,16.178555682239118,6,182.05696572164547,0
30.946176550618667,1,20.149787915879916,83.73934016200185,197.34562204872933,110.97674128085596,3.361183035741708,68.27390021172224,56.09732384189164,36.994868338977625,4.844914045868237,44.168527116441076,6,184.9626186313032,0
55.1199072433351,2,23.480554269929897,77.41194613765776,190.02646207594813,113.95191834569395,3.8034712762427416,65.92652919997029,60.26010614611845,10.080112034028106,4.214453617617207,6.8331704778215245,6,190.25581147252524,0
39.887894134748,2,22.227077014349497,80.5117559017917,166.04274282662794,90.2502740590039,8.545505280988483,93.40402724667915,61.79927291724468,13.233522784381123,4.097071033807908,20.89558815209821,6,213.84290540421733,0
62.11377711358897,1,23.64041903740714,92.14344720389681,287.96081758124245,109.59291580802099,10.981285413135698,74.00298911387654,104.45390551881201,15.065549421513833,4.78792010219103,37.28564954294754,6,217.52571984626476,0
51.44011872677184,1,21.280818005524097,85.54533859356252,194.53689808181548,88.15232453022982,5.721769019817545,96.82615138594157,66.21016511981026,53.36293796544762,4.164706950743729,53.80426887846626,6,210.913818616515,0
70.22991782938875,2,22.460846596409404,70.47260489154245,259.21125952155114,123.38030466575547,7.06391211375377,129.7673787508732,49.41925697872253,18.247114841437593,4.05420903510297,14.56622322736186,6,219.2625067514844,0
47.644246227372605,2,22.779846423946513,70.48202520771498,261.1425512336692,89.53582985065574,3.9102165034245666,76.07005477289994,63.70306452413231,8.053804272290051,3.7144625996662213,15.129382689604004,6,184.50276770965922,0
44.86809827931251,1,22.045836356923434,86.08855776559352,221.4751593666571,150.7638787805028,19.0471532885218,68.67031554691528,54.34599737717804,17.32367852700721,4.276378014651536,21.636102724753613,6,222.6831355618338,1
27.98085837720979,2,21.8181590338463,71.3791627585339,278.196497074471,98.4966059893133,4.68323151086243,110.37890334605405,60.83506199120723,20.73640405067759,4.398528821116524,14.712950855386676,6,197.1267472570156,0
20.0,2,21.893228293127947,66.54646206388068,286.365420340807,110.17840897398516,5.190671498540543,58.42834472985236,73.91597006915036,15.616976997869234,4.3546686781699755,19.426835645803454,6,158.4897219591317,0
64.46333217060497,1,21.893965689802762,79.42592545771413,220.025645992087,96.5530666039498,5.268531675741752,105.19591543838276,47.01292895604351,52.528586490347784,4.737781895565907,25.09155657943868,6,194.51897790363054,0
26.232653926738735,1,24.9,87.82591447654602,403.244844814402,88.9380241467935,6.79081653041524,74.4165141449348,58.019679449686684,25.328005722950742,4.150093330417209,30.064096182548333,6,197.07058638873423,0
49.69499494695659,1,21.96283366735019,84.95886533762281,267.2257157680625,83.75881649037173,5.83811359809141,40.82697659055076,114.8237290237735,7.8045672045711205,4.0725869709676905,18.060892991819273,6,182.44755215397203,0
57.578854848125935,2,23.94275517594244,77.80475895833463,188.05733568675245,138.94251994118972,6.155803146531826,117.30545142777034,58.82121180515524,8.264732845231489,4.318316825204506,14.952929506987504,6,193.37238061445146,0
31.392903460030595,1,21.216659776854797,82.63415071229582,143.09482351728883,112.15209901514885,6.717100568092416,87.46967274903756,43.753673286788406,12.95658908714621,3.819998543290598,48.007742981966906,6,209.8478464039241,0
41.109387347811584,1,21.912313552057824,82.01718481997811,167.63158196993643,81.56042691091771,9.655793729874627,128.8645131092084,50.6835030960055,17.63198235746674,4.172940007209209,11.323672055004721,6,231.99329178537184,0
75.17929068895117,2,21.79361845399536,76.27572303455197,167.79103398068565,97.4467978654896,2.5765886301120244,92.72904499246964,59.95231774272607,13.58339125615079,3.8543193787519088,14.965770593748642,6,201.84385461301423,0
36.939859619928775,2,24.9,88.58174994685344,341.0535609954041,96.11623141661029,6.657133666487211,118.96633049504294,55.31599160664201,9.26948786530901,3.9713083103859668,17.603754215323157,6,233.52732952958115,0
69.73155073365575,2,21.978186054623635,70.23399771674134,209.19499132940516,99.20797547004454,5.523511812476146,51.561400689279026,69.62919308522707,16.18389107945482,3.455363852544926,15.621592407350162,6,152.38562330614408,0
62.682299678561094,1,24.9,89.70152978631724,198.07356193578113,113.25984407129715,6.157410492674379,154.3370535558303,49.37068007696621,28.956002018011144,4.445439781424186,13.619446690316927,6,257.07251450458836,0
20.937649349009007,2,21.812219606593263,76.16152500846022,274.40318351008943,80.9990107573092,3.647881977843444,44.73426169188059,62.573347483754205,9.009465605613796,4.12754473547492,25.95700335200014,6,189.57447566293433,0
26.20078350152537,2,20.66695016591472,77.56141816639217,250.1970838324835,98.07718795530167,7.263583234666806,56.04912057544307,66.26219252610242,33.093082343470606,4.123168984570607,49.842091618788146,6,141.01327522044815,0
32.401276835265634,1,24.50448700809363,85.41431456493787,176.4579398626389,90.6178067551544,17.520016023289656,70.70959331027132,49.70174744569066,28.779779934209355,4.35839612350583,21.278052632561508,6,254.49068537752663,0
46.75379972471704,2,24.303523374302554,80.13715915351868,327.2607755926922,136.47153631700877,11.807518512692452,66.25354027618278,71.74899315705632,17.959751938453618,4.456149353226227,27.82628033439523,6,238.4303030311015,0
56.61663687157971,2,24.820148116240784,80.85649999504793,314.1872215178498,113.89691739110035,8.350731686639243,97.53384389060339,55.844346085166954,24.767556404873613,4.528733723356002,38.729300389739265,6,210.8911046148159,0
60.95510824857867,2,24.542311760654105,68.21358059878696,144.38733285577928,138.34576615610223,16.121832810453412,55.96594060249784,76.29736306465118,8.265333246552464,4.09865974701169,11.492394008987741,6,224.64194195013073,0
47.411801787213605,1,20.497410997581486,76.17044496549703,272.62365063535145,94.3246154729125,4.965601785442176,45.33726703263487,84.906758753616,15.417015939889954,4.154033374599035,16.79673763221356,6,171.03256021171077,0
60.66408798777727,2,22.988997445429096,69.96506127295635,144.6932575765873,125.66920714200118,8.779108027686473,129.44678740346353,44.2837899077381,23.33116123997614,4.232921875776257,12.427562405599685,6,216.50421850522295,1
48.58345467945953,1,24.543005478440712,89.32574667804539,206.24485993650586,109.81987000804236,17.09115700192124,68.7797213867203,39.60043074460788,46.92600160553412,4.629278026830173,24.974346562499747,6,264.7746456715864,0
51.47811765436589,2,22.738883259333022,71.60477127258176,214.92591577341258,108.78383708672003,8.217278759597473,122.03191947706765,51.45077681529637,15.000539459935517,4.021757377587469,10.649128858519582,6,215.59042079140445,0
53.78828729654106,1,22.067841781832758,79.82080436333747,257.6554521312391,115.20950014581943,3.398725142162025,48.60785455145144,56.52248877326816,11.957699168474365,3.652321547941643,17.38468178930201,6,186.9098855829338,0
80.0,1,23.71572708993149,88.66200191831192,213.1919027783107,128.99088325523198,10.09958450458293,181.63138698723068,42.140519442164035,18.73488410245664,4.184083088164387,16.895433396693466,6,287.161246270959,1
51.13214125722624,2,24.343681969633135,78.7619821540493,166.01911821122513,100.73261008448212,7.668965372971482,48.43459203064246,49.624954521187924,13.506987251242794,4.0351037302133,9.340954935920703,6,203.0507782333919,0
80.0,1,22.121889354411394,84.21453988892897,191.87859873914294,133.07790434694732,16.8738691039436,114.93409459088942,54.96389879069642,21.10067603124351,3.7484655415167376,16.579549932604827,6,255.35779045946035,1
65.69899992449729,2,22.672335465056722,72.15664503085921,274.4156436908229,112.50959779843815,10.47151603846157,76.14684642432199,40.005325245960755,9.39531479904599,4.739818180319494,5.0,6,193.49802743195764,0
28.49735155702673,2,23.844254477439662,78.43617022927013,308.43487364240036,88.54240314694778,16.39988360840404,52.30867669314139,67.37960346133973,18.550893168373385,4.614170233320467,22.590632567253184,6,228.36943437784956,0
42.92299211331922,2,22.641759300592714,75.34176482631666,236.24423951887593,96.48173932457118,2.8773184312750857,118.04308410874475,50.35520894534923,28.31538908154395,3.848630213838486,33.71622527308578,6,206.94548648905487,0
45.97628742480852,1,23.628545730599168,91.27135835646988,230.2109200618539,159.82052163510696,12.95285849154517,228.9556004862824,54.29941582574205,47.299654918773065,4.5211330152085605,50.34834931234328,6,337.48755126244697,1
69.36613613923905,2,22.040027186799467,71.696622999699,284.3533386420286,119.67088590639112,7.29412383009456,108.92913705615756,48.955558647269335,15.442164807410622,4.710472176098234,41.162470645363086,6,189.39158137301138,0
60.307447866329724,2,19.719471581072064,69.42106259923324,184.47463931883195,113.19056672353679,3.058574608923218,28.646791221972208,85.5614296950523,19.39363866751438,4.071196515497008,20.96024857847145,6,151.53688401519844,0
39.128777879024355,2,23.36709039907535,81.88550022701136,288.9877816973066,110.70210833648572,8.910415181169318,120.24774524618479,57.13520269081995,22.25901147235784,4.53640872965863,52.934454167282794,6,260.2702655347593,0
40.77594213239,1,21.926086670377572,87.85887074967225,225.94935204899318,143.2066192187427,27.211106146704466,309.7800562136181,39.74170985304566,33.32469431065655,4.694246549915349,33.11944690963647,6,400.0,1
39.57446170139613,2,22.18079162710098,78.28872592885422,212.03633554665603,95.59297220871038,10.998525179728956,53.82110193016186,70.35578321631257,14.71320327977331,3.77666964780921,17.943861132253698,6,192.19811573080418,0
76.31608330885801,2,23.895534341000968,81.49123948972853,220.13789949200117,112.8312726303019,8.218641418434176,84.38028446070658,58.47796625977967,24.409879349056144,3.8863031022621093,43.3797016342379,6,228.14769149066572,0
63.85382792937794,2,24.9,71.18286517741176,282.7000629720549,104.11537432061834,2.5085854738006197,103.68521141932096,66.84919947201635,9.44625308108305,4.200466733228658,6.792615500154655,6,185.65075392655388,0
35.45327732512271,2,21.171897935456784,73.38603025267119,343.47795701436416,112.3461143704737,4.472224905696386,115.05177129775339,62.670241132319035,11.351746734397908,4.113426229715455,8.895689989949767,6,192.09520650353502,0
55.26839399131141,2,21.12713599253056,74.03891755055614,247.15574537456453,97.84081693661776,7.696237173774252,104.38774479918325,72.39468786799786,25.559939065556918,4.677482918663399,30.472095413312154,6,195.62473880291176,0
61.58058659141108,2,22.38982931790444,71.31401213949677,337.98499860981394,115.26536631289068,23.030314120188027,222.00226975312518,38.67967724431323,15.2952970591332,4.1735659741111775,38.916720183273235,6,322.05569276295364,1
20.0,2,21.004947348524727,70.61072491518007,304.28501391207755,83.437700025021,7.634788326782332,33.52859069815665,67.7676116049883,9.746525056660511,3.9037111250414065,8.905131507988187,6,182.37423325930442,0
59.46265104436583,1,21.53071938349361,81.42689050844487,87.17858944785559,111.93083661622603,14.333943784610737,92.31028347383887,54.25301155790195,19.419450376143885,4.414512476206694,19.838550095564603,6,227.38727900903353,1
60.1719445140171,2,22.175708768118984,70.24362636224399,306.8184734324831,116.48416686762353,3.597084211839311,96.9617793810256,54.863311208912016,25.862602458067286,4.019826238702823,14.444103646089998,6,206.75697474991577,0
27.056380971306943,1,23.30523917676063,90.00859982897813,263.4087663821471,113.37280480175342,5.860592240356913,56.35476675270061,70.10087585098479,14.297990192017414,4.080969790864779,15.61987274877981,6,209.89039448092404,0
74.93597383444788,1,23.33197103336506,81.09982430626243,265.99808446695283,124.04182545047782,3.6140502965030863,108.00442595908315,62.35077545126998,25.500632002283886,4.209825717616113,20.77727422340455,6,189.6652953034303,0
74.1827891590404,1,21.67400690293055,78.19798664245947,310.8729476752014,116.06646088465325,8.62055135139015,50.51887120751016,52.910364451759825,8.609089209300894,4.209007235272949,10.741091208700341,6,208.95708986006963,0
80.0,2,21.866962818152896,72.97359942235681,218.73794348141513,109.01823988049308,6.190945204646167,256.88515750836734,54.41493741988172,30.380800269153166,3.821224947307604,28.227037520162426,6,268.79846659987334,0
45.38050167212946,1,23.502166833300677,86.67308052076784,244.27607412792435,114.20406191374605,6.010512841982051,40.85579801089271,61.23585752594273,6.905441242987538,4.403469562191902,5.0,6,174.51540988842032,0
80.0,1,23.78950890585228,82.87887508733695,150.93109759212402,105.51011860224112,3.799372843048451,162.6023275865825,72.1856871595541,52.134659431619376,3.8498860784088347,36.254328410210334,6,248.2225597401797,0
41.97613258290423,1,23.752153571877653,90.28138217947135,216.3606251567915,94.72716103766774,6.754798476806577,48.12550072894903,54.227545069797955,32.62044177699064,4.215922524882785,20.68343206398978,6,230.58012664180433,0
58.783344115635174,1,24.9,90.33654274165262,263.8490880907152,95.78098768848939,5.406773253062865,167.9577894832877,43.648491538186605,18.945492612276276,4.012204363983082,22.705718896106486,6,253.52445637155475,0
33.26015082922487,1,23.343727791437157,82.0550974595119,123.76156538334041,99.65814142178371,8.789481808031978,136.0465244289986,45.53231797138615,19.522835072900158,4.5095094083618985,11.185509824333414,6,237.80533596054767,0
20.0,1,23.351236732661487,88.2789012803323,223.00768703997804,104.62904236341122,3.1567628144519495,57.38525904942076,80.05028300484356,8.706601243939678,4.315176287246167,31.253522738209327,6,194.01540726564718,0
28.463942278178518,1,23.71273825709665,87.69718585466653,279.2113659718081,107.21751863467229,13.171974899135853,93.05035387082908,46.112232150877745,28.19328045423331,4.17862483831919,32.633272794054584,6,237.87914100577558,1
78.22597698944757,2,20.40841985954471,75.62853765629124,203.70145748880054,111.31519268195568,5.788668457648348,92.26760925952861,67.48453693054533,13.912544039322283,4.348296382731103,10.352075507602184,6,200.07019324425528,0
31.888997917194065,1,20.007522788241058,80.24467485416672,190.17122928247318,92.02993965388342,4.979233882782599,42.47441629087685,96.3967455664963,10.212774440980766,4.133461886671807,15.012011786538311,6,186.4517921182482,0
44.76117999328251,2,23.7564959551391,74.03352715483257,172.94266318044663,148.78588485525904,7.576220256830427,62.49067406972259,85.38457025973689,20.418760155401923,4.584908165565573,7.697107127167264,6,187.97614171745678,0
43.38290698588752,2,21.353903207821702,70.21212596720896,193.24469450534758,82.65487902850927,2.1319142640158053,40.64378552473588,66.95200622437939,45.74845923311078,4.3547163911161855,25.80588500026466,6,177.88903739618618,0
44.01228005268708,1,23.930720848363737,88.89958693899169,220.96373552719137,94.34543971786623,4.392397739578578,126.18472621941771,43.13121081221102,19.108458561416697,4.557612169599952,12.43269748918049,6,251.05514651450636,0
42.7809700940543,2,22.99565768103433,81.7181667920933,196.7670035498615,81.36195582172012,4.38888587501562,89.76838786680725,54.31656629264712,13.941729955328759,3.978127231816498,7.654556010122922,6,201.9786363201063,0
39.21809080298861,2,18.5,60.0,313.74985851676666,99.48105510543027,2.9501446719329465,21.080470457030486,120.0,13.31198155812794,4.43599104262744,20.531041083320755,6,120.52088317590346,0
65.63069196612535,2,23.39907850594744,71.35855764761094,257.8645670370412,109.92868965795437,5.754996192790059,98.58680392799926,58.386024993245876,16.731611251045173,4.156917499855458,17.31562745943574,6,225.39763858898564,0
22.804849081067466,2,22.290708326908597,74.11719775992319,308.4470688508734,115.74685399543682,12.337194950905866,52.43039166697711,75.91838364939791,25.208320903791954,4.784573146750378,32.19698837035846,6,199.744352472414,0
80.0,1,23.256405999348438,79.36434444989092,253.5888813047825,119.87482537416214,9.087097838302974,126.39188795309518,54.28153515105181,32.81973406709286,4.549340653284167,110.16143073065855,6,229.05913221458601,1
49.136690626954426,1,21.647428626881766,84.75507199440551,231.78198151945148,96.33857208946866,1.5,93.35044204071538,79.6835874722774,19.286772826982126,3.9769698975513346,16.529617701900392,6,189.6449349321045,0
49.32914135855185,2,20.399396224020464,66.9613596179913,299.9495818982242,98.92945820555586,12.702435601791796,110.5442955212433,52.084670478571205,13.788758801422977,3.763037008909671,11.858990135837075,6,234.41011271845184,1
20.936747592782417,2,22.50359529609863,76.54016367292218,262.87542848969133,78.32373824463248,3.039579993412816,60.746155458525635,67.77266595396966,15.201712605958498,3.799414825852393,18.92480481013798,6,158.68774879898606,0
55.121377530058126,2,19.464672659015637,67.93283959300183,258.67272333034134,130.21875099594212,2.848753636403884,53.712255162826864,100.63290813699669,10.437641895762935,4.38044219684455,10.774163553910544,6,138.38160538410807,0
61.28660579141069,2,23.165551463392838,75.945508609224,107.7849969303928,125.88192684342346,14.431423771587678,115.96166216750538,92.2496663060056,42.316453407160104,4.590086628208308,25.56156013174576,6,253.58084638137862,1
51.0614718066358,2,19.8936218768594,66.55709249456595,252.94430574123223,73.9708886078044,2.863793430668478,72.42686523398903,58.704733260378305,8.37184394403415,4.286650959904494,6.114178120754603,6,169.46075413542982,0
63.15277293348858,2,21.1603245893214,64.57436171461944,194.01074374398485,112.50005166196156,8.192297189100616,128.46497350259074,50.650785600990645,28.96135989893014,3.892217583051182,25.548676769665697,6,196.2032069858391,0
47.47975406246064,2,20.222471480699856,79.6088031097782,223.51164622327076,63.438304916991356,4.791420316148378,134.38454770301232,59.11910400704313,12.990924654535254,4.057857437244748,10.493541810839451,6,203.69623357907295,0
76.77906599507332,2,23.211530056199443,76.77853741745824,204.1945229557493,143.04484445881718,14.317880897425649,91.95150441173264,83.54828510263549,27.966892700707863,4.233831133030739,52.72326206880979,6,228.55051700537015,1
42.63279585265289,2,20.82127814543668,72.0771011193794,235.44086051347153,91.47337729030852,2.381412611655562,127.39426677826351,53.655483605252684,14.502290439153182,4.403539654654242,12.522982348873716,6,200.14741394624443,0
52.91511064651796,2,22.079782778482645,73.61382834472143,242.51143805012802,145.7141102740123,7.818828596147585,86.76693299590943,59.26021855546623,9.344915939018206,4.016122211571413,10.74676681273472,6,177.40514997630547,1
39.42636769970689,2,18.83192984316718,66.92834428229482,127.10034176036507,93.02037796208666,5.599425678074927,41.608142921801765,74.79484149868709,16.193296660750704,4.426757221414003,35.773527650873945,6,153.67197649694756,0
59.63040430249846,2,20.315899322622602,80.04540949295792,217.1356810866985,100.10148693242442,3.717323822626948,54.71491164814941,80.66787978338077,18.61908947040665,4.3455308869773015,8.918205270848057,6,194.4166600271593,0
44.246684945591596,1,24.9,89.05684294529996,266.29287103375424,113.35360401389116,5.622357561348313,70.94680613279233,53.08846630745587,19.251356756861238,4.2103469903090165,19.92478368857099,6,214.61644910480766,0
52.573653858968555,1,21.472039647168497,77.50853129893945,280.76763684663496,103.45908036778472,7.254672685959414,179.17172460090458,63.850426956371585,68.49333617235162,4.065408946856246,92.39504112522572,6,231.64549372541973,0
38.76483467658328,1,22.66025619384331,84.52139950585364,196.60331025043124,84.45353049906996,6.391558621662929,68.64807803841288,47.988644240689766,16.65739943831201,4.291518504939342,17.042927901735986,6,230.10540608322054,0
25.216356447039868,2,18.5,62.319519523098556,322.97683496142673,95.58188856578437,3.862539024427731,27.818257699229015,87.67966583653256,5.41797342452034,4.3113184372709545,5.0,6,143.46040558656648,0
20.18129371393483,1,21.38231533541592,78.3228625462688,195.62080120329148,79.32847856409941,3.106760108738772,55.99274481407295,53.849376951748006,16.760509472254284,4.554305956694745,16.058128687127013,6,171.45544798368834,0
60.03912290722423,1,24.9,84.94468011077804,205.37833066118563,121.74677191131964,6.57725106222536,214.66689354006442,43.36757094070448,20.33143807705333,3.720254262891087,48.83256419963609,6,269.3974243813829,0
25.046458482068047,1,23.444421671289994,86.55118545497461,175.53839636983807,114.5101703805382,9.05534198725714,92.80248034018892,39.43890884198833,25.864481811112665,4.488586853267002,27.244810215014425,6,233.48861936898277,1
20.0,2,20.477651940749364,65.52036672975171,160.46438664953797,86.5222001534435,2.3575429302649087,59.92762441340968,52.110216206625076,8.176984433165984,4.4886438823191765,5.0,6,152.09972025647042,0
46.22744039312608,1,24.46921056314528,86.29044304868694,207.2296535655833,119.37469024694231,6.279743716386938,113.58444349420445,59.71180103770105,17.88663639054933,4.348561239559495,24.501068724910763,6,222.29398712379796,0
41.47940742652962,2,19.421468113446405,77.02423515523735,181.97773143371757,92.9377074532254,4.6259245972250325,126.83014312800495,47.01446675179646,16.418946340082492,3.724205171839252,26.514687527310127,6,186.68315741965608,0
45.43550309495689,2,22.105848575402895,67.98003634452643,226.02017171282102,107.29366265692364,6.350022613898674,75.93085073437042,78.92233160293698,7.846607839695305,3.923896635754931,8.628475785573762,6,188.29861961970101,0
20.0,1,24.9,88.00340652514862,219.79282761311515,102.4903565603887,11.258522081508083,77.37629192351073,39.845758106491516,9.913813255446742,4.654740219429683,12.524308567092335,6,229.28459001916704,0
77.70030436303972,1,22.924295876669618,85.84038302867165,253.05374010410793,120.72562223515891,4.860098089127214,98.27622895289242,52.863864864930356,12.983247106184784,4.283176166154875,9.408082325291918,6,202.14207123495027,0
71.0885688737435,1,23.228214190267607,84.74136747168014,204.99695761387832,113.2203991060633,6.251706797284756,96.51770668364463,56.33499480066826,28.457953887847406,4.082469558683473,13.749097902327277,6,212.65292746272243,0
54.4622683802738,2,22.312470707722486,73.12719634880737,275.5659206230845,126.09916009772819,7.682515473693667,77.13436090374317,53.08119329280317,34.60137493330201,3.895128008873784,88.57532632521512,6,204.77992827896776,0
36.68438039671663,1,22.499505938214465,85.79691693978039,222.06484659895,123.54314940563779,12.273122693168924,96.95100110485342,47.8463606518131,32.3390178498218,4.52733428748563,47.02798131311869,6,239.93456063589292,1
80.0,1,21.85366394923214,77.27459459228378,161.6586459214039,99.20330393139655,5.83226775138489,111.69153847551928,65.39414335390714,35.1104022626728,4.055370430549004,46.50927850930336,6,203.34426028181346,0
56.950587866020996,2,22.33415413157309,73.07647903545171,278.41391748790136,128.1125724781682,12.05176370371387,56.41239520364024,68.23359440652072,7.555055696865101,4.574266900871024,14.811222945257562,6,206.0956785588657,0
56.10055318496894,2,21.302572040743716,65.25058626599755,295.53178465832553,129.39838031868888,5.584304702190653,50.27773175727385,88.93595919341826,5.0,5.096157737550992,12.203059894672414,6,172.6862621823379,0
43.37197557884745,2,22.790174477699686,76.80444561168373,184.2396480351694,81.309462781799,5.640523949550253,62.14505195746511,67.50268639739281,12.07274351753566,3.90712304872066,10.199938389731036,6,189.95978081545877,0
60.28159510811653,2,22.792057587262597,81.3695680389925,137.83200142494863,136.94669760242252,39.15030685485435,70.46448510567372,66.54045261401748,7.817593227249273,4.001816393352956,6.575629582483165,6,334.0844602090072,0
75.47310982679673,1,24.12829812609988,89.86501984064789,244.76023527037609,144.90848416114034,12.360007443792929,115.46934849729364,44.68755785342929,15.555644455913205,4.177024740447268,15.827892815408442,6,247.90174733199046,1
48.84078718130299,1,21.277538153527757,78.27566096254533,291.4534042725928,103.64100094345707,5.383089345991919,39.27097425323109,57.42604050730443,13.274014284843853,4.460680100792915,12.122254953546467,6,178.84698957513572,0
45.98172933148824,2,19.70690002739032,67.94193236240011,232.73853171117898,88.12168161383461,2.5703600153457846,45.85148087420739,64.07917099949046,15.138099859959404,3.92060854706021,19.51169104710008,6,134.984014716141,0
40.040358378970964,2,20.97029541423378,76.72021872818101,241.41958737803054,96.44323699072073,5.1315979351111585,58.718728519320706,71.02862376977367,6.713107256918457,4.103432379611568,6.624422456824874,6,180.54403803499974,0
43.07255840441344,1,22.451667844966185,87.97448326743303,242.04369461539582,88.06253364889673,1.5,81.80371282646684,62.54553078177321,21.069100842695644,4.369288633463233,25.098959976616612,6,210.99715277217265,0
80.0,1,22.542856944519148,82.18735962517167,379.6589781360275,157.34153818795585,11.418235850200057,116.1472922522112,38.635580092126936,19.621241582785373,4.065082084411862,24.636855430234682,6,249.04561930003757,1
48.49502487226529,2,22.73053540045512,77.16228107303544,262.84803426043993,108.2737705830003,16.7709770727704,100.62137555650085,48.74333487139081,12.718774879091745,3.8732362126231825,14.1211542159228,6,244.98704931522815,1
51.03923853413684,1,22.054095755185063,81.10174676025741,210.4012992553851,93.04686566442362,4.8097204366483535,54.22198646345729,43.29954673519967,29.465322306329096,4.332398265603659,14.012586333622313,6,170.66078557572354,0
51.046242948521034,2,22.652243906883623,72.0536438981787,322.196175484303,101.71974412625238,2.030910031762228,43.383309390589034,49.65254595371196,8.333595886421332,4.115055693877503,5.449084891679333,6,152.40626310885864,0
55.14030274999329,1,22.47379456184203,83.62117278754917,198.1189772825314,115.08158636489682,77.30775432482879,173.48430179158024,48.22645395153742,44.102004926509764,4.444326501883287,44.61942600595921,6,400.0,1
59.10071759290969,1,24.163372693477136,88.81460181866575,186.84030549417014,107.43785995790594,13.855009162495264,282.12958065481337,45.923738306399684,34.159313660178576,4.005843115600526,23.756560887692117,6,340.8050800526962,1
30.135092053606304,2,20.48094004819405,74.62371725997902,200.14043372371063,69.86039648397677,10.35674903472871,52.7375694159296,63.51613235560779,19.506290250807037,4.277654028596902,9.021824063437604,6,175.8051709868388,0
42.00460230253307,2,21.47879678471476,74.6668332629713,222.93197016842882,112.34249889772711,8.022923737463067,141.25671755877278,38.5070962067094,18.59967903196962,4.174090882600484,24.07595107609773,6,214.023817999462,0
36.95439981205011,2,23.21287059868284,83.04490994081462,146.2088895293051,102.33783202125778,9.312901273144433,66.46800178727466,68.71345172836158,9.40885459558661,4.3172596766741895,6.244685886914579,6,213.03417183028373,0
28.71505748943078,2,23.16832202895046,79.43746615439039,261.86104604381154,97.85791900356692,8.861101166337876,71.31086408099318,58.21669715044901,5.371241741831209,4.249014351867087,12.313663707262075,6,226.727356179895,0
61.93421509938604,2,21.70999667083627,75.04227291214175,313.0564075313839,112.00791967842977,24.100443000382334,114.59972020373668,88.89672925052481,17.55814141038684,4.122941731881229,43.39509255992878,6,277.6881335320402,1
37.83899036983518,1,23.897691697253485,98.36613897957403,224.0925285976092,91.43471841050572,3.912399692155912,48.60165085499832,82.20930722055031,7.929797056045716,4.528150452329219,21.58231993653197,6,211.7422486023672,0
20.0,1,24.3588139009525,95.46043666115939,229.9858008373582,70.40666773067224,3.8303648320107477,170.01050129479347,60.68380944631622,24.2440608080483,4.258268843331102,29.28240235122596,6,245.14246710961078,0
47.90031366264328,2,23.29870666060907,77.71643921211454,192.7564694517331,94.52974153469849,3.736187419792053,97.28270693122012,52.66503697012933,11.63575704285395,3.6551239058296634,17.719259191882685,6,223.3801275771076,0
46.14103478586083,2,21.113212899631844,74.76677237361005,304.37278191742996,101.4066495050364,10.45825089054328,40.691260357307335,82.4088521290306,21.487884857248584,4.566942806639052,23.452687206911975,6,183.50318787387934,0
42.25584916513514,2,23.87289336919267,77.02397070336892,252.60354249950393,112.99434378930462,9.14227190868341,95.99329844404029,53.322722821178786,14.666855430460508,4.467365535057147,29.537664429136626,6,220.48714479805622,1
59.82233730782775,2,20.411851620422173,74.6548970253597,161.64060516650557,116.0348111497655,3.909145883438375,73.62488594811092,53.30744470586176,18.48430059677528,4.237974270906901,11.17822668822823,6,172.56485068804355,0
66.79434605187484,2,23.467543133846863,74.79612694534656,218.76205155165414,101.8642066543672,6.691440022843914,124.76121359450406,62.49092644228099,40.30017923815887,4.425867683149219,32.237969929439494,6,221.27354871513177,0
61.40837926234298,2,23.828350648477656,81.87505264855902,249.42143714075,135.29327839130485,4.373452541485216,121.75796543053097,62.333419400639336,8.17206635244511,4.0203886685060946,13.233598486952994,6,210.31399832024644,0
80.0,1,24.9,88.82384277573234,192.87351984750805,108.14907324705933,4.658965973753457,104.77319950671901,50.768125528273394,71.54697885819553,3.924581779619272,72.3436984155997,6,220.22124667487034,0
30.12300563002524,2,21.010892808163092,73.72296334206071,202.63683378564193,131.4245856697741,11.767363996485193,65.50083935381114,59.5988563878502,15.436161936255772,4.410603988105069,25.44835646586536,6,214.55404936088098,0
50.419211884909174,1,24.004961944602584,84.43333325919521,281.6666224435866,87.97161317740881,12.68111939694705,109.70395025207195,44.40674188431384,13.219186409775233,4.101977154691037,11.35541012423009,6,219.52177471907834,0
28.781335429891673,2,20.527615716373326,69.88144428409707,287.9587359883684,95.71556879683763,7.219770079209358,103.77370057285219,50.072937542492895,17.653610868955433,4.184908660730618,14.350997504702423,6,173.80637015455437,0
45.63252878648865,2,19.317357682878573,68.69341139366107,218.42299665260447,93.597413407179,2.2359781869784996,58.66987568733964,93.74981929504868,12.042357582524641,4.019527354508768,7.70026019812064,6,166.0407352819833,0
59.922874493794126,2,24.225616839487497,79.42342996989264,211.74810405828802,110.67823212122421,4.464790139517012,91.55708085143272,57.89019070131746,16.55523922889407,4.2810308664008705,16.215249375815716,6,218.28345554785471,0
31.453476181876933,1,22.08872629391852,88.90006674933394,194.8662403349547,98.81233111494714,5.09701463401784,45.596289683793174,52.87058177412822,18.51633630652399,3.6432796129103724,21.294685497419533,6,182.90490879752323,0
67.2709316728122,2,22.52260098298149,73.29640438859934,215.19317575645167,101.04797260748184,2.816366160309762,58.210003536773364,120.0,33.24823799969766,3.961301341539494,54.45681759150843,6,188.28970334213787,0
45.82295532203249,1,24.9,84.474668904928,142.76214616378002,84.50652522091517,3.1469502538396443,75.16507563343171,44.37023292285455,51.91689763674701,4.529756638327127,49.67117900249081,6,202.71391278548109,0
29.13667123025858,2,22.03979210407113,76.4966838875511,214.4612117585088,102.21941223275164,9.371422659301356,67.94654599417076,66.70290445667142,8.596060948660803,3.6157723181254737,19.035033839086474,6,185.73977176851008,0
45.81256436267747,1,24.378014052498337,84.24354651319398,237.90574872832613,103.21959023751164,12.586304187940001,92.56467637795583,47.56785599569493,29.79367624621507,4.876628208379412,44.787629663769366,6,257.65510245242587,0
42.46213544616185,2,22.3709265071815,72.9853689212437,232.58547367908378,122.98257352564244,11.854263352543855,82.45369429042941,63.29012237761381,13.17905503010704,4.144287454350664,34.38724652242498,6,224.41312607529764,1
56.5613681508568,2,22.64408688738233,70.28091424642308,229.33526720283368,113.271538575768,21.12090736925883,149.6259858335785,47.34622973910322,23.55572014366388,3.800132552786616,14.276784593477815,6,267.44198512567607,1
42.52470650857171,2,20.679742565963526,64.12138649003319,148.65476903829557,123.3339865052265,9.642332070773232,56.24521755953773,60.03824630909212,21.2158542948347,4.21696989055547,21.34806621407059,6,188.64386731415044,0
53.22485891463489,2,22.06050141046843,78.72551151670253,303.95706350511455,105.54942537500106,3.5562736837605136,44.540199261567935,83.91061037266985,14.89355721052293,4.052242474814325,12.143968831589072,6,193.15572980110966,0
20.0,2,19.34497042587292,70.79853795211338,252.26313958547658,61.442354775417165,6.2203484435558085,28.123317210643656,71.11220093593141,9.262510261245234,4.401044246393993,7.890290702154811,6,160.4321850068768,0
28.202428100120425,2,23.659427860378248,68.28883799887079,246.17180525644437,85.40530094729097,16.85034258794103,175.73910339224102,36.89599077528597,13.360774928530319,4.364024563140375,9.663859025506998,6,272.08973455131365,1
39.01804424635732,2,24.216042063015706,78.92203199853519,225.93522321280275,80.30155630111287,3.4505685674242947,65.92142331289638,63.0013403013702,13.238900045878125,3.99847942518982,17.474621142171117,6,188.9324959572022,0
61.227491805340925,1,24.9,82.27323931105894,289.47628105913316,101.70956984533093,13.264518061165358,114.71008273655158,40.76294525801685,26.351999153819875,4.195448266709924,32.10023398917888,6,230.22173986941965,1
77.0932614927725,2,22.046070749633277,67.05023033005203,342.0480469248198,134.2287096202878,4.346033234422439,213.5836397389554,52.999967521754,16.101462588853952,4.201094697426484,24.23834448350982,6,255.25091557357672,0
79.4374529191916,2,24.002631319219027,79.70314266385405,325.6310771309126,114.00657073706036,8.198017967205022,81.73814526757697,56.27753213263632,12.67400126698619,4.039094171426429,26.127924867917862,6,206.52174979236034,0
50.53608560224613,2,24.268060450051763,82.9900262066598,120.14009544090712,123.8331622605465,5.0732482968619435,94.2730798769503,80.42000336883383,48.560249162281615,4.186337216075551,74.61996267602883,6,213.79566622948542,0
31.95231869452508,2,22.324530795954985,72.85814330410291,225.84700366581225,107.86831412278595,7.1605065533991175,155.36675252474615,54.78337878764175,7.2402723393461095,4.05234181207234,8.578322602438096,6,213.22005250074855,0
54.27827361200333,2,23.946858761328397,82.76086430136203,231.33611788324993,180.8232040948472,11.960016909256748,111.54982455497448,55.18864065429701,26.67823539249561,4.346477910343239,22.07822259703442,6,255.23482367100408,1
67.56558592476998,2,24.145561053896603,75.71720238393429,273.3814898225748,98.07064214849234,5.183487606986383,74.69028174744633,63.619151988246784,21.521946863074422,4.12855731492802,30.247693290133164,6,170.6021795484463,0
53.01113275041343,2,24.31777423301814,77.28928295983509,250.1101785908903,116.65284231281919,6.3371924534773285,88.13167844903838,60.240735793600855,25.084995293660363,4.017036876319107,41.79378760945418,6,198.2491188977798,0
36.91402107330916,1,19.431264674142028,77.44695237009773,330.2079683242472,109.52254573311308,4.231408484294454,77.72857835105063,62.09248515557815,12.342973016488768,4.538167171338215,13.962200464695696,6,171.04369162256504,0
50.26786101485445,1,22.649671329658684,86.04781125271376,232.92695692149164,110.03050760819092,3.264164767645147,77.5216372936561,52.67100746071717,6.1292371275352995,3.8271372268090853,18.30346199062503,6,180.1304735066537,0
32.639505483799645,2,21.640282014719023,78.55054451487084,175.91708940349574,75.261879301089,3.332096790288944,57.52958269747893,74.91996524691321,19.95622637230282,4.074114736297955,31.29122658611079,6,173.53735151663238,0
80.0,2,23.12868326129202,74.60673040910437,233.66977935658514,135.74134822269676,5.787532914319714,61.734955953416474,68.93566075550484,15.714295340044554,3.9414342933804054,26.191305802006383,6,195.25234665953013,0
61.75755339229535,2,20.960677436847025,71.43406914290398,262.3005703758605,172.16456305519986,17.09305441063396,123.83722024740206,63.072206772900365,26.12022987876236,4.196807585083644,42.64349441541259,6,246.64314235555378,1
49.05528386220706,2,19.278824336236816,66.85157446859641,176.18072666421975,91.33135069257416,4.1664557267462685,66.07842299213091,66.48806762326123,28.81938999092737,4.083559165126779,30.97297698952195,6,149.38905340902477,0
56.40790240630111,2,22.043380579213565,70.33969275405245,339.9228313907669,155.31413934627994,4.353753599167064,74.96699920070228,49.574003268949376,9.12675009571147,3.4546217408877586,13.789704132346936,6,187.77861578186653,0
56.039867268117675,1,23.310377170538025,81.89024212961084,243.08976347865172,113.06844361920034,11.112587940111409,79.76715583708848,73.56718760569993,12.051139783620163,4.791808935067531,8.858545920517905,6,220.19624260129046,0
80.0,1,22.488035702698006,84.44101443317652,153.960861310324,172.50700182182504,7.086485388526529,132.63699308247882,72.8712621402585,18.7657782044458,4.198862798765218,68.51418251870311,6,252.94653956259404,1
55.736329470193304,1,23.159124572071658,83.08733526571274,209.0310384052359,68.5157730692336,5.529103839144808,62.07153753408453,45.83471990058734,8.468254535176735,4.55433836922276,8.712528794341948,6,189.3074044093282,0
68.30900380687339,1,19.755978013272763,73.89384372726751,264.48834141993933,96.4493702871254,10.55616028867051,119.0975647801643,48.31641791130782,30.0506127112772,4.063945617541039,29.758524056704708,6,204.99792636154686,1
67.92600963494485,2,23.548627212522508,81.51415653620391,257.6835804150114,84.68332549247005,4.910742527506037,81.73946765586572,66.88247254620462,12.212828053929478,3.685757134996968,11.782512135520035,6,192.6082728052613,0
51.861956938659745,1,23.521730685631503,81.26065469956025,266.3981985404583,91.76181632424323,6.489535830013302,93.07237484741039,53.04818809983936,11.887499665334117,3.8217349613452005,7.875041588886299,6,205.15496523786842,0
40.167311845087646,1,22.275501513774334,80.51067876095854,265.93871222202046,81.68846485711678,7.5054231315281426,51.38384007743283,41.235097965578866,12.260000638168572,3.7803882644399946,15.559924090330972,6,192.99389436318495,0
51.27915035746487,2,21.620667710172746,74.77042711016593,288.88588061221606,105.82168978702293,2.8034701373589472,110.19294179251776,66.78298245991117,25.695707168233184,4.689855068898494,35.775395212736555,6,234.02778379170417,0
30.39447882628535,2,21.147132757605437,73.752388359185,232.03928907706296,78.50717161680414,3.479994585532323,26.822275751115402,115.56540974685933,6.807792931325659,3.8746540678372403,12.281883805597083,6,144.62967626757967,0
37.24393913508569,2,19.822965699164367,68.50727404858162,208.1613068058274,82.4212157726505,3.295100170319741,60.20250024698622,60.52931212370564,29.738198313089683,4.191560171408313,74.40299924692071,6,160.54928552740085,0
20.0,1,23.759917978740507,88.07068373215338,297.3625610324632,87.48446098266912,9.25283070879748,89.76886207870842,58.790214969507026,28.118023612278765,3.9703742274197626,29.455931595735446,6,218.99895075383344,0
60.83950463764822,2,19.38666140309929,73.58937977544433,178.28529621027025,96.87013684057943,4.249306495381706,34.055405838904065,83.98652407628278,14.962237420710533,4.266454940113995,10.591505478689935,6,153.80781947314938,0
36.889016570547554,2,21.802818103534165,73.55913268760969,216.27693923378826,89.99337626764064,4.917122036045905,58.43765756857715,53.79849877165538,14.81460144942048,4.149816063118344,15.68606316290133,6,189.79780161007182,0
47.37217806427588,2,20.818343641805892,68.69331639530783,182.73059928570922,114.9181482195446,4.223556845916948,60.35630554724528,64.92083205607503,7.9364276992550185,3.839756870109249,7.318291787872542,6,165.74377527633771,0
35.97272729284868,2,22.40881651922223,72.18404667291463,217.35089814134545,75.16714575604482,4.306538062345645,85.57044292642652,55.1704144063205,7.0468230417011,3.89861516307856,14.144630054643285,6,204.334817120398,0
68.92147740560343,1,19.661086038637684,77.63320990487729,231.54947076864931,132.59839714330104,6.402771191910958,82.02910614421464,59.51929239191088,8.236917803761399,4.328972411353995,14.215321954232863,6,195.64274938719694,0
75.8272148418747,1,22.959972280637494,75.52362354872253,207.0257808137529,106.29239880886227,1.8787622538883577,159.90806411634074,43.003886861859755,31.765115624724288,4.119902472913709,31.823636406450216,6,214.68159307980582,0
31.918324789400366,1,23.499574638076805,91.0688743066771,250.17960267131997,106.10633550395497,3.0679279121197247,85.63505077114272,53.732449509013904,19.42198068289112,4.3710328357971155,20.912656398007016,6,205.21724401655155,0
20.0,1,20.98997851753453,81.71744942765751,228.42608240248344,79.69445304378732,1.6889824964917655,36.637858585554504,90.07625563085426,28.455023817599486,4.904960749007825,17.81832472632823,6,151.8384464678849,0
54.41396922216384,1,22.358093756821198,83.65963584704133,277.61076446137935,109.00597958956598,8.633882994824763,73.54674000023765,67.19139247069711,26.99660756401222,4.566598046769187,22.07502548280236,6,224.9291940017133,0
45.453764808493546,2,22.840172202780373,75.38108566372217,265.2198821465752,122.74891562894912,6.876834555479155,44.12456212918638,84.18499251858096,21.876823007355213,4.422195899204615,32.029702859447944,6,172.70438975891182,0
59.88242266351193,2,24.9,78.46214718654626,290.9809355176153,118.53832941927331,22.977798418036336,125.37409864528487,38.616029162102656,14.939147356495768,3.808060789343879,16.827644394627317,6,289.11468987299844,1
43.80261405202074,1,23.262378720002037,88.77134047145266,303.3811362549991,101.25070761791626,24.572502370084337,170.65434560001884,35.4298164514047,11.778886539602798,3.896995226738742,5.0,6,346.9481375983079,1
33.095921671708396,1,23.82461543802566,89.74835148817286,167.6566777568298,100.34868090930479,6.174043519718042,113.5301511544168,37.79458739233326,26.24529255378469,4.338720074879192,15.044198201749126,6,209.6201783531409,0
68.60652369928,1,22.290623101605483,87.71320555406139,182.37569989176228,108.41412119309406,1.5,46.66357375390885,62.679556843052914,6.985555386928117,4.172810524177579,9.924659232305423,6,172.57042010276285,0
20.0,2,19.95815993928701,68.36018982770419,293.5645720723518,84.02760945649607,2.341938883828316,29.320334672503854,96.55858304531422,5.780009765118853,4.361738961922377,5.0,6,140.24728962641802,0
45.67007281770353,1,23.074717332872705,82.34695755337229,236.87473513165114,106.18232102292988,6.642356839385761,227.841944776909,37.64924512345103,28.850893118252706,4.030484311438888,29.95795050908155,6,245.13254345414157,0
72.503735683443,2,22.435485135829822,80.03986400901829,243.44554381774032,136.90419566588002,12.797661132764231,88.4023665119177,74.4315358118341,11.173167611999164,3.6579187153060615,19.265108654855105,6,217.55165720539247,1
59.06112472426192,2,21.28718019737758,73.26418154268643,260.1015648929357,75.00517277996124,1.5,24.855878750058018,110.16213236338692,11.392193860414945,4.181989844111433,22.473470558236276,6,171.99583760446083,0
48.53586526419725,2,23.375613072049084,81.10757221528385,250.6118421091228,109.02234774414866,3.542269534947999,57.89308364712176,72.79470514517118,11.797582077975196,4.35018406350682,30.80427482549449,6,191.5934810524988,0
68.06716048670916,1,21.98690547884378,85.54577688118589,146.52324723366038,97.5496871790596,7.892367305518404,77.54836522566598,39.978725995911844,18.402071781997645,4.471752105912511,12.55284199461742,6,231.27203830236775,0
38.851783752822826,2,24.587224880725845,78.81909207125385,222.77845729623843,117.77332322254126,9.844254731149068,54.72561143877426,63.09765141580948,20.014009358570032,3.6172998510849834,11.598787612122134,6,183.0823570938267,0
78.64734661374106,2,23.409974783814956,68.17836539014179,271.4654367037254,149.75519034381978,11.643251777062265,87.35330202267232,57.28526061417778,13.732274190636069,4.070096376183137,21.108531616881294,6,245.33470219415193,1
53.36456158064393,2,23.90418638085055,85.73508893357197,107.2851556057804,90.12450733353603,15.136983809708855,52.93511129120155,76.5675570432975,21.790309985367116,3.8838378136904494,12.128912861747224,6,245.27864453096376,0
75.04388938490894,2,21.904436346029826,64.73326129969509,244.9452196821974,109.5928160644143,17.446634383760557,84.30003571224516,49.394919379925156,22.853195374072353,3.8249441597951477,10.877613714596725,6,213.00134654810853,0
57.89931172042967,1,21.46710738800401,81.84215226392585,291.5852495133279,101.7387993185205,2.5878319148270785,25.578212295750653,59.523507826061596,17.539207284482394,4.038835957177021,33.10060363283529,6,133.51949031900025,0
51.72617039533117,2,24.051476469854002,78.30422753943118,203.78348862729533,115.98418274524275,3.2483129116851788,114.86241583418308,49.69134956581154,20.170994581388502,4.8824954971700185,112.09905215077549,6,216.5962321626368,0
51.07400009532141,1,21.45707184412373,83.7127373008739,212.20017044040787,92.57983950313367,7.93188779850095,63.91908520418556,47.35812447019215,15.064902124114786,4.668591983272787,21.37204557359099,6,199.99122327381065,0
41.829450919573354,2,22.1925412898784,74.50138504634377,342.0571494451264,122.1984105591386,4.1850588845300525,88.47168177655709,45.472464485789956,11.312835223030417,4.127062303348959,25.10705724545416,6,167.9775633269748,0
47.03049008835194,1,22.680938958439818,84.34575390669828,80.0,95.46393921443604,2.7967311265799832,99.73052812670392,38.214947604254306,10.944676683352828,4.042336355958244,13.256139681103646,6,191.66951507214688,0
58.43888565271679,2,24.0910193613795,80.4961116888937,279.64368475148507,95.67409724266955,2.791983608724764,83.0261773907908,67.21828914185768,12.954494789822043,3.7891284693600116,5.534209247254499,6,197.19573668379456,0
53.57394127970536,2,22.467892199656873,63.47326384301529,306.70847228645835,88.8910885964818,3.8444466251664187,43.51993972072777,58.93870151535943,22.248640966797538,4.243141273557636,35.40816985248908,6,162.26757056749764,0
68.38291950848622,2,23.00367041081509,80.9561425965465,359.12704891584787,124.13294339624811,5.721991717062151,35.945187368999754,73.34521666904043,17.483566028820086,4.378039785185395,30.404865490922294,6,187.6283554609913,0
45.15421920071513,1,24.9,89.27672101788087,114.89332172746369,113.71646801663726,12.356253120381265,152.72924178733453,48.75635878434512,33.92057298909449,4.154614369590419,38.796626504108765,6,306.7525528852964,1
55.32142143638434,1,24.686906675217212,81.66005892489655,170.12950549439705,112.34724494929742,12.409972848424816,212.19263008425247,46.52092854081273,16.829645731318,3.931384426571318,34.77140038658606,6,280.2029855410736,1
64.41635197266645,1,24.191486414541075,80.85951407168821,233.41740694060366,116.85419798831072,10.433458103445487,111.49787579027402,68.84896347836805,19.072994997186868,4.0494873024971145,9.741239339090967,6,231.13802110897592,1
30.7064281041814,1,23.769337715156134,86.01873257645357,173.19340763677374,87.87458369474135,5.50019594147609,71.83261092802103,57.085633873209076,57.625062099855526,4.2254839060166445,38.79759284897788,6,222.87702734852493,0
60.62320113116685,2,22.42924977910302,73.56418767773613,218.78230308031192,153.89524012579898,11.84878648103055,108.6558186922901,47.880635741202255,23.425424705206826,4.297157448412422,25.98764446119342,6,235.06954517080734,1
51.63481419100218,2,21.11902233867794,76.8275911691839,227.50154130226056,114.90024926049607,10.832576145408028,111.62844075009858,80.46045629244652,18.97475412928687,3.8924334908413094,37.83331213148716,6,235.56773224619363,1
75.94575089517814,2,22.39580080548517,76.8841413742587,165.22776388679168,130.37284489353598,10.261274863104275,141.58319674741833,46.63578394104238,14.47928897625719,4.162626802519769,25.557669668831398,6,231.23413420388812,1
61.361576085594464,1,24.274974295334882,90.68460107698135,302.4632110313046,119.80865025357748,10.195265079093623,124.8533861431499,37.782478801945906,13.985782632054178,3.980181052943042,24.659066680124585,6,252.98476999076087,1
43.43627345665478,1,24.376319651001058,88.01524451666536,208.2301143729867,115.39343150834115,1.6522977420517275,49.87268295447357,58.53001975362516,20.486475702403077,4.226301796511369,24.047416315282824,6,196.6334310494315,0
21.230942733052363,2,22.458876564852037,72.27989532009337,293.4519972590613,99.92100978698566,6.210051172013686,22.588632035818755,79.63747106875094,19.523616559693075,4.112297463356961,15.131095293061707,6,177.5233309072754,0
35.05132671917061,2,21.683473606710656,69.70244520903945,308.3569283016606,107.02774825283475,11.785552663175153,117.48928703715015,42.81691388306535,17.09142471376779,4.530227205437929,16.159260937878717,6,205.16657335487946,1
40.196734655085166,1,24.9,89.93722928859792,208.51683923954522,108.91272202133652,15.198626390017516,131.06510339312257,36.80528937648733,26.813418491796334,3.8800219396436715,24.984868028255956,6,279.10465587016677,1
28.602261463682712,1,21.767865074715456,81.96239213149116,171.99319256132634,95.59988981657762,3.1094896524624005,81.68877507700321,47.65976607540387,24.675625576873706,4.547204404120758,30.19764494864016,6,179.0502473616635,0
49.50508717202456,1,22.754885688085523,81.02221613810185,219.47730663704164,137.0489497206519,16.226294717703745,45.63480886880796,62.722731950293266,38.39855004124971,4.269074543759478,37.45951790021829,6,237.1724469266145,0
57.305241221577134,2,21.18614497947155,68.33901047411956,139.96103516971627,110.91542679806622,2.6665002398339035,54.43321543280615,75.89257816664993,10.26522748355705,4.512273786356281,24.478456647848848,6,176.77971507737865,0
56.209787740333276,1,21.460604005540592,84.56854299968418,100.71251242227746,98.47690562578558,9.165080175099499,106.82059819535931,42.6533020211706,26.648181996916595,4.203719814333808,13.966641989360872,6,230.59008471943184,0
63.73325965314376,1,23.881155047058684,94.93027438466525,214.75782322091734,134.8205259692715,18.411580313132497,99.83176457671601,50.58963520663564,30.46463563680583,4.421063043184537,15.7862830101303,6,275.0470666883462,1
30.749581727149522,2,21.507589111755255,76.4696457653877,244.20013623960335,85.25552110742369,2.7557091460831926,63.09257266807085,66.52655200031379,10.072491541134008,4.23137139810599,12.23832997812353,6,162.76806012092158,0
33.34311038408944,1,19.767851046357947,79.40301320919839,243.21873370057986,73.30540271657095,2.3764486733666494,57.45217337531666,69.94260374833665,12.126915538294275,4.222900623243019,17.05891820505218,6,182.28697371538595,0
49.80768826730785,1,20.09299767778555,77.6593259750517,198.05835328573323,122.81266475327044,4.676683233657867,60.72975271423053,76.08819760556636,12.749248903459902,4.275587020764056,9.9631051645701,6,183.1899276653802,0
49.0772825715675,1,24.336048813916072,90.59117871305438,261.94206617387846,107.7209628414785,7.476977858994555,242.69349671788524,47.75423282754082,27.20137826214756,4.106465998156965,38.051607791084955,6,294.61240836201205,0
51.470965085989334,1,24.9,84.44206044284779,171.85995181579236,91.61601383473722,3.0197136826328546,69.2417582850182,67.42095467652913,21.06510757215171,3.7717812329106994,25.83941934844546,6,176.92779502678027,0
31.4451075186441,2,21.973742644200243,72.23021777704813,241.01237603760603,119.46958458336175,7.88035258783276,100.76320095830091,36.37728156348881,18.240242455169525,4.023775902723147,27.005425137705846,6,194.8781393450046,0
51.25204456122796,1,23.557364908936027,80.13781117972994,241.79387187892422,133.3852496253271,8.215144695048721,55.3164133266868,89.72816022378737,12.179705394906115,4.350242756181759,21.055908693285023,6,202.31962236263112,0
54.37265570149227,2,22.66849613285847,75.05231308609206,177.4456794973628,105.20708362883128,1.6411156333446009,61.648387082472645,56.26961545041937,15.071219277040468,4.471617106196123,18.53914127635866,6,177.14669973586592,0
56.25199467327906,1,24.9,87.30018098946624,233.61473482090975,124.66989785973168,22.89888262798339,452.2572906460362,44.450133247913946,81.02831097302251,4.792183407170939,168.65358965463668,6,400.0,1
59.8157518388628,1,22.521941122300557,82.40703772946456,172.57871977573336,77.63265899904806,6.8289439633210165,67.99525428332532,72.27361416674978,13.670724772454317,4.349114499725899,8.895483641806587,6,202.8684300122386,0
56.02686733986607,2,24.85536613138798,87.68439682296125,257.98187006680644,118.09046971183238,14.875623634942645,75.03123468949123,55.27993239198296,30.198315262574596,4.4500226097683235,18.370036541070363,6,242.78854647509954,0
69.06575058867168,2,24.217114770579688,78.83311289468179,187.37248868841692,111.40863465114055,7.422710830578186,64.8407827062762,79.18879758811866,15.043544769356377,3.847972752612883,23.556431445459936,6,188.1866435429088,0
48.304813625266625,1,21.805946776097066,80.10300104757425,242.3395500235396,94.69383412693851,5.8500603219446905,51.71532214148431,59.701588890455795,14.190480933186675,4.159610580329674,9.620252596728612,6,173.03266379513775,0
24.47675585915201,1,22.848970478490877,80.7602316346812,307.14135941638574,82.14940717970877,11.454720222144056,55.09241541387514,48.75689689857982,26.80755914982953,4.114414912034531,16.829576510282358,6,227.11249635622394,0
46.902391033307566,1,23.58055855730198,84.47967851415366,273.6821913719724,95.27008694053369,8.588187338921076,28.234487946782934,53.14186965538157,13.009679488716118,3.958954212873783,19.41882792859109,6,182.43703643260267,0
69.430014847938,2,22.54935449983263,73.76713025597498,189.42636534769792,102.7088583885076,6.058446693485838,52.591514210850356,65.48829543801558,24.867335683058236,3.982069072038232,25.840038451686315,6,177.42637131971617,0
43.979885760493275,1,22.855259746242428,84.56715379699551,242.7586134535876,109.10926978740665,6.096208990315447,66.97061484528406,78.67207178449551,21.414202089669203,4.763583687756559,25.79654016465182,6,197.49747018718134,0
51.11675761966575,2,21.524861663074788,72.90292563861335,195.04782681169286,86.4231711659397,3.66514810023382,142.37700101583096,56.28016124512906,11.62353818034491,4.1605777916557285,10.98340144395455,6,194.26112510521696,0
35.52691320167634,2,21.069265664063728,77.80545233026879,230.65463091335732,100.89527474955433,5.296179760415077,72.65008661497596,55.03179822929272,18.102838608984662,4.403805990012719,8.311696035814132,6,188.6588449604764,0
34.350210841834695,1,21.886030358253056,86.20425626779767,151.01036938740452,118.79702622096882,2.6677618812790898,37.52823600833098,77.55997366440295,15.16750251103139,4.452958163875107,15.850732631317596,6,179.9082544072511,0
42.060873735881046,2,22.366641698970817,78.4980309258966,139.78582912241478,72.09399468165954,1.9109029125147732,80.21000192437147,64.43015094037985,23.635962977382075,3.9968217389391905,5.167880570629726,6,164.24698680562742,0
50.0323933842518,2,22.05422971803538,73.24360809213987,274.2231773189028,107.78579096055779,7.939976147315275,48.23924762105968,90.21610273496586,5.0,4.099914668050167,16.825809671516435,6,189.77431838457406,0
44.29501890441705,1,20.733688352618262,86.06990978712625,210.50656802438533,95.8456007596079,8.757936059554128,120.14139223393646,61.40598914095054,28.43575468619927,4.581917994926479,19.55493400350755,6,223.59556763206314,0
53.3645513467497,1,23.80215506244071,83.22621601873897,121.72084572497904,130.98924351759015,5.002859965588744,93.88286268887553,69.77053558274558,17.16564523610498,4.288739122080254,24.422349922453616,6,201.2598201586608,0
66.90583038993485,2,20.089782193076868,73.3337374699145,250.13875234444245,127.96529416842617,6.267476553252645,82.5882465855676,78.47867453458086,35.40571996184469,4.3206164960352815,78.16789715450348,6,185.11362631373035,0
63.63727745706794,2,22.49454778699509,80.49118211224972,126.25415545257619,133.03731414014945,10.167134044982244,33.27310593074071,103.1746693456435,47.70529433900288,4.704040752222152,38.725821526498116,6,186.53412731994013,0
59.5813187677602,1,23.84574574928461,81.97422405651007,283.673679142771,109.95416676686858,6.0546107937262805,125.22298735467567,50.653624482891026,12.2736039248691,4.346559588811336,35.28846517550892,6,218.1503999999118,0
54.5336620366931,2,20.329130728554823,66.89980795525557,201.13129788701818,94.2356811080716,3.600196838262017,130.1635618323347,63.73209622935809,13.392921039518269,4.124224594557033,27.613300621900216,6,202.66070743747773,0
69.05639998948405,2,23.622209225609684,74.06409522272357,236.8075211499676,103.76443864517898,3.727024615481156,68.78835586902815,64.4922283899238,7.355508174582202,4.119860240521616,6.6241759393459265,6,173.39243417680237,0
61.26971577179581,2,21.976722494919343,78.16010865891342,260.9421914249505,110.18651768455865,4.8986500603182,51.57964908825958,62.84243112932163,13.035058359257064,4.1431869493899445,8.834714112446983,6,184.21896351451895,0
64.72500081264303,2,24.9,82.66468084576285,260.57936123667196,136.43315830805528,16.315069695997554,138.73080910537246,66.38852602525367,26.642642777185397,4.398334490225433,45.33493045400878,6,237.99690884779164,1
70.02086571998018,1,24.9,86.2274451468439,156.20966244525846,100.93437251715629,5.574004554931078,202.7893059913805,50.944019560287416,36.7443355755007,4.322501551868758,25.18613837093751,6,273.75077508014397,0
60.68434222745269,2,23.06365425581068,74.89194121480122,305.3536782415579,102.37860357940629,9.129574920938174,53.23700038837379,84.02278733014754,6.573707834719502,4.2292288056400675,16.186256845461184,6,215.98254331335582,0
24.901705543259634,2,21.518550352508758,63.96290420434144,345.3425014061256,97.3298830822478,6.316784773103111,68.1110931377288,70.0355931364129,9.989006669998302,4.2872733290545835,10.416508392099752,6,171.39518462678564,0
41.00503563964768,2,21.320638653042305,73.16160382784271,214.9555818424238,81.06992673750261,2.4156467840381186,100.11856672427527,64.57886735821259,11.956874655487113,4.09427120837372,9.692142763754468,6,156.53193006193135,0
52.221031926855645,2,19.851871367901463,70.53953679506033,305.3873913856054,100.82706229423631,8.59742597862263,126.8290274634504,47.308778756442976,13.131973343551952,4.323997510478715,19.544270836332004,6,198.72274681930992,0
57.0638999718213,1,23.19069396716511,83.0467601493892,210.26671996183185,87.14028951639897,7.726335362570183,111.45183833623852,49.97030133688333,25.713178598772394,4.610797131481272,24.680465203595407,6,193.86199921474122,0
42.00165567429246,1,23.171983246690175,83.71942445851973,309.82883602814235,109.85326285425307,41.35388040523887,143.5673958890022,40.21430893889422,13.950726061041806,4.135687901165832,8.396353475413399,6,344.70105407071884,1
53.43011956284193,1,22.557425573982407,82.35534669412648,206.49762121567514,99.63408597318374,4.974374157091169,118.21917323626717,53.10606820007258,9.824820236426945,4.107450206323663,8.299172749227074,6,256.5929009113107,0
59.63064014665022,1,21.49047280162154,86.34564416851885,253.66427731055612,123.18818222184171,14.190321903638024,125.38210759878231,70.70527106553511,28.663876982724453,4.315960132273482,73.41935479042272,6,259.77393942515346,1
42.95620239290321,2,20.10607487280814,71.8490760684068,214.40891860192335,110.40229904836806,3.736824345827278,66.82136646750952,77.95287593727188,12.468207667508771,4.111072265296563,20.63903042848544,6,142.83284784624715,0
29.82710939168924,1,22.297405758913715,80.54075765574439,273.3459022987681,107.33674045027497,13.242440980608988,159.35411487235527,37.688807535662896,8.796392199871987,4.528976744352623,18.942505906671613,6,280.8176562001377,1
57.820499125918914,2,21.71735513203307,72.23592263716027,210.79989291179794,91.9939530467109,4.347039695452502,122.43394306897659,43.495764827239775,12.50250993467851,4.2044400995922135,10.540959908686817,6,210.44030540886837,0
34.778229246736515,2,20.52664864310614,68.99856891999997,251.84381578695238,87.43015329996038,2.5743125106662186,56.73428509177381,83.99412052652234,15.711795205003007,4.447521983083182,15.03153888533225,6,146.0014326583583,0
25.04336135575536,1,23.736385547575097,81.15594942199549,252.12196139089812,105.87036740444127,4.135898972045695,65.387428281533,58.42175978715987,18.242715910162907,4.8170173011042685,37.79333337168548,6,200.56921124241995,0
51.33987418440631,2,21.539025646568568,72.40299392642154,230.57938932763082,113.6138388568663,3.914298548518336,55.37355483193397,67.73457138169616,15.080627493619389,4.458263660993236,20.788738090310726,6,166.57022425518483,0
21.990433223015234,2,19.186891340396183,68.80579676372409,198.71845968825346,77.74493688839502,2.868438959818299,20.0,120.0,7.658393014396097,4.4819176363727316,6.8939973029893995,6,141.94279509466898,0
51.77880232497274,2,20.169967795737456,83.85375146720021,183.91679663292504,117.75899550139758,4.230890197194835,35.98059588842166,87.466130473106,8.101800680198686,3.745348939239861,7.678017353925323,6,209.30968244873543,0
56.6390914415406,2,21.643673919673,74.2260976792664,227.18804833699846,113.29076599304844,4.554578367129801,68.55757984034481,45.97760903926176,12.717810547378852,3.8822235048911287,13.943694844958117,6,195.79159771148906,0
36.92719333103466,2,22.08883115419774,76.05281332417515,279.2415785063116,103.82317264387336,5.499069394709882,57.50232657822034,76.09139149801427,13.134734419668575,4.4613757017044415,11.259142043550295,6,187.54092481199245,0
50.553869995443826,2,23.8188309241662,77.61206819671385,322.66410325299097,111.23965508034507,3.9942470447106007,44.32773586489861,86.4858186784883,23.956306692068246,4.014802426070958,22.28935233222786,6,182.00255486533763,0
51.77691544404382,1,23.085318854066433,84.89423996054661,286.7998808102624,117.01066481830937,19.44606934332603,159.42482762309834,35.86706233487884,15.545455582394354,3.8091614166045487,35.07066563398452,6,285.3268069304345,1
40.595245056708045,2,21.912759247583153,67.1607794806543,200.41291719276728,110.9813449338734,16.555033943706672,61.60018799359293,74.52866017696746,12.923080608121378,4.09861668488029,15.246076620556824,6,218.96696079911374,0
25.329466828066458,2,22.743215363089604,67.59960822531058,335.54157099556016,91.22434554862545,12.304037838357681,142.91579642250736,80.8164834463257,9.507573944429906,4.527981978222829,12.538852362584345,6,254.4694007567338,1
63.99197819949934,2,21.51154388423785,72.34505596061832,244.80893295463991,126.15511234217514,4.988237932748533,87.19600566110262,60.86308972458735,13.420192125862664,4.717783677905349,46.713890706099576,6,197.0640256043845,0
39.31495294404172,2,19.05699722672516,69.29600769067328,268.85225797747296,116.31694797648436,7.903886646366683,77.37457805994792,92.74827115852703,15.319492508329581,4.214227327209195,36.75862563099051,6,184.55063097292108,0
39.689292648811616,1,23.90285029228543,88.92679800040331,154.6813174447866,160.68165597423757,11.119535776986355,46.81155846113331,48.38539442653741,31.554474781598742,4.370221288901183,24.639913723127016,6,214.20159156096224,0
70.15828813855178,1,21.4049554005023,83.58633138963587,234.91190519962288,108.0456898229371,2.295469781185123,70.98812222629535,51.84581343822032,19.35485178301049,4.2041468300276925,16.366547779069784,6,165.33897884187323,0
55.79875785528317,2,21.197248556241117,71.26438452897318,256.738520725077,92.07629514866937,5.384671660205203,71.09705516979312,56.69866020061168,9.0298409945107,3.995592488318293,13.714388727682296,6,184.0423949994807,0
71.05550053005366,2,20.719136819646163,70.1585990976341,226.65324605211168,101.05551548118824,9.114459822896219,34.29278590577701,92.22480177684297,7.420098991749948,4.301222712739571,9.621382910455381,6,165.74029797408966,0
63.10584228098704,1,23.41360326985749,86.7023221793323,184.90738898298576,114.139318425476,7.59390269760442,79.64188223197051,61.96632989803474,40.46834745240857,4.2959986225761595,41.58350398800538,6,221.87091999846038,0
71.05361347024292,1,22.546419494266825,83.33133255678742,125.13548889017648,105.4180935211073,3.321382427736326,168.76916022081468,50.6483849922915,11.871795633562982,4.4721404226377475,8.874987553956947,6,231.11898847390995,0
45.07722977547486,2,21.33444894631966,65.97779667929387,312.56982235240935,113.96011788219602,7.9568466088709755,66.36171985498609,65.81015051902749,6.751784927932971,4.094972613435366,17.63395211878951,6,157.68561794198362,0
43.97450668140894,2,22.200297319301608,75.54383774910774,220.43994834151272,98.67533642394012,4.521917166787595,59.248121697674314,76.43044842155211,12.987177374416346,3.930456349042742,22.627013449706126,6,193.9671548493237,0
56.47187725463686,1,24.9,96.1002129810643,208.0925572319938,103.1569269836581,7.21982284817157,286.85983947068723,34.98849066285281,17.681315442732295,3.945785651093846,38.47527614033815,6,327.8285725110516,0
48.198753715144775,2,22.266888578442035,68.0030202486998,318.4285846021788,121.94827498134588,6.265521808910297,43.90086500405349,55.60516510511694,9.494767511358512,4.1960979770143805,5.731661988460796,6,169.09678829232237,0
27.010563081071876,2,21.18718453425676,77.29385438845236,297.6488898933401,83.62940452376726,1.5277688099716844,61.772780453187984,68.8823442948544,13.035143453718419,4.237647386110545,19.92502225724135,6,182.7100997032864,0
32.43086795159422,1,22.352391501988222,79.43201475447623,313.28071935906064,83.84392097270158,8.644921830325062,138.32371691532072,51.481612480970554,25.34497457816889,3.894961078371727,34.016909793403585,6,233.6326844210607,0
38.863620711582094,1,24.13491039443047,83.13282844689924,278.7724265803383,99.86035956105042,6.294511076629251,59.3123884645761,65.91968245917442,12.230826698835806,4.263483659275738,13.71800950351738,6,210.4247986106462,0
65.36046069430591,2,24.9,78.36261222738528,164.27653528786703,117.05557833941195,10.427449885677676,165.3842959291465,57.876281396562916,15.715451355503692,3.985017889043092,6.368240912669995,6,251.12199571033418,1
64.50604351818858,2,24.273369919547868,78.68125938577307,251.5008248702125,97.36664138867721,3.713293945758947,41.11604815404061,86.34721195305936,9.838363150848677,3.7456657557646116,11.676708512175432,6,168.70259100450716,0
56.14643115076363,2,24.9,79.5712516026619,245.5740879403443,146.1181613243386,3.858378623173667,92.17602934635332,77.88904386895587,10.964938182746682,4.309637635840309,12.52965087429863,6,205.60435499253816,0
38.391436651688345,1,22.167355494591586,78.08969993609117,220.653675642307,71.6885483551542,4.0155490909188565,94.49455774266455,49.68883414236461,9.072473977099863,4.009738424231564,12.030847639594688,6,195.9209697130013,0
54.0836340585309,1,24.9,91.615798482527,310.7907080261044,135.94359001762348,11.431627180144437,97.19017243749289,67.1850758367269,11.449240835353969,4.360307146787134,29.410399009408064,6,240.33193222785007,1
35.51499277801184,1,21.97191294108052,80.30002456929668,268.58643580081366,112.39491006869414,8.170038962883114,63.235197491133064,45.85741804376603,23.521269178083404,4.051846514779035,26.093323254847164,6,186.07716079110287,0
40.53879245820602,1,20.629334980382886,77.15518988019653,248.11612611540593,89.34123148505569,8.125511653912506,74.86908442891506,50.345478190719575,27.159961604584147,4.060899709582468,31.524329436908467,6,194.58042961171148,0
26.429477193752298,1,24.460381045304395,90.8469487115083,344.710559277936,91.50188164163706,4.752090671230355,98.79081788751684,59.20576908319308,17.241526418543522,4.256691239442288,47.169135930865615,6,224.11020694401014,0
57.65494812688086,1,24.046881797880513,86.20926929003622,116.66961392196494,113.68387949888816,11.126533910394713,76.1480848537709,46.06249254341318,17.932924420878646,3.852677625267871,34.38698594803801,6,218.20592734279998,0
35.91282655277498,2,21.7292310455684,72.76375769337872,207.12366620258723,99.75626983327025,13.125433909538545,97.02451045308015,71.16139209471756,18.93644324750444,4.312320303672721,36.54296163617364,6,235.31857353417166,0
60.672436008958314,1,24.9,88.96532492116269,155.1815131898584,122.27352089501635,11.84329703220023,270.4823113841967,31.104752054617734,37.35603429492643,4.326247758674411,53.040801512415555,6,340.3434401748707,1
54.92650785610914,2,23.733907574114287,81.83947244590227,200.84042571527706,104.08715116672555,8.659756429886917,197.89490593095115,44.44435353969115,18.42198884216099,4.293816303813822,5.0,6,260.58307924067503,0
60.212937124340996,2,21.840819331759477,72.17057322164152,188.54763933202372,87.68657950662121,4.101280478453182,86.0125861019371,79.78899235554401,8.727022431306077,3.7672055883221,11.63315652020732,6,179.29813047477032,0
30.872507611624627,1,22.06097455264429,76.44326885767403,271.8974831491571,98.52348366833216,12.027405694811488,115.48265951158162,46.52942991249676,26.55478021940091,4.287331178499615,19.207705352904274,6,230.2641053895321,1
58.56064755622081,1,22.721683519639512,82.11942919186859,172.41444834181735,81.14719131999635,3.3619972010793564,79.47670832397672,51.065443871385796,22.364330264399253,4.27927556534734,66.05375368514972,6,194.43056299691992,0
49.90876324110899,1,19.14884376847374,78.75111374265028,303.0522679262555,103.67718024762604,5.621906639805109,52.12740191271819,56.287826582190064,14.155836719158408,4.0798875103951335,12.250456777114788,6,188.25317229581788,0
56.5894321257265,1,23.380092966531123,85.99484052030644,229.665031420457,122.6631039563176,7.870953196772791,99.50332384534593,53.13998047784543,17.47726863087143,4.111246543733325,51.31142812427522,6,219.94472541359198,0
20.0,2,20.852301271832882,77.42153571573438,180.5187195511187,70.981980200084,10.54809144218507,39.84814630062459,44.945661271965335,22.351646749226234,3.6405801175569854,11.8761615368667,6,183.2574514838559,0
36.826928404517965,1,22.432914983101895,86.6403499654707,172.93353834252136,90.6670827924657,7.663793615955795,36.61557718695562,63.697072247257225,10.468176864662357,4.170628290581769,7.869623008524638,6,209.77001686015387,0
59.289159029195496,2,24.55157350890462,78.37440614113484,325.5895684611245,116.79409812825935,19.432665934799516,107.9009342167956,55.96927881268357,33.042572193005405,3.9720784747202966,33.29410189084413,6,238.59718958443705,1
71.7183747950116,1,22.9194018438242,93.39796095745749,352.26758861923486,115.39815120063354,5.917231854109753,56.73715888699681,76.33060285907546,19.5231374231447,3.917591183622538,28.715181186192968,6,223.43874025661574,0
32.01457485022227,2,22.243503731318686,78.16146205287413,332.3770877105584,109.64099218181154,5.676195432042968,54.56961846918513,76.46276800059239,7.191378253138729,4.639970944198734,36.07111355424651,6,194.44961013356502,0
64.85613242836327,1,20.13948597809687,84.0434410031395,235.18845656438037,103.46389938730216,16.55273751425549,278.9292876171234,49.146042853625694,9.212532707136678,3.9487337125471496,13.37692126065289,6,336.04231691935183,1
73.73203544003476,2,21.84607381017636,75.4260826672361,270.86165728298954,135.15437715655395,7.147790663252109,200.62364971387964,31.47695215266708,27.085756797068882,4.027160542766748,52.388240943816825,6,251.47246518344247,0
35.94878002598757,2,19.683347133478833,63.20420605108187,295.6277817017461,104.08886649965346,1.8960255198524818,94.80194904407408,69.17758608060002,18.993548239492355,3.6447180035593547,19.88166728444042,6,145.40107690294184,0
61.745097343345805,2,22.29197655527373,66.29304960534166,226.49494875171754,118.94058589744446,3.2700948980925357,37.09278755099554,70.50188989169294,6.47877733755448,4.5240267683708835,14.758476141401026,6,143.27725962122088,0
49.012049978486075,2,20.651632863784577,66.25927796781467,276.048071540139,83.6687812950974,1.8968142722920596,43.00346025600435,69.43013137892093,10.981605916504504,4.169718425726635,7.447875510732931,6,138.29082632303425,0
20.0,2,20.913883629581136,72.59055963530037,167.79573448875348,88.25426291667551,18.816520170573742,117.76648113323309,60.818155761868205,32.91049286259626,4.618760084319064,52.83833542018286,6,262.2630206448837,1
44.43041499702846,2,20.567684114111717,67.82330466796141,291.8456754624166,115.30173376453065,3.2188143048453948,129.6321717843969,71.10342915099811,11.55908668984135,4.534398580244402,18.202288641014864,6,184.18289486196224,0
37.803015601792964,1,21.261240151148954,81.23570494861814,114.94759261013932,79.77620250966346,2.2782323092325263,58.29437557637704,75.83743022863956,17.921111945146073,4.159504367705259,13.57365438282952,6,185.89768884808902,0
55.25475894827646,2,22.467233133098304,78.34010313076863,236.846093274211,109.28645985105832,5.8405614029050215,113.49991439030372,80.43648520691738,24.30638815269121,4.396187785877256,39.05068303103738,6,198.60600701970117,0
56.78960392837508,2,24.9,82.2616207328143,232.84902758506766,116.74152381552591,20.644968240163216,98.1957616192341,73.69522964052743,9.596114258474733,3.9124930124842328,25.128240711174453,6,261.7718872603312,1
46.1008774971983,1,20.596726770981977,83.66174408494217,217.3402715280436,107.14081819652908,12.450755009297167,195.98211146437222,54.30385371625518,18.677979796226484,4.0180162193916455,53.599858825859755,6,290.1311323809313,1
68.33441110625773,1,24.62340789175434,87.11591560622665,263.22013513142537,113.1173331524632,2.5253987017355506,140.822657715728,62.468029850538294,24.623297201430212,3.853569972067706,25.498384258795383,6,223.620279350833,0
42.52047295573975,1,21.880796077445655,83.55658305556835,202.69481549482273,94.60303926724538,3.9920760190761966,226.48704318109688,41.96692265201976,31.683260822883998,4.668717233105952,22.460037797179634,6,259.48812467818004,0
71.06739075633277,2,22.648378122332307,77.20599743991258,194.5199720587426,118.35984835532942,10.172978767849747,112.57261786584422,52.61962863229084,10.68330246706436,3.738675250577481,13.271167752780492,6,238.81509465003293,1
47.00071545291287,2,20.57469022951147,74.14431905969448,223.28101404347208,87.5336925668692,2.4188013939751727,20.0,111.41808009942059,6.292431597270776,4.585230863954481,5.0,6,142.9775927503488,0
55.78136311151176,2,24.466407155780253,79.67441462627046,224.5012409001031,117.6726490040952,4.82599829220889,96.2291608836868,53.1550176209531,25.236111483797938,4.207474498230675,12.846886624810235,6,223.9897756020782,0
26.658373490033483,2,19.541474912922077,70.60253514731353,260.3159608680818,98.83426257313677,12.016430892446387,120.41794740087519,41.29204966285984,9.846389362245846,3.8796212159629437,12.750409607185304,6,211.79299118409688,1
63.5121902023323,2,24.771370634470216,78.9004685521393,158.61164731623364,147.31155196365464,17.986992135393127,93.4916289525952,47.62783225549321,17.869688613224724,4.197965954875878,14.986573316372905,6,250.8670520914167,1
80.0,2,23.045120758267608,72.14034226566682,84.52071394169977,122.90767679325096,10.566665368163594,90.46412219693285,40.81765932017267,14.518970009740812,3.9549711551552225,24.415279898678364,6,198.10580535462955,1
52.93487071164978,2,21.961491553151355,75.49770534261043,207.1563948432057,93.16159395737422,4.997060253178923,78.86446515341899,56.10154207067301,13.598174835816618,4.448594219862262,9.18354789830281,6,183.11649625200755,0
33.17234450942092,1,20.922724749891017,77.15480372944037,202.87136673124883,84.95027602669705,3.861039544289443,31.68135761171407,86.41798515565196,17.82922984441745,3.950159939903523,17.22380908346289,6,135.51888341606744,0
68.30264210026908,1,23.416082514575635,82.59164879167535,326.2116016388793,109.43021645751331,3.980304332010817,92.68505270785255,52.17048379389081,12.089870673356783,4.279703586287112,7.100586020676051,6,202.47778394564725,0
60.63863704811118,1,22.011852005513088,82.8375427283269,273.7280547586249,131.50320137600738,3.5767656949722397,103.44530544720972,38.75894723314286,9.716445614225538,4.170050997881448,23.541341310683165,6,217.19355013697637,0
71.67708505793544,2,24.21697944477791,82.56088310962006,240.8994924618601,102.1832583644625,9.727335437424617,118.45872934075041,42.38961993652626,12.56994938341728,4.452656025181949,6.64114596862739,6,260.2823171576872,0
29.531438442223937,2,24.049969897157993,78.16395512635388,203.3083988709011,77.79013699124825,9.166040424563715,218.31252323655974,49.55647107132071,27.919396124060604,4.3290805754417825,32.02558011835046,6,269.6607553234384,0
68.12061850697083,1,22.471966825858843,81.55527277168481,285.4434638918559,111.51232323501702,3.694771392456721,53.208981375762825,97.23644929180986,53.81706525641812,4.7288628445376455,43.4382623948297,6,184.62279156104861,0
77.05008959353418,1,23.596117983107245,88.56130925494668,306.72904668019055,146.75523356156722,6.493540913192125,91.76966086666948,44.59270015903583,28.350377366308006,3.899606370841936,42.917879538214756,6,224.7374190286763,0
55.15341627145426,1,24.9,93.05918762211999,257.73266184433373,151.2591287107907,20.078469662563684,137.4216719477243,43.823377543203186,21.35577747917824,4.4414418848479595,24.233920659407914,6,293.98278400674684,1
68.50067553367964,1,23.351585306261395,79.6624069448176,171.79588385397176,117.79886807155913,3.7234744377522566,118.48921173975276,55.672916133752,27.602431784929948,3.914603225737838,62.46064832873882,6,230.54062906862566,0
56.828068010991466,2,23.680116359521584,86.03028323899926,193.43945406751033,74.80865453985568,5.491272330523589,53.70774525391233,53.077229786639535,11.172990626582347,3.931711561677664,17.414574064266667,6,196.1954258906861,0
53.47710488444305,2,20.752722709622567,77.97747886583515,206.59576415384964,125.38412778513135,7.432391013545991,138.2282186854206,67.01944817639335,18.812531873126446,4.209434814566901,14.390440920371134,6,226.83754072140894,0
59.37171797848194,2,19.26847765190541,66.83586087470663,183.4683238842892,72.6678611499663,1.591302503074984,49.309939550233885,102.60653176780977,18.208571055556295,3.808054008479377,13.927812129535893,6,152.54743177769507,0
55.22636547107244,1,20.959326489330046,78.3342801556415,239.8503917307513,111.34409875771148,3.107837802245295,26.82637343106041,73.228956141231,21.446739619548328,4.580950292803007,28.60923733173125,6,169.1183187296601,0
80.0,2,19.269884067667277,61.33658103905118,181.96261313054518,106.75167113097841,2.369251230757578,102.9252694146883,42.885102922742696,17.22604745568598,4.517808481201038,15.719695275223321,6,164.21049398408215,0
40.239980450700116,2,21.46893439863964,63.803109802046954,192.8737528140283,97.04997141801756,8.72038049403705,46.97127125959352,53.547689541128264,10.767405106981657,4.129540289659867,8.357351736556435,6,182.1107464055472,0
73.18300207925815,2,20.05306215023301,71.53192090190792,190.73221878511885,131.7958919901864,7.08162868982691,92.26638636623755,61.93569192762299,10.979629733232642,3.84423080853019,12.960375219957127,6,195.1636438692197,0
42.14301597842593,1,23.822772074146222,84.92357859185769,294.7567924310589,117.04464445310383,8.335042608149662,159.99651490159025,51.53890022802568,12.219238181244101,4.4428761050373415,20.791739443526644,6,228.24649872687294,0
29.889727427880516,1,20.10209884774282,74.301093631225,195.45253447277196,95.98498547300068,9.355832577363223,224.0871437716487,56.77600526576366,34.08384324286838,4.244228223091801,38.93082087315371,6,245.50604670567049,0
66.29360939124012,2,23.956785851966632,81.75147915663005,318.34862071120943,130.9632954529043,37.95735818195419,147.36987848229924,53.065485409665406,11.154964866450143,3.8387616046967232,35.05802467196835,6,352.2093438336653,1
64.68453617382207,2,20.857889531364584,73.82471906132241,166.95607723046788,111.30992742140626,9.216864334405821,47.69564134750373,73.1584049367177,13.20641303181444,4.318651883699535,21.929312352706063,6,184.5698499403448,0
29.485280290882837,2,22.87004143529796,77.15492542494856,346.0223694521932,106.70652861067548,10.874143183284405,59.111652058472835,72.04211807806259,24.429973856414403,3.9718600776585293,15.394090379689601,6,208.34734249487892,0
34.02501201307524,2,21.997723318712637,72.89443810202584,189.7798744200201,116.41302127248593,22.39215348683282,59.19615844730432,60.27025246272514,23.63348626027385,4.208322712548389,20.83766604389761,6,247.0596941354951,0
20.0,2,19.904697685861912,78.40884944693767,188.4599951713739,74.4290588908006,1.915102139737313,20.0,105.28194147398145,7.12384725965847,3.850191168250652,9.3080155563522,6,155.55659046659247,0
76.78899757524391,2,20.839626287860526,74.006672193084,343.16499280432646,113.37438465801925,2.128063724056967,53.00133049992816,76.59472176990846,27.185714545674788,4.3820451490351315,47.019360651664954,6,172.56960191539787,0
48.320093071835075,1,24.21135803777542,87.36770413238835,87.31057372316278,125.58013852062274,10.644247636914338,81.8211603270341,63.37381395904497,22.084930583361103,4.668071192293318,50.02919567802276,6,231.4352715813537,1
50.131245694782116,2,20.88243286352522,71.89278581722932,213.09928011642424,76.32858181077,1.8427332243259753,100.74522058977732,88.86294000474288,15.376674848225816,4.138159361258826,40.51031094481112,6,171.5036894599831,0
55.64965722609417,1,23.97078672866207,89.70268286564391,234.07763988886603,92.78700409714298,2.5765981735953787,204.34832407299433,40.64426632632837,36.44543520666292,4.173438660491114,12.667327190334271,6,257.17770639278626,0
56.94584025370709,2,19.111058357708846,69.46471011312609,166.73311871883737,105.91184421087132,13.19845297156444,70.5538500399651,52.31593916493954,12.67036569440166,3.880664820697101,10.597087933607908,6,203.10420816937398,0
57.3293982080764,1,21.30667032949397,79.86323433865142,309.3878425689109,135.42247420263567,12.067604277564193,88.13529831802188,78.7273522012698,16.420394205513848,4.579887475620798,15.633581527359981,6,243.36141782478146,1
54.50058191901958,1,24.9,85.91485650340648,222.6923373739668,156.94185471389122,5.8432982628953365,139.49046593332,41.39227129507486,83.45000465583783,4.344480910098727,82.57159406946859,6,245.3044640460103,0
39.21763329495442,1,24.458204995349966,92.96967805256902,212.51780084494413,111.32245063979443,18.544575540722885,102.9016909441875,62.27713397170381,11.647803473986027,4.305249028936395,27.86581847796246,6,269.2576820460703,1
61.38763021881061,1,24.5113962482933,89.43108096606795,232.66488552036856,116.36326488161797,11.725741046669604,141.69198522196632,55.07413924070972,41.163462139895145,4.24192332123677,35.13977703051195,6,277.616246194974,1
54.69036465011129,2,19.55499343085293,68.79313146311429,116.21786604189158,89.26708673007533,2.1995680119257375,118.8894607487002,68.08543137677935,13.422454792023602,3.6393284059776434,20.945706264244272,6,194.40168864931707,0
43.73185244663506,2,21.709980905218373,74.42354386034064,280.57911620736354,74.62524515529616,1.5,63.647370303930316,74.26689289146236,7.285456343890832,3.725447193671206,14.914436955447803,6,183.26674853863804,0
38.181838769785756,2,21.194020834492342,74.16527791478043,231.26504298677412,85.55016566888048,5.183729730918175,95.1409998882178,63.89673247861168,8.01738124880468,3.945033176495065,9.916048122368014,6,191.03813390080842,0
66.122852016834,1,22.63273483331024,88.642802720791,234.4538339164425,95.15931495297136,3.3578202128578787,36.71070643883357,94.2981866766914,9.554331219371752,4.051421004965849,7.069524567336309,6,171.67198430817402,0
68.96378049062837,2,22.041874693752053,73.19639797699122,298.32876560159195,144.23815052116365,7.662121945446322,49.31004967841876,60.685612867978584,11.735709330575759,4.241954864458454,18.27720999610441,6,178.33624675600825,0
72.67702364862565,2,20.309193914010166,74.81838062161228,243.45820266893347,100.43635292133456,29.09405661203735,105.70927380650247,50.85790251264782,9.790371363997709,3.987209416224666,10.41067763216046,6,282.8192316757921,1
20.0,2,20.840365812881227,67.33458365281095,165.90327835117822,89.15733624372716,1.6603622206366069,28.128727768219147,105.13153431235783,19.366121230452606,4.258480977904266,63.946810430718855,6,143.34229758367587,0
45.36893588159411,2,23.249364721744413,74.02258138667848,145.23288677778274,93.8094051280349,3.9013985772395343,70.45239469890642,78.16280755524652,30.87497432326785,4.172630740501259,35.63930354474307,6,189.52552347113905,0
35.08907313655668,2,21.76136203466897,75.24195054865342,327.28568870188576,89.28274493948281,3.022558257181513,109.81594799696062,54.98154373976372,10.873095564777742,4.082683183764961,27.27974139695818,6,202.74906299677468,0
35.73780535440976,1,22.219247045172757,79.99355541838393,350.9505413187362,118.23418304495164,13.43393252196178,84.4762595059088,72.24552523569116,28.62183261402991,4.154577349544622,68.38908567512327,6,216.03477577349724,1
38.27146721843754,1,23.07667795750849,85.77594940882548,258.7425343887941,78.48576697341163,1.952119521661327,52.475971938348316,79.00825857268778,14.585596946561056,4.041145800384184,32.7319116501706,6,179.91503048313837,0
62.30344628795122,2,22.777224187748246,73.37220364468052,106.42296741298071,105.42372600987211,8.55001460880341,66.13399753115185,58.25411458916658,26.275472664894874,4.158314276701341,38.120033506445836,6,211.63859066093417,0
60.480620650060224,1,22.278966934358664,86.11554665781543,80.16108369446647,120.06342335350826,5.1301214906549095,81.87577946523682,58.295937472962784,16.27645898082071,4.164380168839257,22.189799751324628,6,221.60564397878395,0
42.54549250314868,2,22.587853459927224,71.91913672672472,257.3167873564692,98.81421721595538,5.972853436333235,91.60468931387119,59.08046747263411,17.221948129292887,3.9775434547427775,22.97997984586555,6,194.71611019517394,0
20.0,2,22.39886711074894,70.59024402651004,295.3852219616908,110.34028209282769,4.923111823147831,125.53906033011036,54.25733431211189,10.573612499258049,3.992233100397617,46.12312409077423,6,191.04361797384456,0
66.30951571464308,1,23.486239027009848,86.2897649917795,215.37999581715616,101.5532114763229,5.814660377204288,107.01158226012477,57.91467941487308,46.288949643792385,4.154821093013737,55.11749684862101,6,220.8940070924152,0
48.30024047332749,1,20.705653437928287,78.33552795486531,223.54252107716863,93.34885192895896,17.97479178934703,97.31120258219764,45.59225607163716,16.550319773333165,3.871383613904643,30.401485111283538,6,231.40917044141042,0
39.57632889379792,1,24.068646810034988,87.16629725715897,241.05747216125533,120.26903473682516,12.636400326207799,115.50192277222688,47.376147073944864,18.31190721580963,4.540757072267171,18.97338089181783,6,249.60653647637992,1
22.195865149646508,1,22.27395329937526,82.16013678739331,249.61602969573352,74.74927903975961,11.92053491055787,80.58081917562063,43.09782027984388,16.734477638685707,4.515995267794802,11.002946663358243,6,226.93752929743218,0
37.8562627156938,2,24.591243677025208,81.93768561492449,192.22971619348252,98.6611856943397,25.118945346737224,168.019988813149,54.591407042081286,18.587329857105217,4.029272733521092,29.08247886090248,6,311.0456731124421,1
66.50678425325131,2,23.18397096612306,76.14473981021727,258.8826579867085,155.98033495227128,3.9684801745643883,242.32133939733527,43.5427983183028,24.393833151743944,4.4029406062248,38.531324650459766,6,261.26451975526425,0
63.848661035769275,2,21.062646971103696,75.23495531397559,215.0444516968468,105.14195026312312,2.1233255748403854,60.265038071663156,77.93805475859496,18.401371000743545,3.9065229255870806,26.580383444118556,6,161.62199036137417,0
44.76613362415737,1,22.101914545572768,80.66197247178471,198.6608019511211,79.0398298563169,2.364847475919249,35.749101002634006,52.90602673608859,9.20279522254891,4.267331291291231,5.0,6,180.37345827733336,0
46.64977530821917,2,22.809883781080924,68.05016584829679,239.69385859486064,99.06764261448205,1.5643836819304902,115.62720092824681,73.58882242269499,13.122448100944473,4.161192147758836,25.23941621008289,6,184.4529002341579,0
50.06199458618706,2,21.102306431320404,72.10055131338576,133.26253332023452,104.65149416263884,6.301827436460291,47.09104733677601,69.95358416174446,12.538015790256303,3.850515967425992,16.6077748668011,6,174.74237365056928,0
42.187108935302696,2,22.772153462681437,69.85860908797765,198.55900037393755,60.77133714301677,1.5111404284726364,53.472043212635626,85.97115478037202,13.876988994324229,3.8710495776264033,24.69351659495984,6,163.4437939170959,0
65.87100049470509,2,24.9,78.3186332859565,233.57932064977945,127.4880606903981,15.22583201322692,149.8870607954673,56.983765824771304,31.178225151085076,3.9583881114766624,49.18920659321418,6,269.58683757074095,1
38.428729427536155,1,22.621076898128145,90.21811537816258,196.1301786711525,109.40049424485338,5.1947737844852435,90.92855279948661,64.35005782804687,14.459405604049547,4.619722603437962,24.251870440350636,6,203.91581358388103,0
43.56069592465953,1,23.691394122463436,83.03010440241951,170.68077373977818,154.27299263889685,11.471756753079093,56.50701525356236,72.90556355125462,24.93857609262636,4.020248651115086,28.94721816523764,6,230.72569309386375,0
72.53884886633979,2,19.961279847016197,73.80285447043808,262.9868133973977,108.81767720590696,28.568003168645884,103.88611305522812,69.19333561712678,18.30272583740602,4.3373939462929085,24.89640973313274,6,282.58068632861426,1
42.65002975987289,2,22.20903414020991,73.37702673557074,236.7897898221742,101.26266229570145,3.7894170619632517,179.52388573337723,52.446068031795335,13.790071894397254,3.8926034300585877,7.284959749433416,6,221.38950289191678,0
39.6254302814337,1,22.83055401263184,86.79613520782998,198.18948202061952,99.46814559327888,6.677380479966098,112.73791002682412,60.91794018294645,29.802362039167917,5.14551686357137,45.76380566725869,6,225.74858001725403,0
80.0,1,24.573671280807478,84.99677447899,203.57895739730068,135.02818848627427,5.814937019397559,138.62574931953233,54.096819146838165,17.22221994114466,4.247822636377794,56.44134285378704,6,238.3742743832292,0
29.858173767117112,1,22.760784323149093,82.81482047472755,273.79696852565456,106.40804353988196,3.3959956220765886,98.63491395416234,65.57542756591238,23.879008120357852,4.377327480886746,83.06078765935396,6,222.96583745011296,0
61.88155409847127,2,23.60993120099161,78.29366647375956,337.9722077541451,143.9962350267724,12.084854692288632,79.52224727373496,92.0561704124158,28.590380218886857,4.020702890572378,58.27491463431848,6,220.6432763230682,1
67.92828698880142,1,23.110284682903234,82.49861317788938,289.79205573710607,153.57949002067863,12.787361975611642,141.09720801013341,61.709707804138574,28.486075774932747,4.459520965271835,155.58593165039477,6,257.8664015440666,1
30.503690367186834,2,21.44523068986491,69.48176105439883,249.01132111348485,63.13120184815604,2.6186313409785718,64.83269103275506,81.18111525795922,7.389888305553334,3.521855689928299,7.928590623827552,6,175.68877727290356,0
48.210469352884104,2,23.139085216222064,76.4287927328414,205.74976750082507,107.47926578461531,14.095015738096198,81.26937784148824,63.3928615677631,14.355541239485257,4.128041454995611,43.168384850743344,6,235.93559988276857,0
46.69551223999301,1,24.65981852974283,83.14382320501151,157.58102371291264,107.12130433779357,11.321036961021441,98.42271409461354,51.38002457131933,17.068141792771147,4.3135610199597565,11.151876805932316,6,243.70165913130293,1
48.975263259986896,1,21.696823733234204,82.23579368127959,189.93466700866773,90.42646323498705,5.134573848465067,65.47596715618893,58.26515891100175,21.266047831043025,4.033399344750304,17.090400173607964,6,188.20073047478104,0
49.16352965826419,2,21.940130642699913,71.5918159312314,116.28993417991168,97.68721906500427,4.80056592433464,42.58953956981988,63.67302722205944,12.871130919921542,3.699312632470786,13.001204022859413,6,184.4291736338321,0
37.787442995371066,1,23.723709074722027,89.30869698133628,291.352463377345,106.29019467661448,4.791117673332215,73.51424147262026,45.49682686300805,20.89683853023755,4.431595386207978,15.7335585711715,6,197.8692227705859,0
37.37949808113225,1,24.060718600465236,88.98453346419285,312.28475802844946,92.22528445953138,3.6350778573866216,122.610543146775,62.429356552579144,6.455911189922096,4.594729733284623,10.966081809948399,6,214.38024280403457,0
70.85924187248415,2,21.92598183179042,78.65576234522551,192.6889908247529,110.56894393567944,3.1012936138858667,120.33699642506174,73.66164219582315,31.417170627453334,4.46232033704207,17.635978876077242,6,205.80712273776604,0
26.907515111576675,2,20.174220251223957,69.04009352662699,238.50358598107934,105.64288623537406,7.121431702411133,49.985053772689625,82.85919857774877,10.041660299979602,3.8637759957633504,12.333095039938987,6,172.26317485128297,0
29.297908033368063,2,19.19462195909733,67.78853425189234,183.4678482835189,111.34006746979975,7.465982966877655,54.24768978463657,68.28796409267821,25.50447808641608,3.9616172740574602,27.856572104870725,6,160.22206526339005,0
20.0,1,21.394336859259433,75.52173537493579,254.38989428440271,84.25798681173924,14.61596886995684,25.11109223685043,52.75542149763141,15.296693543320234,4.686032009867235,14.424040331790533,6,196.90742631148214,0
43.04142355250397,1,22.871331261281373,88.78133669481765,221.25761684352042,98.23221092095416,4.808246516739615,150.28211245375076,43.198352678265266,23.715784102473144,3.916611517800874,18.878574306068497,6,243.7046181142365,0
71.45252679582866,2,22.734343817458218,76.92118561272022,261.1913808236115,126.76574774454208,16.690212303533997,255.3574970792122,44.910291602052936,15.713948985101748,4.332169714315175,39.85631622983722,6,326.5678408332107,1
61.177074480985034,1,22.76020969008225,85.70371979657888,204.70602753261267,97.65397165803242,3.3751097938849863,126.41188044104952,70.23134048713058,12.795959034172231,4.297403591035372,22.436917009474467,6,239.12281277638854,0
34.93989331327481,2,23.589218503687903,80.31338163387518,169.13061153788513,118.68877069727995,6.172748921177051,69.84090539972385,63.10966302242402,15.097412135792426,4.308397626646751,10.621500056549312,6,201.33200223930606,0
76.71573644055678,2,22.957495538687894,75.15916564207268,224.92040435291372,140.3305547466862,17.56485195087537,115.22845482121333,61.02746616186364,23.415129355977207,4.044654386440956,26.895974699378343,6,229.43302891440942,1
71.28094872941627,2,19.777962265784517,69.19379092502149,262.2201471253465,97.41616210350648,3.2591616094031783,74.07662492833326,68.20976640442039,29.546853979192225,4.531566726300726,26.09859559314504,6,159.11288146923138,0
47.11938582726846,2,23.597545890040593,81.1340959717982,240.01279775420673,100.51417518711912,6.615572419291155,72.72265397917691,58.17203400858834,6.920799830561534,3.8521759478087327,11.732480687831451,6,199.8786453413609,0
62.00967730535215,2,20.85336095216384,68.98149157007566,237.6082839120533,83.29793407405762,2.7025134309721515,20.0,120.0,5.0608109012183515,3.988700157810069,5.0,6,141.4357265786401,0
36.24511070658275,1,19.755269957432564,80.04987013420336,238.09509382082933,103.81427526846817,6.760203132131627,149.54177774296386,51.25146497967267,16.994991769832836,3.864237119423896,13.945478263249797,6,229.80365611928275,0
20.0,2,23.712237654333514,76.13578085618553,305.6672701460821,97.78030036167978,9.007890986872052,55.195469269247646,71.81496593106182,16.294013868481866,5.0768189985188314,26.634886164353325,6,201.88155379936114,0
50.55664945310782,2,21.09097184233479,75.82605620751721,243.64777540869616,83.25806872187349,2.6315870558789953,80.03980939970164,67.4621984376414,10.244661221096564,4.3363470951253715,5.0,6,184.7463217436592,0
80.0,2,24.9,78.42313135908994,306.26134237803745,145.67451478583678,6.527987494702971,98.88462010969994,63.4309528640585,18.248824604090604,3.5334516412599513,29.81327959457976,6,228.06964967370547,0
38.89732559060551,1,23.75457150369144,85.348515439333,308.0142174202796,122.75799493240415,13.212998824950056,102.35284630326441,35.91206931397979,17.735956539482267,4.6154151127987575,5.664295781615796,6,229.42646840446548,1
66.04828589636291,2,22.770331380143283,79.36316683712667,245.01277950214254,120.29079943013764,6.310700213404128,70.07549831865349,77.76601266286441,46.8877181354183,4.151278085644811,89.61639826636322,6,221.3058736003165,0
37.51236965320184,2,24.644297349036012,79.13107665363793,306.5460375093319,103.20726189841508,15.181967520016702,205.70182693698627,48.48653283530929,34.841351392792184,4.236905176914602,27.733818080754546,6,290.24943705392474,1
39.51542398527474,2,20.84362677431515,65.17426163722891,163.38970157067146,79.08855229901543,1.5,69.9086314888993,64.63138216550163,15.60922832740674,4.289009537886709,15.603590878862054,6,144.65738578020435,0
60.73379440807764,1,22.08917836179186,78.8743986818818,208.51214568067581,115.04416922123119,12.647107405290859,157.13657717009028,53.37056512701362,37.572016757798686,3.9944938400691807,57.21780887347116,6,268.52346633917864,1
20.0,2,24.9,79.94949347401162,261.8337993474188,98.56270994352045,3.1528302958104564,51.7725470969168,88.48720621079178,17.53157359089781,4.029199975570634,31.21796613209972,6,190.97775240801326,0
51.682681376826444,2,24.505845193085417,75.57636222625129,123.12337003600457,115.05637222061291,9.56350982215936,159.86179895169684,50.18530866122943,15.25346427626642,4.211823672691039,26.54030113813475,6,248.40018065711297,1
73.52686383886228,1,23.300673063485213,79.56944270827218,193.19908557288198,133.05192371312438,11.676157146290365,148.10824443076115,51.31744746855355,23.26960003713512,3.9085409345474633,26.953283620243724,6,255.37825621297225,1
34.961063723153465,1,20.949493969418356,80.75808909170522,261.1125193322446,102.8332415658613,5.117738602956392,80.51785682679066,54.09919754605878,21.681465751514697,3.806154157056741,21.497249198148875,6,230.0219985329139,0
20.0,2,21.33028057728189,77.23118956188961,285.24933466291384,83.86001699569383,8.194080953404251,33.86274799932494,79.85148477906289,10.149534927544508,4.258912721060012,6.959523680385379,6,165.16668722250088,0
59.07298244892813,2,23.550622696142444,70.8560263281604,292.2484388771353,83.76963289484752,7.260144922258292,110.00637732633388,50.88952511228859,13.597308822546212,3.850480920493017,7.000612695013447,6,196.55937313010898,0
53.888976562665874,1,21.668084608779324,89.5722399358898,180.02667750013723,100.73012270609281,11.916926093537603,92.1832533631887,59.674347364927776,24.293639531118917,4.302166867223004,42.33667780390994,6,234.86995256762674,0
70.75321528234397,2,21.718207725237736,70.15210966503025,222.48813497514814,101.08696927246072,1.728055054153685,98.71824354870162,73.4351218758014,16.293374722617006,4.086989902674706,19.567219726920342,6,182.13011636193073,0
38.56276615146302,1,23.357044784298385,82.23813685894429,80.18852752208139,91.96407784909101,2.808271969343374,50.83937812117579,52.41511284441714,15.453151515771346,3.889246603798425,26.33438959299611,6,179.2993262187782,0
27.084845569088117,2,19.23840294383382,74.02092147111394,226.24716817633322,94.97123533205598,6.3302596594884575,76.01231819589938,70.1428416785047,32.61695486714874,4.805393341775261,41.686016335590296,6,204.7185900576829,0
38.89541696788169,2,23.47833117728207,88.49120527319025,218.7572719988737,131.20400736064838,7.1185982372913825,65.1192791522586,66.13694561082431,24.085168115776902,4.056529793278955,49.77457599428885,6,208.49422074972907,0
52.702046282992974,2,21.21048306388327,75.15560742428617,303.4870055449135,135.96660797999496,7.0904774050784845,58.305497445385164,72.25039082258745,22.769232164848333,4.198987533551316,16.684323695503927,6,206.12608970782784,0
35.803956011571735,2,20.744656158026366,73.91707897945489,286.2649395648456,115.8048460871823,9.093830517272316,38.81061365866715,70.1450009174776,10.58409840711035,4.408887023379083,7.821382464729955,6,183.77907399408696,0
38.64205490531692,2,20.004333696201495,73.05717386968587,232.39036780466867,79.6518302711913,3.710217364356003,36.40917146131031,93.92556658576538,21.892382158211316,4.817033185485471,38.22485919708852,6,141.43838972087917,0
80.0,2,22.604481973295965,78.83676791731024,225.7153451631099,149.24387605608163,7.570035185686868,94.99177546858999,63.38572986388544,11.810297933450556,4.383620186684227,23.974527624764317,6,212.8977497767058,1
59.15769621884926,1,22.103732686823204,83.40861620110084,199.18557303350116,100.2056620167979,3.7460827501031275,62.64049466840224,77.84118243381872,20.35451775694843,4.179793520169509,16.89136123326465,6,204.06510322675996,0
37.430580073486446,1,23.42057065549928,89.5260298424442,201.4878436091709,110.39010878331902,6.028056700687731,65.20274962393877,66.2136339882524,25.968311810519175,4.385175425789717,22.821597252964278,6,218.93875930300854,0
24.06869264536943,2,23.144530054886346,69.44690502586609,195.8888357226632,100.55159315691259,5.677861191618202,67.22553006498262,59.70481878774928,13.04566832881442,3.849732807092694,15.466267451512394,6,184.7978244104618,0
42.01090354431139,1,23.144382217007948,91.6792336342908,215.02022742287048,116.35105373900602,18.30631548084564,85.53096658369667,67.66349266328332,28.987871160241994,4.822795917806416,17.060747994346567,6,254.31439112858735,1
43.225952308238575,2,23.239749740139796,80.15642999933937,243.3327175049608,88.64904072269307,3.9025943618756633,164.64629808195184,48.24796883933629,21.77384190733241,4.034564630771104,27.310453649150826,6,257.2364117532345,0
40.2763981360325,2,22.623173485766973,74.85014667080424,232.24005117972015,94.43990886778413,11.32723621276247,91.51345870367754,57.1849170776874,16.05783282431928,4.2652755193208,17.254379153301326,6,220.75816121153076,0
29.506478509457317,2,20.113198302831922,65.15466602133993,281.9600236262189,88.52368208010586,5.148302389549441,66.58653952754808,59.614629612434065,7.509559181679026,4.287761726941923,5.0,6,150.79302518031753,0
20.0,1,24.9,88.30103928010197,206.64443557761177,78.63075836826906,7.697816484364566,70.35862710791517,66.5795292541024,15.03946808312175,4.359738076614998,14.281219070488177,6,206.7066835016505,0
28.629816536574367,1,20.17432597365671,83.84551355529636,215.9646226823083,122.18036331325773,7.322631274300597,64.06922969751295,45.57819502671688,43.89746361188626,4.560769251635921,42.814364698930056,6,212.8656878824978,0
44.86268804598257,1,22.47690536708583,80.46830876101416,206.88180471014795,82.3085538886373,5.473358309748608,96.90339905352562,47.728124962682564,15.021665263287337,4.234999520746075,9.835452918838776,6,203.58399554838502,0
51.675020889706765,1,24.9,89.93702996638734,189.04788443936758,127.2700042029247,11.600162833794561,90.68259880953978,67.61590467768819,25.684932268423307,4.134269347835205,60.63157311290665,6,250.5616449383406,1
31.136300383701514,1,24.9,87.43983561717707,215.29464217744817,95.08042712297048,3.152403387370215,73.01668362493481,61.967873434424774,22.752731294028322,4.530334009691506,14.170247040163805,6,205.52396543501814,0
59.74803417994654,2,24.50905520724681,72.32755398641409,223.10193850306788,153.50003035233442,3.431671498294111,84.39698607741843,79.10160912787325,16.069941304772918,4.281319468503359,28.8585417578382,6,180.92679417247498,0
37.743727439535235,1,22.458815145127087,83.28366206217332,190.22117122796504,98.28684272081631,4.4423321970816865,136.22599984656682,38.88353566000153,13.232682770336242,3.8969986370925196,13.215629922530027,6,216.63105949748297,0
69.3859116497168,1,22.62376629528038,89.83962144869383,224.79737263686403,127.45491173668327,11.615973901748527,57.45552560280581,51.28123842927073,18.851675010441873,4.192836193295057,15.826076199831904,6,210.77204171293755,0
26.620633557034065,2,24.03311848937191,74.42565813175841,314.72416702255447,103.57557586106478,5.217530443210282,138.68102272918702,46.85646626286923,13.703713730295819,3.9278706534386623,22.92321073487902,6,235.62952913120884,0
36.7565779023378,1,21.33843214769985,77.52490712239049,223.22385594336654,104.29693058729688,6.9786802291443575,45.52442533547573,45.43153144617975,12.05458922711847,4.429886734703098,8.916553133203646,6,182.47365973052658,0
64.34827750082464,2,22.77919372615392,73.14920851064585,201.05280749268036,96.2858569284299,3.1092311215383472,32.48250735272056,89.17567380648455,19.09178693642175,4.046125558512321,15.417274671450008,6,144.10227595251865,0
75.44488998250836,1,24.07574012782073,87.054409264861,209.28132669196074,138.1527504269906,15.102352708282316,291.653453775004,40.49376853277447,35.69162830375171,4.3138268284824655,21.118321311477086,6,355.1144285886027,1
62.29976229787837,2,22.930913819183168,75.7478102827382,126.0409649445968,131.61454232182618,10.860436201291952,126.57900199217018,97.14886061915861,61.11291466023248,4.509016900463641,49.007782227309924,6,222.34867656425882,1
49.1772864797005,2,21.807806251450824,74.86577885679924,212.3609965051181,99.93176649588982,6.0333474002532155,82.66806453424917,49.8249031870515,6.229635642952606,3.9966854838950647,8.578594508075543,6,198.02785443641255,0
45.47342595771654,1,24.299936849385922,90.16856077501842,185.9505364723097,108.91291847246372,16.02476743673085,130.0437947324858,56.75496870694048,39.07764676983418,4.611536892884881,40.21009672586522,6,256.8553401745594,1
71.24213129342456,1,18.529582118173817,78.44093197048322,200.21076528795692,110.94469470033529,2.9389566154009232,129.9319130177891,81.64569001749827,39.10235732443672,4.668629734315872,50.481999315327975,6,185.75272150530074,0
66.12872226267822,1,23.98062694077147,83.87445512325755,290.74392413595336,129.84091195239742,7.104315155783686,91.43515386680103,33.052486469898604,21.523886402233483,4.444241896192084,22.169342572920964,6,211.19392861714988,0
42.48267850056154,1,22.122496766980735,87.71722289669528,340.82374191723807,70.12531645888699,1.5,120.16217404308826,55.329610846045725,8.134190899126029,4.4349639214227246,8.553371578659187,6,214.15976983691678,0
37.42058763290034,1,24.9,91.96199673005987,289.5853058895953,126.53172863373372,13.955382708848543,112.41793343089999,57.02987246569915,19.707082877793226,4.011770919174383,41.46245541460218,6,262.10050626965597,1
24.587776092819908,1,21.69700165141188,81.99309196904171,160.50347628058506,79.02647552418904,3.2020932403969553,28.77189365097445,67.81213518284318,13.513379584453116,4.098423928560025,32.2879927049082,6,156.34638140855907,0
45.768346591724196,1,24.9,90.3812163691479,208.22748780890947,98.45705759421769,2.1304364735721064,60.50400331102589,50.85383504669638,17.240566798140218,4.5063598420742865,10.033462266507374,6,212.2019425466585,0
41.92894244104771,2,22.02229193747135,74.99588812950158,264.0332296571453,112.40518466970043,5.278672234800326,87.01648339747217,54.337588813008935,17.916483046110375,3.8337259331902396,19.146670288210693,6,203.19185924846872,0
37.677867407652556,2,22.692423889001574,79.019923268917,243.8115215960366,107.17139488362655,3.30158171636218,66.64573063509172,60.67911425482586,13.77898358070189,4.486069032059454,21.97148780267273,6,180.86315623875905,0
20.0,1,22.576195436416594,87.89380708390883,240.36440359802552,75.57887409975469,2.757366058559793,41.692376341029984,55.37644244132858,13.071826287675162,4.062371082713047,8.455356853254687,6,180.31861058411124,0
55.029066233441355,2,21.354709060247206,74.41580934492215,202.75587405813795,105.78841313532382,3.2981802495954873,97.86048387435639,68.60076631296344,33.98166198032975,4.265751211925398,13.381252629023777,6,194.58372697649372,0
65.2167929751134,2,19.663611722908556,67.52194440507341,190.95529542294972,106.69182673745227,10.17642239403847,135.87060988187778,69.94352421434137,15.058232842248888,3.8205274964265143,21.030436088038655,6,205.79695461626073,1
35.224114480503026,2,22.03601846662139,73.13020863066976,162.41583152277724,79.35401250132152,3.96720905454574,46.25311065717994,53.6876835781663,6.550775852428556,3.780642987211454,5.218451205823883,6,172.1284673239203,0
51.68095652833797,1,22.453207327983993,85.84162991504523,318.5633849778564,107.45254702576557,23.569143587985785,234.2346022062602,61.028932171457264,35.51923973572045,4.769632764861321,38.58913867366743,6,334.4833904521001,1
61.5208811026698,2,23.220155247483536,78.93356954600155,263.6255923495767,115.52298658157456,11.11155634634496,152.53077400508246,50.3036809784017,57.472036797575164,4.339927080890442,41.88464326934052,6,248.06979643763472,1
42.65592884958116,2,21.34884582205819,71.13002113992535,292.14200087000035,120.38471927884116,5.4723075730560415,91.57143630938936,58.995289780349935,31.21451802024971,4.13775986754589,47.4768328586984,6,176.57541536239154,0
37.864632589616505,2,21.414346722823456,76.32861633897505,181.28221540421012,97.80615759108129,4.472873016846216,71.29108373860085,65.63114814352019,35.950397638693694,4.338396339535714,44.71553008430756,6,211.31685905377756,0
62.636052079769605,2,21.18651507383508,75.47286426453256,188.0303604710017,95.9444455704577,6.014319112944892,52.397985974338994,98.87521628531753,17.052781440043276,3.6370905204096937,18.649994823938393,6,152.04652991829036,0
51.39718935738192,2,20.566408493245902,67.85072942007258,150.54364185639508,69.29588959533133,4.665386096629126,28.369542506938405,86.84684219079864,5.923156057554951,3.675545320011294,5.0,6,155.70891428576962,0
76.12746003023916,1,23.077587682264298,80.69718381961921,324.6944361659887,139.63062167460333,5.60210075777779,152.3203129476252,47.35021429496105,18.3763463514872,3.6447688749036145,34.752612156754346,6,217.89328423388025,0
62.153861049980726,1,23.486561777786353,85.67756697464091,280.9321594662425,89.86143253915743,5.330336441587611,117.22231808776945,50.2936706452862,17.053348386934896,3.475938382055099,21.571874959491243,6,230.77319681003004,0
61.77624066754126,1,22.735996121057294,87.06036457468507,185.44424149631064,104.58354088616697,3.0703456191204292,42.596080008081444,61.26010084021062,7.515045092916798,3.741724435788496,7.231156470486771,6,182.30924210276032,0
49.497088998125214,1,24.07390885010188,95.23714730751553,265.9302927384891,125.2367588131901,8.326276259693056,27.80746012934609,67.91931969497494,17.58917651022648,4.213995726578538,11.663872260204569,6,213.57087497012748,0
48.64615380652359,1,21.28013614532483,79.80617229995562,239.38318473802934,76.7309133774195,2.252097774001901,35.66746215745665,79.14094568262757,23.359854412103008,4.196762221325751,16.66236512773993,6,162.71756893824605,0
50.71019624535719,1,23.7975741433232,81.22538134761744,255.4339294383858,98.61671653043908,4.541337995657847,102.27370481001327,57.92466529380751,13.551220524596975,3.650155644737418,14.967628700828342,6,230.6087626789641,0
27.780355525893498,2,21.819828607261886,72.40912393559927,339.2067835776439,127.87073129962705,15.336256692778191,217.76893218274955,43.09598871647938,29.122874088120533,4.7395279973220275,39.39184692337001,6,302.42568601464683,1
47.62359887437234,1,24.898775688749804,89.2040398578442,297.7751092408829,107.31436353882566,4.17005350648322,121.18038626128416,60.81458812553444,9.295462030962234,4.019079823117255,15.330129066144343,6,221.25456774639352,0
77.91591813899842,2,23.65145249130514,73.60503572457957,305.3228414625373,102.74314733477725,12.628528557842033,213.10946134742278,40.04337805293218,14.259012942734048,3.914734440979643,65.4926303554853,6,281.12461457408233,1
37.308254977746046,2,21.76040768971855,83.02670388808548,217.2932625014076,84.95607734560343,5.141591286643922,32.75494339808205,107.6392562584723,14.578416025356164,3.8873838714061835,15.590453776752856,6,182.3700137026155,0
34.85431291031821,1,22.319389595659146,86.83179927982708,146.7422390629211,113.14037342822766,2.6513898373087663,27.76821052733046,59.61141134819899,11.097155902871167,4.584603418290322,10.952302680509966,6,150.90910435365063,0
40.2202764007536,2,24.216378186809422,76.34790946643834,233.77538620651003,138.18712063495948,8.855119652276032,114.66999769215074,59.3247548118206,19.02741588543226,4.169297649311867,16.098580529088355,6,230.23746719631143,1
80.0,2,24.381418375457514,84.56263678405435,276.8937512718318,162.28707347552023,15.11825645281451,121.56364616320926,57.43942004095442,18.241691081989735,4.429497671562403,15.767346644115884,6,252.6525924831159,1
51.167998332488715,1,23.8635736578467,93.25057672879501,216.0355237054743,82.5663573931422,6.563751457849706,55.28322628591255,75.99114637387991,13.020166742149271,4.1393160270367755,9.479587379933099,6,222.89701265829711,0
52.267512317259914,1,23.085864068841236,84.00446844585679,214.92906304863553,103.62072226945082,18.14434918082782,245.88649482119172,35.08070538741005,12.639392153321129,4.039481749964762,14.216433542517706,6,308.818995796201,1
56.38769472175315,2,22.044573719453584,74.952037815554,242.29430104298365,104.39646601052875,3.100150864826848,68.49789291757901,88.44884555798515,20.124408662565703,3.893975047029029,17.221226080167888,6,175.15163099250321,0
80.0,2,22.61448710348201,76.93468781698819,236.6645407260694,97.34656605752721,3.599539708981418,44.811120897938544,71.89637055862997,8.379076901123765,3.8333896407582455,11.744110562934626,6,161.41560358295484,0
80.0,1,20.352173001770296,73.47797056723323,241.6785321644324,120.94622957331069,3.280573115664038,59.137253109040635,79.37512674039016,13.137363114451912,3.8026088628417987,15.129730401704496,6,168.38811865926664,0
41.068454131211666,2,22.605166090497384,73.84562661750275,295.7396001282965,91.5650731844985,3.4569159765791637,45.26627712822354,63.614419055316674,20.74360822051591,3.9918516805828057,10.537926637825095,6,157.57005239580246,0
49.97684594961824,2,21.588662050393168,63.319163602139234,183.69351866820205,130.29440946828552,12.304958976402293,128.84397173460493,40.954823892759215,13.923631921659826,3.72856026304272,19.918487373641312,6,216.45506122677986,1
20.0,2,21.97785638200407,72.07046246284807,313.6694778321121,70.06705734001767,3.236058636167708,48.86496147651484,89.93091930894987,34.872213379722325,4.338105077447832,29.059995575885573,6,172.30476931095328,0
67.21958675003077,2,24.9,78.45622744607142,197.18066304356495,84.80433899233866,9.68540453767385,74.35670462907284,79.24407128427191,14.19836911422308,3.914398886775907,11.283365742020173,6,211.46312297297894,0
56.254298151246566,2,24.097042203930013,81.39507833657706,284.02699125839905,117.18830468104635,5.46984750031009,307.84681319276996,39.23273866957042,28.276912619055096,4.064999781354222,24.755544643034447,6,296.65426070146685,0
53.370138832240244,1,21.726174313448293,88.4807583401047,186.57221831727256,110.66971931909356,3.939270898694821,125.38805242955684,55.02341945097804,13.312637888207403,3.7511317597936613,7.567664424949387,6,216.25268828620466,0
65.61017522224518,2,21.466088027868114,72.45487586955664,269.236035752008,118.55734644344362,4.426463523530125,53.970496686361294,61.87721166857554,6.899153311046782,4.076822380514101,5.0,6,182.49497041807024,0
42.172569470769275,1,22.46084754741933,84.40703404526545,148.41701440409014,112.75039038925374,5.366142113784935,47.764699187985144,47.74065908883077,24.863858263814432,4.733234415985536,13.500270384151115,6,191.08414746721297,0
45.06749078255679,1,23.875331387901515,92.76831132392113,296.6865000729278,101.68205860793809,2.44494569289196,72.17238700587362,74.93910323534601,29.884749313200587,4.047914428046167,34.63160292859388,6,200.93071657383103,0
63.29088997333964,2,23.503264011653364,80.32381678958538,267.9343180557515,103.15886194158107,3.8683900258479498,96.51915780341339,58.2774708920037,31.10021925373263,4.2285788240398965,31.36926908551688,6,194.85627351540404,0
43.33611287321344,1,23.303179034886984,84.26846736960707,262.1186889006698,108.67798545629327,2.1483135074543482,190.76662509936637,45.330031371653654,20.918846333209242,4.321448424114495,53.66511922059415,6,244.57477769076934,0
57.968408375839395,2,23.076714226601837,74.93952697825495,215.80212406710223,95.12794922990422,4.3145794951599905,82.0700066797016,65.86106865031043,7.009489977019756,4.1806897994657515,14.354914635161842,6,169.189997893267,0
63.877250735389296,1,24.477312100367634,80.80416066732154,142.7954387591845,123.68610520927484,4.641468892446438,116.54779352284007,73.59995103022545,23.667146287183947,4.433698227171979,32.77943765991177,6,221.69675343549537,0
59.22546143777142,1,24.9,87.98137248329492,219.57290442853505,108.35593214990729,6.1739990884283085,99.97676439913081,64.53349808383953,12.613376344011144,3.757170254352439,21.24086623743737,6,221.28923558622543,0
28.23657686215122,1,23.37146488941253,79.65173212548899,250.2268779588967,101.74654645348353,12.175352106915032,107.80371768748249,42.27962875619843,10.717048543986479,4.275167599336954,18.71079317162797,6,234.9875034162248,1
59.94154591090436,2,22.91235464583533,77.324597291937,170.57621370017563,97.9256077758923,11.316785452948658,57.7171837882457,56.810043147934266,10.933077999055847,4.1047601601526535,8.683450808560329,6,212.10012904930574,0
41.40344952483174,1,24.9,86.5488968352617,257.241693118218,100.68434372654536,12.91900801824546,104.13179859979098,61.72984228898974,13.055869184593545,3.976895568094979,40.946646766700475,6,255.96942887892905,1
31.650584696335276,2,24.19309023131686,78.69743346736925,322.1063631621229,81.9009637719678,2.218655610392453,48.9366142358955,84.4318653979386,18.66032797027126,4.670847795527035,22.0874477013224,6,190.231200958826,0
46.1734318304518,2,24.252666648900654,78.27002679484953,231.6963918660139,111.66138676612385,2.6393992159368618,29.14626733058653,88.00393453224983,13.610933912731031,4.1584852966423735,9.46423857952928,6,155.5820298380582,0
80.0,2,23.167204914647943,72.40100225676333,316.68177037648405,147.62846753029484,7.495410038664579,43.28947804837218,85.66838857909858,13.432603638069516,4.318039975922404,10.424144022752674,6,173.7301263349691,0
43.61886645353155,1,21.4860687361062,86.69160753195753,271.2656883914311,68.2768482395173,2.4267179068872853,46.947769650473546,78.31670431953619,5.435757268073242,3.7554502219169517,6.535854631747405,6,187.1871718028789,0
80.0,2,20.90652077937854,75.70033943217986,236.95080294151384,125.8453391991025,8.250964005639567,154.45856446070042,42.06448601194624,13.616650946075854,4.369797584960469,11.134545804471374,6,237.03671439137779,1
58.89305112866997,1,22.40849862868564,86.72666347765991,307.90255210857345,102.36993755065268,4.211595152502414,69.80626319653618,54.264470276189435,10.635141102976304,4.074543154937902,17.925587133955133,6,185.87858249593359,0
63.93671494791682,2,22.383677997812764,73.13082370733994,123.17499711393894,120.0732724150822,8.616548236280618,86.43527609467498,54.69676893470242,18.822296163412805,4.139277640082559,18.131868271015815,6,215.86582297453532,1
38.71138086503879,1,21.42182914959611,77.49485157515993,217.52877770458164,106.34630739912159,8.431562062944638,129.48473650539933,37.6619453685331,15.448174081081882,4.818996806307929,12.165960555336222,6,215.3986072252467,0
29.80142655279836,2,24.11342860021286,77.04880379519288,288.94100098891647,97.58746021781194,9.79300043288374,160.99228921802256,56.20541573553823,22.216491011491573,4.045655653158107,42.199679850215624,6,246.6844067168951,0
35.64714552155964,1,24.21111406460652,84.88045978738388,262.22050674919905,71.88636351484797,6.530741194833264,80.95020430570625,62.173637876927,33.2238770685359,4.2453886971409025,38.20475004961295,6,210.1280032855979,0
50.063655278030524,2,22.59636876895968,75.3446135251502,225.22040351968903,103.7826599878028,13.911734519781646,32.44838943583281,63.06897769198338,7.563248547564666,4.047681292580237,25.672716836127094,6,202.79961162422885,0
58.18206616451744,2,23.133861176655813,78.55681648303171,192.89093528739477,134.3049639855356,7.546539577629297,40.01001178263209,102.82233858154783,20.40777910006107,4.060297408008618,11.59238343680093,6,204.42518937632238,0
60.893798844087115,1,22.247267247022265,80.87307643303514,195.6217568808616,102.09254164858565,6.382409623725648,103.89134263387488,62.368958735136964,27.01650731405431,4.1777872973678205,26.593285001994605,6,213.64144430998735,0
51.13146105881826,2,24.607155709402143,73.31263209771681,246.40399790652899,101.5761149326692,17.54958613103116,75.01367671109108,64.36846498672612,19.281017441004153,3.953094550355113,25.31333928966639,6,240.8870917352785,0
41.071306114390076,2,21.661404541561353,74.35434213538467,285.86991921388244,88.0842827244893,4.6140982798839465,117.18550650371547,71.15901627337081,16.309307666768433,4.1802252093807795,15.912906700678207,6,205.3577158117429,0
31.020163192127026,2,22.52772650978012,71.66765767840128,248.2057082223951,119.1767013136385,7.890580744026624,109.16373535686546,49.99315249584195,22.83464473987104,4.672387065073175,39.380936684417094,6,216.49938478391377,0
72.44131697783689,1,21.05437227204101,82.19525342500832,193.81122364045618,145.727110101677,6.234996203629937,52.18367676194448,75.90332564748783,10.802154860918218,4.017635738654081,15.151008823975717,6,184.75660331683207,0
61.69907753733479,2,20.091179500624964,68.07935375107526,141.78056237181318,128.70206963973007,3.5448045021453685,31.034397235685244,60.16270144691282,9.105983600544409,3.9233000802527416,7.843470317756283,6,138.66073691862,0
33.64455368993206,2,23.014165245266135,78.4774443584178,247.92133099971207,98.9259293332543,6.268168059720668,139.2670126835238,43.56213608086208,11.365448036563615,4.274277122056887,13.513689973156856,6,222.49746668343568,0
50.572185249124814,1,24.469734515894707,89.88714697844988,279.2372340904394,116.92741029337178,7.123768491266522,46.60900367509409,52.88908575743001,13.332519051724304,3.9127472247670947,14.433874704956072,6,204.72226691515326,0
34.071584247210865,2,24.429115514096626,79.14050874353939,271.49666018576903,93.34409025510017,3.588841656390365,45.92373173350769,68.86888493777757,19.15125044373905,3.6497068932815955,37.40495393485687,6,179.40384105794095,0
46.1469781177898,1,22.530034514737615,91.28524043271327,361.5607180051421,88.50102817831468,2.656801344707047,61.79906165140858,88.39015422498198,11.11191794732409,4.4297741388044285,18.258202750032048,6,191.6457716198695,0
29.657701147864106,1,24.9,92.75924762177813,311.8651725376959,97.90732163965815,9.819048443487068,105.86414066345817,48.5601832851738,37.13385700424799,4.8045670112229235,48.948543105005726,6,243.830020759553,0
62.786222855782505,1,19.556178021314008,73.04533638279135,149.72720172209696,107.96244264578895,8.920996419229713,72.17873741251869,52.18191359061388,10.876550525189868,4.188171810194879,24.989030120045875,6,196.7096580561356,0
22.434456219871034,1,18.5,79.50196155467472,248.09629605028118,77.99057487201259,10.27696715997343,81.27643088067857,54.77827404574888,7.161952544442153,4.5260976242198225,12.587718851553996,6,208.75440414372162,0
45.11363153855157,2,22.783619416473584,71.00135284964689,320.1221867873209,92.3977299875546,7.9710885275478045,69.25471382210145,42.45637843072125,15.314230104692053,4.406663663936783,25.22923935942141,6,183.73837158793523,0
27.688138522101728,2,23.36740813673205,71.51962281715714,247.8279920102554,89.01339500125582,3.278411857541565,145.56956052631722,37.438853122356434,29.744237523922177,4.279703230874401,12.160924389753907,6,222.16705867172018,0
80.0,1,20.381140571352205,77.7655914722658,177.10120414415144,105.8975296744092,3.8051648345756313,100.87924018784857,74.65131084447846,67.7503920947255,4.32688996064317,70.84398563326859,6,199.04270261098654,0
54.627816513132025,1,21.459313740972352,85.38439692880523,335.37477651882017,90.28815274397127,6.082792660996607,53.29855757232122,50.74837932041049,17.885532212449398,4.726283719966851,10.379870631409487,6,180.09510594081385,0
54.87172300688869,2,21.545141771936247,72.74808842912016,80.0,115.14446579305782,6.165387673076986,136.52826124381244,60.290153320979435,38.47728502283854,4.396968125139362,36.812212970633844,6,240.97794130966236,0
64.36259959148852,2,24.549999878382312,77.45781068576404,183.626747085556,92.71370578184032,16.060178410981603,159.47020753146734,39.37563396893061,15.178463689544156,4.536710594216913,26.17713046541131,6,287.9652107056213,1
41.45953825123344,1,21.12211176261374,85.46061450629527,131.03913752712498,114.77959607359419,19.677095048681355,35.18458297579755,73.61061443471921,10.831506912322093,4.341811747704621,6.581304534155012,6,210.96838538915912,0
58.57715700455633,2,24.9,80.77756964105714,218.37840106817976,143.28735373845328,8.73081772973744,121.91633608410805,45.048210008380046,15.828947035220526,4.280427329898332,26.141258856359812,6,266.5000760635962,1
80.0,1,24.9,91.87423264408923,185.5485684177742,146.97615420287713,13.66306110335142,134.72102338854455,57.12889410903458,14.698242536356524,3.989386416948138,16.424050930049013,6,262.10614953288064,1
60.915687788100136,1,22.43714367388286,76.22427041259051,240.0009224338233,103.32410843233296,4.554517942280523,35.794285179195185,61.65954555355489,20.163517862877303,4.780382271604511,38.888738315414386,6,160.24942638893083,0
53.42000956840648,1,21.269775173366163,76.15439370177427,252.53933819615435,159.71820635228988,27.93402177528585,104.41456249017506,51.94061258627185,47.405538693157375,5.343949043320368,77.96896849913608,6,302.53187819278634,1
29.944697505481354,1,24.349892750055393,95.52639167803666,281.09363440962267,89.66172405904156,5.18046847859142,112.99312990327824,41.622511256878276,16.6400738636908,4.699168680260082,5.0,6,246.74664628844226,0
46.38688305661863,2,19.549764404114057,68.12243810787167,263.4181039870639,111.50814053252454,4.340798726834385,71.02851901113472,102.28398686546474,12.489042515958857,4.312239381550815,17.676930136538637,6,161.14013910457146,0
68.24121176567864,1,23.440932929523846,82.39761802948368,232.66794721511732,120.65957829396122,8.808807682328178,96.74524599179965,49.1365235591911,21.062102733468443,4.3271699767559,37.3504548660391,6,238.9231416851399,1
22.85471228851748,2,22.909744604515748,77.48976372355642,298.0043797055144,93.90065747227693,10.709590059453818,174.64076706857696,41.96152854419723,17.854660287518815,3.9545626741463447,21.160428337072517,6,265.01727477019017,0
57.60211580580808,2,24.293945553662383,81.1119169598359,277.99680482363743,99.69471053872262,8.544443060209025,45.19095173400308,49.11674473941135,9.492641560316432,3.9210429579269332,7.061072764284145,6,200.10785782115417,0
51.81840753574972,1,22.66566123034758,88.891433996899,262.20898057820995,108.71170403632483,17.912112219618653,109.29597087853385,49.05207478697638,37.925826996277074,4.734493376763008,24.4739607255567,6,280.7741695419711,1
60.75358032297948,1,24.9,82.3654851656317,279.1914364118334,106.1480180746087,1.7430573324017133,104.27763868918323,64.03403653796333,12.854142413914241,3.979127697551614,26.287370090674138,6,223.98152955817318,0
53.71385112781332,1,22.11669417246249,79.83811977233141,224.14737858322795,80.84273758292836,10.715258156466714,113.90746793407065,55.28794608641509,32.467620543597675,4.055229266958299,25.828840410696667,6,241.50451423331302,0
23.330028403513072,2,23.504647086417126,76.22043174209692,231.8311849337756,110.8365919217461,11.916155675940008,56.87751026353407,76.04385086055738,19.4957979096593,4.249857285690564,15.816365691176768,6,225.36807486369128,0
31.254368970274864,2,21.751576756339098,72.53858145880893,169.36744431291558,88.63134599286855,6.139126468637897,71.09327183677942,55.256984012540535,28.25553876785721,3.87905470494973,23.382289986547324,6,184.7820074936768,0
40.34251285567332,2,24.113202191772686,75.33234014318418,244.23067417404138,95.29025711787271,9.597456141093001,196.76374860130423,55.042118774428644,17.420872498173,4.629471227112507,17.8796390044964,6,248.40828717259546,0
65.57349243499608,2,22.39189622944039,77.23473627809535,183.68337046613888,115.05842608246293,7.349655750726079,97.36177305821965,38.734875846406986,18.439377140903133,4.285334851405575,10.573413605637626,6,194.44826557978087,0
48.522957717997976,2,22.242678999608824,70.24273432669455,216.95451814931823,96.96389803802391,3.4280169665313815,34.47517590371111,85.09216392565946,13.341631746656585,4.229918898182478,21.931001572929866,6,155.16235416116686,0
31.46944884560423,1,22.137596360672802,84.88649939088694,192.33804199068817,92.93793220500226,6.334112387899085,95.9497889899328,51.67869236013873,23.516274236548202,4.204645000064221,21.376000365141554,6,227.983214324293,0
35.867079461022776,2,23.734913499571785,75.94138866787307,297.7120787600048,75.28141679699215,2.236232861242084,68.13767783301451,43.8970338068638,6.987427059018783,4.148659288958564,5.0,6,196.48316882575074,0
57.02451329530998,1,23.710067932909197,95.02855028104037,172.72597735771808,85.24879240795735,5.18563034685327,58.241588207863124,58.669895337039726,5.0,3.8011179218925593,11.581725285194416,6,201.17066757932304,0
64.9024338133002,2,22.246166674408816,74.8379204069438,272.71370714085066,105.67932791626404,9.99540272149603,60.34319532065946,49.93260291600964,15.670366239409024,4.1876124732484215,31.86282836785977,6,188.28028497750802,0
60.22793654192316,1,20.854803007280793,84.44093080019398,190.18090847163546,110.27598972460137,7.672016590865061,51.036843997736526,51.7185456483644,10.196394224644546,4.2549112632488555,9.247263378499115,6,197.84179698313426,0
52.68406019685094,1,21.25368707590487,79.9054408431883,287.7218490468425,91.10483336030521,5.544601173558661,101.32747321046494,44.940283439387734,52.027691880585955,4.281675692424876,66.27997712055586,6,218.36449902225544,0
46.745566724326835,2,20.62889683122841,64.86508684924348,313.14401706645697,85.78254013170402,4.6358163280311135,122.00861366671417,72.8522620055337,8.841291433822846,4.233394199688413,31.804151500336335,6,181.4607237328395,0
33.62601032227629,2,23.563680855168144,76.04062512393047,109.75454377440334,116.36687744721436,5.677449773663516,42.87744107723092,46.104066731278586,15.617571795180352,3.8389954647791136,6.243332789271479,6,180.9642464989886,0
36.36347988463363,2,20.344701889175948,68.10548644231267,294.56637539768485,104.83252149543236,6.881647164138435,79.41575029907231,51.59407118419515,17.149101284844647,3.9753232032171937,11.425325724002592,6,171.48966628520284,0
30.0654810630501,2,19.338654618721606,71.08561997734272,136.15683531283292,68.9876732849613,2.6544505475201814,28.812532753741813,63.54043888012657,8.928233848485617,3.5990034230097327,11.284987734222332,6,145.89042006593002,0
45.62695655521152,2,21.288471559612017,70.2545711023966,274.82016903488176,85.36677346050857,4.1191417591207395,95.15341342249457,74.81976132125031,20.155659852505874,4.393054799755786,37.461948238012525,6,193.1805707573312,0
50.04296473323066,2,23.47745813340659,77.91505651270852,184.97758720995284,120.0770165487334,9.042458159843978,143.4297387042718,56.66755800091184,33.42502772908572,4.1328472557557925,26.157583848429326,6,236.63771136768855,1
20.0,2,21.625765048957156,75.79362986326811,176.9211368583019,87.62145547145161,3.456680467775653,53.49222171003658,44.82339375500941,13.803183473569204,4.278427899776258,18.024713514232573,6,158.76578148093648,0
38.41997168400201,1,19.950598586665265,77.80308278663624,235.1603835482522,98.20762721808268,2.076310538971449,39.33019603399173,64.01418982310972,14.418167786621712,4.365443848836511,17.831960796505548,6,165.97816132493517,0
40.55038601514689,1,21.556549343021715,78.30365349329958,269.0927764550336,89.39725119462017,5.201197961906606,77.24814958932824,53.79153124411226,26.62861099821897,3.9801107865925807,17.997353663808532,6,188.9253912219993,0
49.98064561103624,1,21.541075171724763,86.60060352917583,200.4135888344605,120.42112643031618,7.02393109078312,55.107975647425185,46.04439109365074,12.39697451642472,4.099973678140089,6.323723621971204,6,201.97704221881037,0
21.76627928499081,1,24.603796336610262,94.42660817196072,305.452749089707,90.92058579605182,5.001441443347747,149.2579828698508,48.42822227047978,13.570527784764291,4.147224075516458,41.16377399852043,6,258.842568046984,0
31.419138711228452,2,24.599289315170928,82.7382208379308,220.945016956954,111.09711131839634,3.4954681711612063,65.00672218421815,76.52493375920447,13.26873271743046,4.457278401313001,12.214507464686873,6,189.21808298856675,0
58.97351624746831,1,21.56397536933143,87.38953152580379,204.62337525733182,90.14124020381603,4.324401122743887,46.69429077393871,85.86833537911579,10.112926228370986,4.44083930731952,9.92968028105418,6,184.6351460968695,0
29.98976522021709,2,22.70428206687885,73.1729927800213,156.30692377504243,96.89478383398128,4.420118231992228,69.39017920913632,65.36846219171241,22.583373270511427,4.496081828289675,36.372321919254745,6,175.96607254936032,0
78.5627526052119,2,20.85511050193957,69.26335601562137,177.49488729199987,91.55807774333088,5.484164033424041,96.64450728797527,70.06166365116773,18.40832215934467,3.927334940008168,7.924379276762559,6,176.62751740010899,0
52.94673346074284,1,24.13109710806201,85.77838597333346,283.4548143502097,90.70668087654877,15.923470124315344,108.34055726316438,42.8010216867642,13.513344290693249,4.006937034191187,15.579432889726494,6,257.6965058466748,0
58.14521736413824,1,19.885854541938805,73.58811361390279,190.11644138254684,117.52212976994875,11.838195311510933,82.68793385795301,45.86672656964944,9.346875390258068,4.055185201216481,11.970730444499415,6,204.33092466280286,0
39.86783087548474,1,23.155899047011847,84.60235987657731,227.2855935878527,85.32421330911026,7.534935465799899,106.0904058257189,78.27820865308583,24.294681395673145,4.119114861124503,41.795290300745215,6,222.99005355171698,0
58.73666522467581,1,24.9,89.71554034403908,233.0784592832469,94.90828418222263,6.54082989230536,64.73739768494075,70.42062240780179,27.775852028166383,4.620089571931901,32.72219811544721,6,232.26899196941815,0
80.0,1,24.062582671562275,90.30775097080092,201.7063869544441,153.10611958027673,2.907371615068034,69.92278548051948,69.07070943788656,35.832378136424296,4.456124212074102,31.66130120014534,6,213.34508200496109,0
60.57609904803495,2,19.893141057778287,68.22128162459684,182.87029544588793,99.13336605293658,10.076279434533964,95.00359322956433,65.63410367943982,30.518041385376012,3.9174371713547993,28.175141059642954,6,197.0355326689507,0
36.2634098597544,1,22.857645128617918,87.98843596288528,256.50372113956337,57.100251912000516,1.7559788382335082,95.16922483718237,48.350450627208254,10.96304421631194,3.560035020994204,12.163400076754757,6,213.68461710120644,0
37.479624125188934,1,20.014058488469956,85.42796456801149,233.08425731605521,81.65142587506107,2.209704058737398,40.58786115356588,69.84855310181172,26.788370601683493,3.9948223493051285,27.998092668261556,6,179.78755423460203,0
31.205452971448736,2,23.40060050690718,75.42515466364385,272.54951669070226,127.45685832711177,16.210793299844358,180.77280273525878,60.11312899768905,18.629890221483677,3.786092585277979,25.347731028294245,6,280.8189369835377,1
34.90657539041634,2,21.067919697286285,68.74855829166847,204.3570972109986,97.02661178979352,13.48952604235658,94.74363748824291,54.99613400485337,27.85440962999188,4.0822897153688045,41.65562401819614,6,207.1826552168946,0
20.0,2,24.89938748333162,82.10360295470366,132.8211286105509,82.81286800568444,13.665729267207075,48.842500279188776,64.29825038036694,13.81825110624429,4.4070295751007595,12.066356931416212,6,225.52288265122476,0
25.50207265779113,2,24.9,76.98153890476485,230.61241924210526,96.78601542286751,12.664170315267958,70.07014818932939,50.15631523048786,25.715948539204245,4.791985069766295,30.490412970020767,6,224.03050481792116,0
48.58084405602318,1,24.9,84.67671282270469,286.00309456217025,126.89396515366826,11.343041663556921,102.50761098092502,35.39369808500623,15.873212987700983,4.826428384459071,16.480538154252667,6,242.99484344419486,1
67.95707603967669,2,21.12510974864484,63.99603423871707,205.31712454122027,88.1204133659998,2.547750732941236,71.66862117727673,82.80063647758908,9.25229711906984,3.941614292755404,11.88636115005588,6,156.7459070751202,0
33.775735324801076,2,22.601229549476777,74.68171267550845,203.0960093358427,101.32363802042437,4.7599680324639095,37.22056120250861,59.88380061377659,11.334854591737413,4.2643183908218365,14.609227507653719,6,163.61671413908084,0
46.03261253496205,1,20.407236245099014,76.69256886770418,253.13836689059184,117.58382621431622,8.649152301156898,196.58726416864909,62.036419919726214,32.51254583271472,3.9873231399722506,42.77742510153723,6,258.2016154066876,1
20.0,1,22.84623011243999,77.13203742519093,226.39836897791508,93.24196886810968,3.7759081485407227,57.620148776544205,63.226966142673696,13.702047320557952,4.718430435388428,11.760457764583787,6,183.57624243845825,0
62.609596181478835,1,22.110709320686045,88.95857239824514,248.70100789909557,84.85833875877567,8.077236194215775,91.08091701807645,67.90422131047366,15.356431771413881,3.9132842839728257,20.85353057396979,6,218.49254323617694,0
38.18731949985478,1,20.96306400544217,80.06461096145536,205.916687345571,123.89571445701017,5.10232447208112,30.712931320474002,73.8139315989574,11.06980286552389,4.109858309653132,12.688920893043388,6,159.82970211068675,0
48.545558854872745,1,22.255538633414698,81.17721066508695,234.29600121900353,95.79723243177726,7.641612363024859,73.58742408499535,66.57190748464907,24.692648385445317,4.067061502866992,29.388555750990736,6,194.57904581509996,0
54.16335553697449,1,24.9,85.1754247027505,212.74513993154642,141.0256616778388,31.387111934409432,136.17907218696536,47.04346854610734,32.238611307871494,4.298789805705,26.498708515024028,6,330.4379118785187,1
34.750670485354476,1,22.27065985411953,86.64543843257759,203.7177014874224,105.17083882052926,5.483768655731279,90.13220406920735,72.47665701028694,30.3219621238862,4.88483097883023,48.351867880246864,6,201.2743763672529,0
41.256926713138995,2,23.291531993685695,74.70427732797633,202.34813959228015,102.9311170398266,19.745881683388653,89.25553678598742,63.14498432002738,9.988732810073795,4.21822543685099,20.086108050213596,6,252.88431997435214,0
35.9598498315199,2,24.9,78.48998223898901,270.30792970852576,98.38505805631083,4.071117733741749,52.70744949716137,90.56761783752552,13.01900771085125,4.121585363057906,20.359470408802263,6,163.34650399434565,0
59.43040688393769,1,24.9,89.19124705397999,154.79806494254427,130.20718042883217,11.577832216578598,82.05416092046073,60.551729713397734,15.932976744950276,4.199822622955227,12.307720376266273,6,232.41838347517668,1
20.0,1,20.18475291737298,78.17215631691045,286.44924918700235,103.15344183426983,3.5523758492200295,49.22627728812173,66.53921356945193,9.458302915436791,4.133626492089783,9.07963244930409,6,164.91793347122172,0
35.3610507758575,1,20.854917856427537,75.74995366771331,195.126900707655,102.14676662204404,6.882433106699099,104.22298438226561,55.372554028140065,43.995744893169395,4.2903404290638925,53.033816303928795,6,191.19476160639192,0
24.256276309472224,1,20.70575266640957,76.15534066094986,234.2111806097779,76.98693250296716,3.6250207181835443,99.5278520068773,56.960137495093406,14.40278440414895,3.859029748897898,18.61933552316406,6,226.50537854612173,0
42.04889565584569,2,20.204491462820197,73.83328531812947,141.1385920591891,103.1694495519371,7.2567093767160795,80.20292282851204,80.51029984517683,25.02880600807001,4.526786085190748,24.60121983186549,6,208.65248251653472,0
20.0,1,21.41253028177604,84.09661879396893,222.67517814813425,86.93822576729426,4.053639761343971,36.092047078088505,62.65544195283964,21.649140983429863,4.403746426809036,11.163535668191916,6,187.69491454374645,0
77.01091074157368,1,22.214706098613476,78.5334069252761,180.21769465651812,134.87059967972587,22.704441657220933,48.607436338368636,74.45716421428006,17.464561209450775,4.191759990606741,18.79454905508466,6,231.5875934978851,0
42.89804750528175,1,18.5,74.49427310260937,250.86201530116887,109.89442490075064,4.079531535369602,42.86345183557764,85.44856182137231,9.888897096309188,3.9637953268685733,5.0,6,162.02392266620916,0
41.966086718691066,2,23.72753688142897,75.64595585958341,323.62299251382115,133.45238596259748,12.228440180183341,96.67760837170088,33.244287815681304,27.198213785492577,4.10040026756435,45.933609516077475,6,208.26989625539065,1
40.826675761173924,2,24.9,76.12652057353056,144.48230119693744,109.92811525090792,7.69512865671964,91.97502866130692,74.27249706256171,10.25653730959777,4.61678983900733,17.995786907428297,6,210.94848319671505,0
32.78048012496038,2,19.159295947124413,68.01285121785982,238.74461620231253,84.86267893940379,9.410955044707388,43.007409111397784,70.26921335593067,20.163700048021607,4.443827734918654,20.639548767159212,6,183.99330102832414,0
53.543893301626284,2,23.11567447562155,75.19684867727102,230.22256236141072,133.37830425709552,3.763570988268559,91.3038849266738,54.399108476166106,15.11614501591348,3.8612278885746862,13.687209526460501,6,192.5187150788696,0
80.0,1,23.654503768244343,87.04995743004642,247.32491104069845,115.32149141744054,9.951687741237864,130.28338599337786,54.65819587373996,14.45163715819563,4.09854903108439,25.59239404699027,6,256.5845809977124,1
56.68591937470555,1,22.80174670319364,85.83164719787541,229.57834970167087,109.92540832115493,3.9402542765713418,112.38453411124759,54.10639791214289,14.506143356433682,4.046697271910434,28.419637131295378,6,223.52861822321614,0
61.772586461648025,2,24.6913030595604,82.35041762341051,105.41647173117524,93.95388919402289,6.218210789848636,39.87996270940255,82.9764263323831,21.321748571517855,3.8341923241065206,20.763517686206686,6,170.34007132399506,0
50.49083972942961,2,22.00473591210682,70.41470261870138,155.6151394295979,84.83590936627948,3.399402414665469,53.5017332466967,79.28139445628955,14.521819850285855,3.8159833643817964,11.175915328600478,6,152.44021605951477,0
44.42559618319604,2,23.66178123132582,79.6949290530195,310.0164941278966,117.44438618685031,4.18258208923738,58.65895412298329,58.761376005108936,6.302782063928923,3.994244092866361,5.0,6,167.98006775481156,0
77.56380315157034,1,21.86928299096939,77.75016202255178,252.60660128136135,149.14415637254677,4.410263204029978,94.97159843737394,71.49980811460298,27.717162028918437,4.136228121839452,60.93879427303953,6,188.22416402504658,0
56.920510581230666,1,24.9,90.04681975137808,249.40812448834583,100.78088499798348,5.131378018995405,53.02573206097629,76.5993030400603,16.925911401451813,4.244257853683513,20.815311242966995,6,212.02256052300515,0
60.601134463458294,2,21.795141598595343,70.55811697768695,260.1042836508839,106.147480089149,8.559113493755143,78.97388928639073,64.39219063600244,10.80240196764738,3.659108133801382,9.616094913567887,6,198.18855068430437,0
40.38210799540558,1,22.814568925201584,86.1749200470303,150.43052251959654,102.14903227402995,6.194938556690148,93.26256383627234,51.82995201217508,19.19123421211286,3.9543529407047737,16.894567886356054,6,218.6587746683707,0
71.15463071972799,1,23.880742277543188,90.18833214456227,215.3339052769391,128.5881621540242,5.823228666015245,94.07086720148813,46.96408309814064,42.69205622978077,4.518999401087923,31.368981733063336,6,224.16150335060544,0
63.331905472050224,1,23.185476065776026,88.04417159744693,164.9160881780615,99.73829478833477,10.055606319340157,91.564541029494,70.61152803927027,37.74973673314198,4.373719983365944,20.86379187212127,6,234.12106136910597,0
45.31976702185444,2,24.549091048672487,78.97496503811448,226.2999352542844,97.31956142312669,5.505484088645481,122.59990042467068,62.312729731910785,14.947190892787066,4.070168079392707,31.42367344530763,6,214.46550773168278,0
51.0506570450261,2,20.025588816594162,65.92336157361169,205.27743565512932,124.2553688629743,6.054231022211408,35.89562545656765,71.60909708691281,19.10332868809193,4.3897276262928795,12.442695428121485,6,164.26518787422555,0
31.461091301595584,1,24.873875987433486,88.40039405103848,418.62444154506977,99.84408976700237,4.413103796350466,110.39442535683324,60.93509550510983,13.65622790725044,4.355560506609806,22.308637451162,6,217.98791101822133,0
58.929374243724396,2,24.9,78.72277408796639,276.4390792187916,107.24504091682522,9.435213717603531,66.65681953957811,63.09057044933157,16.784114098678586,4.271855795010236,31.34144706924577,6,222.16690236132044,0
41.8034653113961,1,24.9,87.86544644359518,295.03518122838443,132.9693686031217,23.17650785134335,175.02792097279124,32.40571174232392,15.458871954356297,4.0988953057637705,18.79624039968544,6,316.5613813945202,1
61.12210363706432,2,22.848289348853807,73.81411112142162,250.99289308134271,117.78671916262873,14.373617768994954,59.31203818469921,48.186390827588326,17.477180428184344,4.332836920973103,29.08414227377818,6,196.72265648554375,0
32.785354022471004,2,20.438451080884406,70.35365127558389,228.5515725680805,103.04083070039731,10.202419346620013,59.693317232162514,68.51933400242956,24.398864482592504,4.189751512902683,20.674756321041105,6,164.156810694371,0
38.25077059715186,1,21.924978295445094,83.69440124434217,310.53614334181884,108.3984364652884,7.5146858483202195,32.942918961050566,60.99078686343031,16.59350704300689,3.982833296181057,13.191631615612279,6,178.06540312649972,0
34.8311652505072,1,23.84109373506725,86.91154183783857,211.76568931462754,83.78589735216784,2.008103503382541,55.60062250762689,44.98007202761445,8.879496986124556,4.102613145994848,26.129349646826242,6,188.85950647638188,0
70.532041972468,2,22.09956724803039,74.99417563827556,156.131781641953,108.03238062187577,3.343914494423192,81.44526385148733,67.29802199323254,23.61191352723447,4.579044196260927,35.18984379492468,6,196.29754890597937,0
60.51494818186687,1,23.803201089345876,86.17275096841897,168.49330828444187,107.90802428317865,6.483747069863665,104.82902205596808,66.00061584076897,60.92864602866938,4.912021522915744,36.737412632572024,6,221.48477743886485,0
57.50691284094696,2,20.911903316103942,68.31055093838785,267.44662820504254,114.10580879911873,7.285120006839052,109.06683806786317,43.52782189884966,11.228703272984713,3.896289045138402,10.34788415180797,6,195.88260454038505,0
49.580231240293664,2,21.87603493271761,73.95681840122509,227.16635243206076,98.65359339705697,6.665434880867991,86.85819640342163,51.63296837528438,22.570839881181367,4.009727085128846,14.85774421070732,6,183.02465429326662,0
57.52713662243198,2,21.759752098138343,71.60860626789002,158.13194790109117,96.17659514199184,10.674514662380254,99.58221806436781,58.51101852908392,38.628799074592706,3.9429771282996815,40.94949535250338,6,221.1411122560091,0
42.936878418428414,1,19.787983639805525,75.08855116248077,211.0207120681211,111.19764460143321,2.9240156220454723,65.26270024429533,68.53431573108872,18.528118634044638,4.42389869685139,14.318534759700956,6,158.82864341749357,0
20.0,1,23.91240427695161,83.23354193939139,207.97007689718544,101.02340851157105,11.21161616240508,112.11013496230201,66.32235475138663,10.964366054250581,4.235262607493712,30.792252378375057,6,243.2175550664487,1
45.598144076090975,1,24.9,84.28374753767758,293.8598926930633,111.98131664210428,6.109913863227213,158.08544177041043,45.99887913846713,17.028265147579816,4.777003887433504,27.750587784572136,6,250.55661708366102,0
40.091901016721124,2,23.710284878551924,81.943534796363,260.2294589822417,110.06544632073872,3.5700186217258425,122.51481846413948,55.3321720646242,19.34799740763451,4.270890260797947,19.20605378934916,6,207.44667702859897,0
69.53931146080294,2,23.059922923234193,74.56178410554453,297.5561176366676,140.14235969938267,8.757819822135739,97.87671815511327,45.31639486282838,10.857031957192252,3.7011417493951284,17.12677328810376,6,230.74120826479955,1
55.739940604784714,1,24.9,91.23462008766272,251.313086819504,144.34365402739874,32.03120048280383,153.86632317351254,43.67327091534424,47.01424561821624,4.470869342717667,40.00228615705268,6,343.21499867998904,1
21.36443619166971,2,19.245648718813694,69.8399215381378,339.08049601086145,89.2682970751932,2.9387280899291266,73.98070886311918,74.5204135875952,20.084594487472412,4.496150309253032,21.502139124245804,6,174.05870288045367,0
46.43693682203679,1,24.9,85.4544892226478,294.81670990533075,106.83249360405938,7.733002870536728,148.88841359869232,40.25245284170694,33.44563844518889,4.214390336086592,17.746933758935587,6,256.34888735728055,0
48.76145959695359,2,20.866070356492514,72.13032602995462,169.51563882401084,128.59409552794284,3.979102226925415,28.286103156346062,65.64248510907896,21.451980258186,4.556121741679812,40.546581689733706,6,147.91296198714943,0
79.22749249277611,2,22.395086237907076,77.96852151986815,207.92176035775574,137.23409585468926,5.99323279254232,96.86183919696894,109.66970268196393,28.6219788517222,4.102370104964964,54.85681603605035,6,214.49262903659192,0
39.77306289524158,2,22.84955546743427,74.34961873062338,202.5551370000248,126.66926859392379,4.804777212344988,157.20061256472397,47.10782261415729,38.3129754452768,4.456042178478212,50.929325480944996,6,214.73567415600965,0
60.39399819668961,2,20.971130446715463,72.94107340374336,235.10123632256216,109.49841779172124,2.597362445725137,63.58068860558653,74.82819688324341,13.652672710960395,3.926411615024062,19.639657055717606,6,177.07229757429724,0
60.94464154920646,2,23.94572311609879,70.44968330591368,271.15714432474937,126.74581970469205,3.103003638625545,84.85926325339051,57.564760023492525,15.403365056229797,4.397904916039632,27.81359182155061,6,210.03275520814827,0
20.0,2,22.666753879753102,79.59100701887084,212.61997652688487,102.45277726795717,10.183708945824808,134.5828825980008,38.28569631536161,25.11666452602583,4.589677813651363,12.551709947057454,6,276.35920793838886,1
54.52800840935195,2,23.65581614152566,75.06130671998935,270.341730465297,119.69271115773593,2.9504517247494237,84.48184607933675,63.08833781266507,18.809242434784142,3.800351170725866,27.146417107174173,6,182.68676673946953,0
74.24410168175474,2,23.778115535777765,80.78138687643033,247.8798166022914,134.5255344443565,5.023325119182135,55.44304449552524,58.781689078899944,13.230488924335791,4.673791389819819,11.943282622826684,6,201.09511573487765,0
57.43686478841083,2,21.772525871932455,87.47204878284131,284.87681812549783,117.08538621771109,4.7284387186613355,76.34495917721574,95.37543987706731,44.20276438188852,4.428029047768506,74.8678962863112,6,188.39150379995718,0
60.079102778106275,2,22.563644618153667,79.25279561293708,170.69211269958834,122.75810451494112,8.736237209733453,46.74291017998314,62.77231635325652,13.639564040146473,4.22718215865117,6.250393870064395,6,193.81075426783235,0
42.609641241970365,1,22.248776636751206,83.8057198930681,284.19184752811225,103.37969019713829,8.564343452281362,138.5496840883097,48.548929155963656,17.675841084909784,4.8448874023861,19.91871644546327,6,245.90352209571205,0
35.849716195723495,1,20.578102258955152,79.38087153739714,277.3349626701954,101.90661651387799,2.6899509385465263,127.18556503005853,41.964290106390784,18.845182299623325,4.531976558258727,14.221246781107821,6,203.0751836955525,0
21.02223848027912,1,23.969580681224816,85.25942416306383,261.72423276270456,122.36269168643058,23.4194938638877,83.06787439282607,35.70091625189235,7.884081311383075,4.243955216185745,18.255031885040673,6,263.82810478253776,1
48.6811462312597,1,24.9,88.19524453140401,214.19169787852948,100.13564016972474,15.69273898830775,141.04438608480592,36.142957861080724,20.824176122544472,4.6502312096212135,8.498129340645786,6,277.1082063360284,1
27.006208133687693,2,20.404831161549076,62.00670212480166,154.06967848033932,119.90168690737744,6.498844973641325,32.61387868320087,88.9587485274888,29.33446633778393,4.581810689061117,21.241670516898104,6,151.22983565888117,0
41.89101957413164,1,22.74003181469709,84.94814625942149,255.55980128229507,97.56747629100467,5.525966202811314,32.80685357611053,74.81464602277549,11.21415894756697,3.7865474949285534,15.423059182602127,6,179.51663082657063,0
48.7816480345993,2,19.95497868718957,77.07910415233108,312.2424485834952,116.65370235457245,2.172169133037847,64.49655491930358,84.07403093530807,7.930329282428541,4.3692248916158265,11.537141211527244,6,184.0992590431058,0
26.633280732686064,2,19.562192932107653,65.05475301835548,285.3030299519153,96.14361847238888,2.6977471149384034,91.85453053239662,74.6870122115181,16.422167267341305,3.9440931501679355,32.53401236212778,6,180.81150177051612,0
59.055702620394435,2,23.139135642337624,76.87917348788567,289.82465643689375,82.76069319347896,3.4089340272433812,72.97189317781967,72.50253077420845,10.905701611613038,4.107584393059192,10.73511927840478,6,185.58185713414665,0
20.0,1,20.80813374043204,84.48125907582184,231.06091532254797,76.23459245257936,8.836609774211228,86.88580292910119,46.97961615474585,21.60877279209432,4.324431203910813,22.533913430298863,6,211.09185049590772,0
59.96290021328872,1,21.0065638238796,77.6155667083659,240.26630795501774,105.46984583022794,12.433037601976524,69.7205267472436,64.49166384863979,35.81894846469366,4.526949616560424,43.131694731956216,6,210.42526170068075,0
48.14370051079914,2,20.285474054211164,69.52829917973408,285.87515259027634,86.75664590159107,4.1921746517253435,34.63202624617252,103.91779113955162,21.258254054645487,4.440540053247099,23.10457290969249,6,153.18174022197707,0
43.1962871742584,2,20.284322969282442,69.76357278662469,171.85199814076742,115.7446691426749,8.95806061116766,36.33790339205621,77.75482802021149,28.02559333184695,4.614088172982219,18.062780313143694,6,162.97400485610922,0
47.677384178393694,2,23.923250665545268,74.03414069485713,160.73342823212096,118.85565327626121,6.962498027954462,199.41833447801775,53.24472624620514,37.67844005326997,4.300008176553795,32.89152896615793,6,285.8446455085907,0
30.830431141799085,2,22.30955708508524,74.33178093317288,291.14323134813645,113.21715725551334,7.970159419232153,40.13042249506229,80.51294328046001,21.546822530089624,4.083501584529077,25.248369441913876,6,195.66190138444347,0
20.0,1,23.70515320074063,85.76738073111181,229.25004259193923,84.04212465100777,10.403880403104779,94.35815603959466,35.48451091002362,27.02640313662834,4.4762191448180575,24.919827749827153,6,252.52869301681284,0
42.932656918522355,2,20.01824481977814,70.3083577787654,149.28403792467222,96.57801518092144,12.374153303643117,81.46147187340004,53.24979008312817,16.685742970193193,4.057744077454821,7.302459749707778,6,177.3594692052142,0
42.335567056760574,1,21.24158417437783,84.75902755336155,247.27908374488675,101.75721687965448,11.53630116263683,88.3237651746271,65.06827398168278,25.400879680358383,4.30319819249709,26.803670711352012,6,226.66080424517165,0
45.30768261725792,2,23.37600959109712,76.37371967395073,311.226399942005,103.03091726517468,2.1991744928396337,62.87444778667912,65.11995780087534,8.21277144160854,4.0329773624503105,11.193502007800584,6,195.21582105241225,0
61.05332784088476,1,23.22649740494814,80.19373843026747,218.15829068849732,102.48737552445756,7.972104662059742,165.44802178385862,46.787406154668034,41.82115097450464,4.289208572773584,133.59123224080798,6,265.3228925585273,0
46.63202371755227,1,22.950035025014394,89.44217980572884,148.65113080833092,144.41244457271472,4.308158588681405,51.075141788928946,88.58606518250102,18.090160837217123,4.6766054030419815,34.12826182032315,6,183.0006148044526,0
20.0,2,22.926417112571322,78.48992000921506,239.88573980945932,66.24438470156905,5.9618365477871,125.42742168338452,41.544502382724765,47.60668343972939,4.28644543403401,35.63141949369555,6,219.81923693123744,0
44.49702067884485,2,24.10528057868776,84.53005586137712,270.7633490461707,119.82189486507266,14.054798208898392,91.14975829152712,42.71303441331346,37.10134544716982,4.10535044587591,19.198522718961424,6,218.60945377980647,1
65.01599116497161,2,22.589837429662925,80.24314514343746,283.87905887422403,112.02948971294593,11.04844138329798,105.81963861553797,56.22674624921685,10.541142591674602,4.10597464241988,18.39242093338163,6,215.09727175929228,1
51.245313497086016,2,23.10342670266503,74.45997215011485,272.8717014865615,141.99255640891656,21.337330888055806,198.76936855289927,46.3843175739511,32.725985468957845,4.6290631046392905,60.001668961735355,6,297.1999843701237,1
54.51527730835638,2,19.486638511724642,72.92061123607175,303.6249939485325,107.22698507239711,11.24784727356246,48.548321593911005,66.71030931425967,5.235395436907874,3.8418062108172526,14.164041324200861,6,184.3600214745936,0
80.0,1,23.494888159946875,81.44642915706959,217.61501232710881,103.78892403732104,11.022417702953215,120.58565071912747,45.681181336544,30.60941393956531,4.102071225719088,44.42199250949077,6,250.23517651065043,1
57.12280202771854,2,22.668048737844213,74.42615427339426,216.780733353974,131.17586337734502,10.577949884207307,59.35361044996827,89.18044866866659,23.689874542440908,4.100389954556614,29.427816052140514,6,216.49978724308522,0
40.35931370047654,2,23.369554929398916,79.41146539441088,302.32293231923876,100.04775500230562,5.106534565989765,69.8296035876839,63.75268078306851,12.352735226026331,4.222401045987045,7.36125172819029,6,192.30221694755733,0
37.95446132938211,1,21.022512646071092,83.64109054838404,171.59848671211287,87.57560083073676,10.541691613197894,158.74057708309311,49.26562229960983,12.307960730763961,4.021567123711755,11.329796429187995,6,263.1049731318127,0
20.0,1,23.34671009554883,89.96365953908156,247.74633215608964,86.60195394446943,9.51609688532013,37.59197779242389,58.08636642854189,9.261366581867232,4.225140514115416,10.482055442057652,6,199.34495689248723,0
36.50324114057253,2,22.607459576002096,73.85478349852552,194.01472445117338,82.10501407341238,1.5,40.69851718072143,101.89310084788778,12.741597784214145,3.763020377739167,7.016999166706591,6,154.13305251592845,0
30.906474122790375,2,23.18718909498292,76.87305874774222,231.64646202389704,90.95386321916955,2.897367069106988,49.10958727139008,88.14387445628552,13.442279564711445,4.449968714569971,15.369878141714855,6,182.98486605074146,0
41.626724305865764,1,22.076990634879387,84.674675485025,233.04412933099738,76.24584219405183,8.080120206198966,74.36868252455385,38.465294885397675,15.405938801251514,4.241643758782154,25.73646766946705,6,223.10180056541114,0
39.27713828470826,2,21.25476551787974,76.60295763072969,150.68877687766954,102.2676310877287,6.474748664348018,96.0875202651914,57.390899825353415,14.376909900632954,4.513959797773578,21.061112383942284,6,203.57389900191774,0
80.0,1,24.9,84.2342444865377,294.95686159093515,115.16140257248794,4.973773916531163,137.25312192918827,45.523882176641685,19.42144473902046,4.32657933425341,12.570720131324288,6,228.38973042725078,0
61.33396177895353,2,24.9,80.01617546268417,222.50475842991295,100.99612375868101,5.465617704178488,187.9901912929314,60.49594305230363,20.615593145534405,3.953967454246505,31.19838360438577,6,274.19928453946784,0
36.7314352507276,1,23.05270412892754,86.64123218097549,111.63672656228621,121.50359349007203,9.532860003836452,189.82665103923506,37.68599305351969,26.424894836888672,4.144833133817435,19.94186256665649,6,272.1877218933127,1
52.84961915511782,2,21.90836433588188,71.33440116232651,274.2703288380302,131.49252194189646,10.405021464052286,124.65769498054942,40.05598391926189,13.819920275880042,3.938635161267737,18.758973306740668,6,239.66824224851857,1
36.752089732030136,2,22.344588151025178,72.70445398545552,221.55261430657853,104.16292387293574,12.660451211203796,233.26086946909837,56.57640603672181,47.73862806182315,4.225188527234067,65.82971608818964,6,282.9447906200815,1
34.89271417213524,2,23.684105992974914,75.0528117773827,229.06637847588405,126.79908974721114,13.653789291213526,97.46920915818818,34.62319908016152,8.975412729164862,3.8795810296831763,20.001850070482213,6,238.79341770777071,1
46.50859481589539,1,23.187917160229325,87.49089535391713,294.65190111246784,109.41435661764935,8.538767592556926,42.121316290503735,52.066696782889096,10.400918644699676,4.127527005277162,13.58437644650968,6,214.6331701385989,0
46.94751683089454,1,24.07773626947389,88.83588853289663,243.84375667307023,58.34967575083796,6.824593176073307,60.21996721836395,56.351436036886795,12.891554428656377,3.980699535469414,12.667104697315544,6,215.80174455812622,0
46.88972209529928,1,22.048402763331225,76.43117660999188,179.22762967503138,141.05655183053716,40.131389812100565,120.6438384340774,45.095475973205914,9.16074204008461,4.295455862233075,14.139154127308299,6,342.34781401325074,1
30.29582910061189,2,18.815912403757675,63.398833653108,147.5307819368404,82.84229533196398,2.2409849952283927,27.717368383307715,77.08979951149449,8.752042025505705,4.105218158197322,19.158829237683452,6,128.56454672967777,0
26.413966797149474,1,20.28774764692797,76.00547988626838,169.46861372458596,77.6848394749622,3.9262730445615626,27.12205053317447,75.45119494560575,17.489218281758564,3.803730714911776,28.812627736373177,6,169.73983451230583,0
47.541070024479694,2,19.183936226214154,62.0396909846774,320.1036047623289,87.23921274172532,3.4150048324526363,39.83371417850721,101.00223045986576,10.245695455729951,3.7073763797706674,5.090662970443508,6,105.6719836090662,0
55.73036684835542,1,23.688351006718975,88.0630626515793,258.58628625092666,161.41073323890114,24.636170635723772,144.8052771429812,46.826431290609754,12.25426161386961,4.285174971066293,25.184124207189548,6,310.4171355850385,1
53.92396265925211,2,24.9,73.04431610011093,361.2669868266337,168.2511357893923,46.218072486926296,165.27437212795618,56.22291448718922,29.655754269507305,4.315614823567259,33.22479945995389,6,372.76986940750425,1
50.38273875401614,1,23.856677206393265,83.64327584913224,354.6283004556783,136.73859923589626,44.75157804733029,210.23349135433855,32.80806798591059,29.114178202516932,4.007115639240409,10.3465402887205,6,400.0,1
68.43884397337087,1,22.36768164766551,87.58712705266116,215.49666202989104,134.32404981974082,3.8082681229910023,90.74271136181672,52.16202514324879,29.99004317507619,4.197558786391036,25.339160723743426,6,227.21870019396317,0
42.925877894883804,2,21.565514493846216,77.94470056740961,194.06543544346485,121.90629343161801,11.578162746236067,81.26036850780784,41.102489897454646,37.56982609404977,4.539520087239778,15.086072827375117,6,218.0704183956557,1
60.97855247019823,1,21.74966244686251,87.58949686103304,199.48080450180393,87.35740911472116,1.939148357694167,21.304145817295257,118.45680069045989,8.40749803990509,4.31784833606764,16.6287157849468,6,180.4040920573174,0
45.24792087503482,1,22.775132033005665,84.27740213886523,89.82103762201217,89.0117962595102,4.103053178178507,41.11204188592923,82.58796692380801,20.027004054043474,4.0186554501406935,32.52796601040479,6,206.1990147242554,0
41.9319210030252,2,22.235537415020712,75.69091910349248,277.3003006804713,113.21483950703163,3.996534231298296,73.16871561323379,63.063186149897525,9.129008095964675,4.091158678774669,19.24468572484049,6,179.31395953435924,0
69.2137204086522,1,22.720084549897273,81.63204603347388,202.90792776458866,122.10410024526475,5.984226689993937,220.25429892556053,39.96767732690397,17.503665306052195,3.9689438398426744,18.17056813802724,6,266.8323533172434,0
23.580196841455475,1,24.0694666080857,86.48264783681897,278.19326312950494,79.12329808281866,7.70137236698679,53.00871160873479,56.83227932316201,9.758625147607725,4.06181441486267,6.58593638079442,6,220.35615971086668,0
57.46725800297869,2,23.342806918374873,78.78889779574439,300.5452329101609,97.46540192679203,1.5408257034110877,48.79962883551987,85.66803976934588,7.14562373143121,3.730760807309526,16.24461767258091,6,153.6592405781986,0
43.353737747282054,1,21.407253424293216,73.74734238375882,263.511792131864,86.4648883110451,3.346633620333274,119.76267406594461,52.08730413066468,23.258528479740054,4.486317025484922,18.118455708568604,6,194.95014123744815,0
38.04575650798103,2,21.011465951149976,67.34414571664664,174.32660208577255,81.64451772501083,1.5,20.0,106.90775779720087,5.0,3.678452795269839,5.134671000264903,6,155.14531344726686,0
59.3567404361026,2,19.856468663205714,65.83140650871987,252.97491760881667,86.39852327169186,2.6938983041823077,37.40486733684033,75.73630591949396,10.637697996754788,4.035273342528744,12.606399386840472,6,138.00385608795833,0
54.12825137224649,2,21.85837553827493,71.24038421468784,269.77908557656855,111.58047809234458,2.7629275453474356,62.151521844668935,86.59930575011661,12.73663135010089,4.253288539819349,8.852314186391595,6,186.23909880077403,0
80.0,2,21.977764686794004,70.90222488625473,291.21245963299833,143.14200289192902,8.619325336131936,44.659870609237466,72.44902180045385,8.639581075656242,4.138721497441608,38.07730762774489,6,175.04637287676303,0
80.0,2,22.66821985983118,80.60005123018014,215.38771178982194,107.72254184273751,5.432512375794002,124.15413230527855,47.32202311341136,12.794778308726713,3.6446622820076193,8.267634431354072,6,222.15566616660698,0
46.25936704089148,1,21.79813349683614,70.94639311611176,233.9352047433562,97.85225153836345,12.201941271098525,190.2265858522092,37.85486067576065,33.903477721918094,4.259864348888768,34.70656326986896,6,240.85981704767863,1
42.847321219203515,2,20.980852641492486,71.56508228267654,339.27669450377914,138.7767123887074,3.7474311783088208,48.62635498966692,60.67118957851261,6.153492513112823,3.953376247012971,5.677231730407129,6,156.36616439980585,0
20.0,2,22.145654737423538,67.44982801180181,301.6493357236142,121.88560240589433,7.712132269317647,65.8618966848143,64.10482221871732,18.381363576454593,4.587112960080929,34.07903807732385,6,178.5217028332224,0
40.53511859036344,1,21.041270828821844,76.3446521850664,171.67284505349647,82.25963566887756,6.163193437319755,58.962440965396645,51.148900481695826,12.574516019052881,3.805807682933406,6.033852646670225,6,183.13014297799336,0
75.29872038163978,2,23.14225343043287,82.41495759248242,206.49305619943803,137.24010852173683,9.457986377653343,108.89973422548624,68.24940711174555,22.513573589831594,4.1853154712304095,14.116658563491901,6,233.16929340094802,1
33.22851137178304,1,22.88181923953468,78.50303442219642,207.80270574933633,140.42518109279993,5.459269121722793,144.8480615346042,61.733175642595235,19.133356874678377,4.710326158891799,27.867004568727854,6,206.99870423793755,0
53.73067710199641,1,21.786519037675628,76.38290983465433,237.6962796265434,150.74436869544908,18.410139872467933,109.7350000855878,52.721397481656425,30.220166165592683,4.3192858324190295,80.37915195655549,6,261.0109397018382,1
54.8434845491065,2,22.261637229014454,73.71970167503837,260.7251516046675,90.896982396753,4.79704770729837,87.02092013274348,51.872261341554825,9.38339533632859,4.231650040826873,7.935429650546192,6,209.46027049009535,0
32.97866592657354,2,22.826351214874766,73.81720076518855,191.1620031646138,82.2424953850274,3.4597572507892487,24.38428461592753,97.3177568437612,16.248115681713333,4.448877090509153,22.133693885456687,6,177.73524236428736,0
40.71925801054841,2,23.00776534589555,75.29714268520492,281.9943782282588,106.38542895971351,9.954429194610343,126.49005521603111,46.28023292165049,33.602456946829534,4.503871183679941,21.16208610315856,6,217.6635929062392,1
67.2917167631768,2,20.910947729835904,69.75113107592382,242.40027072458633,106.62314063144456,9.926995115178162,142.42683678313207,53.37065731877737,10.507116323474525,3.895449617415286,17.541823576906562,6,244.31763431351524,1
51.376935461983535,1,21.204650156538904,85.73726202324377,232.76207143517485,134.5414046760544,8.972862716191015,148.63915668974445,51.89397520515406,32.47864988738246,4.014408419003036,47.467442647325186,6,241.67797837631088,1
31.051698996166248,2,19.02119431105112,73.99033654912665,299.9413042233545,71.69280888864432,1.6835395439255372,23.11253723953461,105.16153112863499,5.0,3.8724719045333007,11.87592459462209,6,145.36322377733413,0
43.68128738338933,1,23.602417839930084,84.978123227696,319.86095846635396,88.73117754555444,12.940212828588093,98.09926912199471,64.17966748178657,14.685075540469336,4.2735692378587204,26.27521622211543,6,241.2690602266722,0
68.0064961343299,1,24.9,90.29499116648888,221.57189566669882,137.12792034588185,10.506055468426261,96.61704914053682,52.20722936587768,27.027841185950322,3.9874074982697687,39.04115886766199,6,242.63405855039693,1
60.960333822247904,2,22.014196269480017,76.89286898608692,221.95653448060574,95.10004127853182,8.112040730873,66.81723425298954,66.08000244224294,9.570134125229957,4.028911762378943,17.271737374805426,6,181.833413924469,0
27.23309487617979,2,18.5,66.94277425951393,158.87345547956477,75.51676330337075,2.214770172669216,45.26952980500995,84.91327123772783,17.183008711034024,4.217494623375382,13.657215620189048,6,145.97677966028434,0
30.965792849588283,2,22.63598895055073,74.39684914687878,258.89029830411965,87.60801196913663,8.697227725998898,27.267339357792547,70.99145436356241,22.305428363337807,4.0621756854501,30.10374950106626,6,171.41765910807038,0
66.23794140038311,1,23.643943670015872,87.16503965440297,195.82521790837615,105.63284699836134,1.8882787926926201,135.4326526678219,83.25097226681949,20.513107860035955,4.154783029236942,40.280000139390445,6,230.63916124604117,0
68.68893110622281,1,23.165996085532125,91.30239806539517,125.863024412627,118.77031818997109,6.227520663847207,91.50167715444519,69.31312692571385,23.863835869388993,3.9661262618911124,25.773575877304193,6,222.14345287265738,0
65.48252705406965,2,22.176154097608993,70.53674352030635,274.6604468984968,110.12119127678152,2.351087903120376,37.246156316063285,80.42506087438686,25.165708007865327,4.349801755388095,34.15079273242512,6,155.77588623543724,0
37.2846335022732,1,20.560184637096903,78.85344048317289,162.45500661846003,102.21124343023445,4.918322950540337,54.72361796667745,77.94127564631543,29.407436327731155,4.45990728085396,38.82727158593194,6,169.55722950206172,0
69.62013306086686,2,21.91183813936656,76.36749108515117,238.28593157549517,113.09579288828319,4.379820829902647,106.34185134470918,81.03468538983044,11.456092219113089,3.996600121803796,14.168446513824062,6,205.76065555326514,0
64.24113027829286,2,22.596954102862487,79.71117976058304,128.49665145705038,130.01075788269043,5.161394283173522,42.57834428060149,66.53863730537338,28.80293764096994,3.5766733757661897,40.05965899666597,6,172.15673600866475,0
47.318799400625444,2,22.473722693439484,68.50136311189483,135.36882190592732,74.10135659272302,6.051600202733761,81.71184549010968,72.74903336267587,27.10859625053924,3.7822418945531235,54.20838226198052,6,182.71296942188425,0
45.05368028797044,2,23.436659454782717,77.58785337422975,253.01559799680712,70.85365779964266,4.488552767571044,90.26586001444741,42.705064200986456,10.105086582101523,4.503439431187134,10.521749944890404,6,205.1822102244714,0
30.808493207651857,2,23.515683851289218,72.37159764056472,272.25299080529743,88.51405948644793,6.885873988808848,26.00784594400834,50.79099307529037,7.121441697752657,3.6940144689321586,5.0,6,159.193239943728,0
52.27094268357813,1,22.796006294845547,89.21887249897905,179.99581849970176,88.04879916878272,5.196810748997053,54.672790915461434,73.48457563789565,18.15356804890252,4.12671215635001,25.935458725730093,6,216.22519198354058,0
27.582168312326267,2,20.253135752707657,73.50270760019026,247.2146135807332,115.37485048459976,7.280329854865983,45.499154151111355,55.61068427275656,11.699516966153087,3.773959932235196,6.474912962987331,6,149.4029323502325,0
34.88591203612364,2,20.96240506837055,70.18565387204738,222.21330900579179,98.88484807628757,6.443547464526623,138.72982599723082,42.41197166977214,15.428142719780254,3.984700035911597,21.079842187099135,6,191.6100143076177,0
62.54439105142799,2,22.692656254651542,77.71135000264839,280.51812077367583,131.43174793038105,10.541742405669728,73.94451739742593,101.6100459646626,24.283382143213164,3.9316808807440995,20.968260032708518,6,196.69203634488287,0
36.788278545431154,1,22.434860645524857,84.58057305163511,275.2949566414336,107.01678730578857,7.2561440137586555,80.19664198820678,45.4867663409459,14.258662772548133,4.407847795517607,21.143817108613753,6,220.38084315623382,0
21.587737063761814,2,20.599701821160043,76.0060598464969,146.00705355281258,88.04319057409735,3.5268901296680637,46.497411178676224,80.05172746882668,24.151752129770358,4.2199059767415985,16.04278810799021,6,168.2450693968267,0
20.0,1,24.9,81.05023350548514,255.80307563705964,92.85364499562182,15.658059849829883,92.3308034185185,42.3202926416795,32.83963860438531,4.6416201225055165,37.368257448302906,6,244.5558936324771,0
59.24104184009098,2,19.206701263236646,71.37979466927649,201.8999627876329,90.78506064086693,5.090237246738627,52.863216120802626,80.07617378568293,19.979234146878696,4.10789926586541,20.043689155682063,6,148.89947527636625,0
62.39703969802486,1,22.49592771330514,75.54361024560791,281.9255849636814,138.5876455092636,5.047940556274612,98.79483664853547,51.26155983121526,16.979725759590096,4.146341419910124,19.019693338311512,6,184.85544949081978,0
29.98782844899302,2,22.142084735249725,78.84518437527584,261.7105194853838,107.98531471226956,10.70392339555595,82.7232822056773,58.26792582812791,24.69208035418896,4.613283250915869,27.287723781032376,6,201.09109289835385,0
62.43647341852851,1,23.18179547972305,85.02113842811208,254.67249360035842,134.7476958237644,17.12573529207195,99.64060051805971,58.09985282918017,14.141106506238694,4.463851040286262,15.164942678612853,6,247.40830350817004,1
36.12579633466587,2,21.793724520225194,67.50617820079042,271.1262674258393,116.50664740736556,4.72564952901368,69.32271284084821,67.99803521610353,20.892954374380018,4.940263677905083,7.869448426559896,6,165.2995326956705,0
69.68174019062447,1,21.25592846721968,82.51565871074163,210.292733333287,132.1860812827125,5.456611311960489,70.61740113328182,65.99687302275807,20.34935185105501,4.301094315197385,33.69741078748987,6,187.35235834293823,0
60.20257200663076,1,24.419962105568004,87.26200770964608,282.92217817836774,103.91528764896714,6.927984957271784,120.16819428643203,73.39424442467617,16.712951073725808,4.430627003555834,18.056643089368315,6,233.72465578154882,0
43.20164248879267,1,21.466916500420762,81.97261854699062,213.3831491235307,102.1733411587224,6.260447610426633,50.01902625872321,70.22616639364303,10.838892765248183,3.8799400867005533,8.665564310952101,6,180.30778253776,0
54.35659356327315,2,23.278200244018333,73.13374739820429,249.54562046671361,81.08122917211678,7.250436475096286,99.40944131942241,54.51675559427327,9.248271904056661,3.636305385745169,7.23799644260076,6,205.7403527608594,0
57.033619991109894,2,24.9,84.51183046752398,250.02604148017326,116.19204884975797,7.4545440562225425,55.76047818657945,50.22505511021236,8.86178950186725,4.044685744043227,7.530153850033027,6,204.598726136066,0
41.33362003918906,2,23.102130931978426,72.06766959765403,250.22541305917574,101.47642006304551,9.67694997836204,122.02296625322697,43.15529827905097,18.219611931740864,4.36541029762938,17.955697096722908,6,218.02200152229096,0
71.6338269059965,2,24.558447448588797,70.18398855530714,203.12138610595989,100.30727510844412,2.4214828900730883,75.05139535847147,79.42169006137911,18.525309990778425,4.263317244739161,10.391965488889328,6,182.06139030999617,0
43.5915548556912,1,24.47449481455268,87.16019032196276,155.2916266360374,142.0167068930854,11.216799712084145,243.03280411616126,24.551248365333073,40.38531996563845,4.601909549639838,45.728184285580646,6,307.83188758901525,1
49.040123030789985,2,21.61120445349574,72.83558872015246,220.9899999959985,111.32577910872115,2.6094784867783476,93.48886975910051,101.26676208698106,8.243058216082789,4.119332561656633,10.942013528248562,6,180.4352456274627,0
73.60842688834242,2,24.9,81.51308408856652,266.3691888905451,129.34684611209698,9.265652691199838,124.25367522362116,64.148944253763,32.709120097440525,4.073906040221894,86.84220730857369,6,253.0053674715504,1
38.45255457528093,2,22.05626764186972,71.27885579222932,262.56960009678676,104.069650763585,3.9636594632847384,86.18763145863343,103.99903881797877,13.940363607916382,4.288551735981119,16.81344051393216,6,181.32335860887156,0
80.0,2,22.533274691564973,79.13520115002542,179.86859162763596,106.55392796474956,4.311126041410976,71.87376001740856,76.74926096159078,35.95867575464741,4.559630463642581,59.46872874854802,6,188.05265626513224,0
43.84419338596,1,23.22213523343714,85.98966634213548,359.42885194801636,110.07009734056678,15.2843827749532,170.51572695377527,47.76903818464133,47.67896442903601,4.682943168271016,61.369584118592954,6,269.83654142843017,1
50.36579160364779,2,22.10678888369777,72.04117623177679,231.64047310902393,79.10695805248444,1.5,49.463790956245724,72.6933649510386,6.811495696301325,3.8783393753934585,9.25752804682571,6,177.57377973625472,0
37.54803482400396,2,21.397457220481364,71.66956639587593,294.42551508611587,101.4103881040473,1.5905481632970686,56.0161303505179,75.36780137372664,6.11099308092712,3.8382167936028506,10.691733729172446,6,147.0934945581585,0
70.78398954782168,1,23.500032960584665,87.66391785914125,184.93347229582304,132.31020336367422,9.922041475552557,45.66793176309199,60.86832741559231,31.060410141586292,4.324822929775705,76.0320955545488,6,228.85279894523651,0
76.20021903125937,2,19.881925296986267,67.45372082383355,179.79898140981985,127.7152171317461,4.69442630470909,151.55265180749822,64.04713625344606,58.18601252626443,4.005156695612731,98.77672242429928,6,195.66384172201805,0
57.73185930920443,2,22.493691281259544,78.73647375061223,249.9730734499579,116.50748883640325,1.8600617605046528,67.55009934386688,61.63988443691019,20.33799080950913,4.518715673969977,27.60307731113769,6,183.31986803546462,0
74.71159969606401,1,21.582136698796653,86.64039834316725,226.77996744101858,110.0380759291735,3.4521012065454206,96.79591901334928,92.44515089803876,40.94296918123519,4.6402491806280395,41.56668300285073,6,213.87133779884627,0
46.54341402457151,2,24.331601169204,72.5835809692328,290.4066208016859,105.43206976673049,11.617104687209897,72.49762738318503,65.25900177552128,11.718591335531062,4.032808409799462,16.653784290061697,6,206.81640454360618,0
37.888489244042404,1,24.9,92.47822917805986,237.10466720653585,105.50289243894551,12.551613992218023,320.4189639908574,38.52906550281709,32.59417112261204,4.1835096184051475,27.016224958080123,6,343.6361151225786,1
51.23220633881425,2,23.64993207888507,74.37361956561217,177.41500000519613,100.03366445988603,5.018232231424866,73.74009807322992,63.427058351650295,33.59962176090543,4.215320609953323,47.09559815941668,6,199.4734903404635,0
65.53874547091144,2,20.380355772461908,67.06970290878179,335.9918982526499,121.49445196814345,4.172056253098843,47.953800174742575,88.71218308601463,9.52186051726556,4.107839988191737,19.386325643363087,6,149.3834078533321,0
58.053923187158766,1,20.50541028393475,85.96680902140787,165.02548991966023,99.0675570346721,3.935762731065107,98.98729129990795,65.60860714037285,38.88350508144449,3.671704138120683,33.081863062699846,6,189.2339630451976,0
27.552183215241854,2,18.5,70.5656128921674,90.16332979372882,85.8242585209687,1.5,48.30717815978524,68.9958355262714,5.848450131654978,4.3529229645272745,5.005936221557593,6,141.84413793267083,0
25.896337082940512,1,24.6121912364732,95.12578736452734,298.2229047940924,92.91917612693476,7.534839486578909,147.28396723534757,32.340042679293056,30.828105883259575,4.290676008468217,32.12598324424523,6,272.04385753910367,0
31.121636283176695,1,21.722506096227427,83.60625706668752,308.77948503816583,108.12860868798462,7.434144755967296,64.24232642487067,64.10641768821006,19.446782712642435,3.822463542889861,61.35665042490798,6,198.10463389387488,0
28.928666677123072,1,22.202088002643496,82.94911855812103,387.4890702590749,98.53797039331415,5.118093363992039,143.002243758332,49.386404651178935,14.251380012040961,4.255518414621589,17.29435985995307,6,252.05429806459213,0
53.42917754405886,1,24.9,92.04154801543001,210.42341341270438,110.19054585953101,19.971242434635165,86.45833591692545,52.26509422762401,17.961485909362693,4.525894517720528,16.636293344847516,6,267.8003384081137,0
30.304880029869423,1,22.0649847810807,81.91021937090856,253.90443991217086,84.61761996605114,12.385848931199371,49.42418646020648,59.121342760357834,9.097562803633824,3.909581009669256,9.180559528150326,6,230.36372912794567,0
58.71918217796437,2,24.9,76.3257805533006,171.9344890046406,140.914690191097,2.2483624883088758,110.85052936680077,57.28457871832912,11.656713323029338,3.6417007249866673,13.166896923512331,6,206.47222136776904,0
51.39188776276194,2,22.344825516929415,74.26388644422292,247.87462693707698,117.75628976185511,4.5783036905666075,42.88583439815197,91.65563629317062,18.743507311241444,4.5096762650688165,37.65207886966112,6,166.74391859573302,0
44.79979549383304,1,18.5,74.46837046958342,262.0202712628262,103.23391580709243,6.78568092693967,56.42654413266705,53.137819649389705,26.250414158193188,4.544793775410528,28.095048219408984,6,187.99112058478264,0
70.03466186277109,1,23.99932217255223,85.03129819866676,242.25003835996205,148.7311444421341,22.022937319441795,133.03391935089027,47.56649445038654,31.118182915809836,4.062420173465162,17.328249835452617,6,297.23205373711454,1
59.41097107718515,1,20.69480623654423,80.39757978085595,119.78489297449087,119.86255925282182,2.9624505973705606,66.12469477985351,58.929389093420305,35.78838759496848,4.330071846107349,60.201522332756504,6,172.1215068820445,0
44.07024931469369,2,22.749545019282206,76.2692102601117,330.9012864619171,102.46253678235732,5.5238650702254635,142.84154801120016,46.05998488765046,7.591489073702279,4.127941957782446,13.163004190100336,6,198.60868885013454,0
62.31810169715815,2,22.295600360304856,72.66095247866633,272.09608983830094,92.27282643547532,3.996028740308746,80.59013114396267,67.29611525590104,8.468219044890516,3.6749700739201607,14.646757099520684,6,168.90985048621062,0
65.58011908817652,2,22.684106349811085,68.42732969244636,266.48088204294146,157.251467106397,7.762880746477752,139.5609127499125,66.32116493696466,29.222485118450262,3.8778022862181505,16.551478928027525,6,226.526040327542,1
68.35914248632139,2,22.227018664550506,75.37697112776549,162.97319057122868,119.89330186113706,9.297258985090131,89.02110063828682,55.02179352929955,10.456357242261591,3.956470030596324,13.249163892595485,6,200.51387164370598,1
73.76947872354741,1,22.37157319976228,80.51370298781269,176.80967667495844,126.91803471358055,5.425956992054032,98.80390794161279,62.367777479000054,41.85045459828747,4.331923678036401,75.66794552716325,6,212.14790206840073,0
48.09918518807259,2,19.311723486360243,74.91604306845684,192.3394313108229,79.81502145546638,4.537787706618336,41.81482312704085,89.77481302312599,10.629796796118947,3.630515688433619,16.387348184447127,6,180.64433205280517,0
33.7733346287105,2,18.993468930549223,68.5020916494904,131.85890684975612,83.55518993568612,4.684569448064106,35.2926335388758,84.51199220670827,9.447225671983093,3.862770847028345,5.077635102293386,6,154.29134726996995,0
62.185864884771426,1,22.11737032319815,83.95061509432018,224.64475941045856,129.46042156709183,12.42192307076263,100.05625313886672,56.10413745372281,11.982860572933951,4.19321967028271,37.59373911511398,6,224.18519084203214,1
41.21438776363387,2,22.089147445918925,68.2354670228218,257.6293241513603,94.2252270970529,7.426693830929419,65.49844854251204,90.50970629910651,21.397395381318837,3.553444783982724,54.57314953549991,6,179.88431947066294,0
65.55352995086926,2,23.198146791630222,77.77159312277008,336.0852831704214,127.04927438356934,1.5,44.224604526519926,94.72908625861241,17.9182242662203,4.395182243295521,36.87117338849705,6,155.35175561731296,0
37.13936371391845,1,23.318766376681516,85.05762927816035,278.5160400929066,85.181133213567,6.812441402006588,30.54273728666897,69.84770179691482,10.309489374955445,4.209460925717062,5.0,6,172.47309333078604,0
55.276966149066006,2,24.105377484510786,76.31446285241992,177.63202189547516,114.91523405874949,10.037995296606365,103.40466772582587,58.23510577676609,7.59537248784424,3.8808794523206913,9.390145990308111,6,223.2117601342897,1
31.938807556947246,1,21.22074320836405,88.04515940005115,194.17358073303663,96.03013531091919,3.6273703033674094,83.90787700813974,62.05284625695234,12.856742105251517,4.331452706775442,12.50637743421402,6,196.71352406759007,0
43.5445580079188,1,24.68226002774792,78.15132925645267,313.65821990120253,138.57108705026354,12.54250511637558,89.99242572903519,59.22996114290403,20.63518341539704,4.3871300170454575,18.250480706753518,6,234.82220404845566,1
80.0,1,23.653548589197303,84.68491331431679,152.64396241381075,162.49573539921604,15.279160029537186,310.06645594175654,33.2706583866408,31.410216132576874,4.251495836547366,44.60078618220995,6,337.7833538547474,1
48.347422212090386,2,21.09256281694047,73.67258984148607,344.5617387553327,113.95184019169787,4.092069032237184,57.001535533285974,96.73292334986385,14.085820491396886,4.05541869903267,17.351252679590054,6,164.79016831913717,0
25.406944750120182,2,18.925566050070998,64.65979791857042,165.7672744487269,78.20634322552561,4.45041137645362,22.13684461062448,81.73405378804361,6.440209253315745,4.329977258757292,5.0,6,124.3152909114073,0
61.07782380013706,2,23.33262295084522,79.77250273771868,247.5278396546314,111.16274715970994,3.60353406434132,185.90188697114093,69.98679109377647,17.437235495362447,3.862602865979437,14.568201244407893,6,225.21490965607674,0
40.14654483127879,1,24.40688313468717,86.74297423836542,241.08652266344572,91.82972017673369,13.651326584415575,83.09641383188233,52.81486592540797,18.916829889656693,3.949420457089828,56.4084509823123,6,240.92239570959623,0
51.072600763569184,2,23.897718882154987,81.52846302957639,242.07233605243297,126.49888534098194,4.564551630688086,56.30668717407604,66.80540081665619,53.446887759372736,4.249907654251541,37.738120543854684,6,194.2053138650283,0
40.66735235744545,2,24.66839309100157,84.20728903776191,192.6199973527727,67.19445524503261,4.469464832511488,190.3746170270312,38.310293935790696,10.20695458739014,3.827458131934982,6.409795915874047,6,262.1064825970507,0
44.97064849573207,2,22.125582154272717,69.20325086471526,202.16997062930318,90.6558911683695,7.90370597385611,131.65413724622266,55.29048690223224,25.007698781700327,3.981079720143869,20.803110526979307,6,200.32332776111065,0
32.4154683892034,1,21.59755389779892,74.76862466545866,284.5940862136226,99.25168565952545,5.359941480588722,43.97799056505128,52.543310882882984,6.437350138433153,4.074666098021805,5.30309941138925,6,158.09313982588031,0
55.23196546338768,2,21.316441033639972,77.21782411057306,136.1797689581987,120.96167645472335,5.145853406483394,71.17919143781118,70.32643364202568,35.99220106839839,5.019657755253879,13.757384397277775,6,183.19336525257242,0
35.02028325373529,2,22.116591945697156,69.14849439968802,286.1754623537659,100.7326653526391,12.73336857589485,66.02882136724875,48.54175042949222,6.920375357961068,4.037184620711643,10.620535735329515,6,211.37614189529643,0
37.259937199925346,2,20.850316212034265,74.22217422169842,298.11541884311606,96.89383901429966,9.203631504505672,93.92084018102013,63.483043931898294,7.220462889984882,4.58814144618783,14.049833925234395,6,197.8822665528494,0
49.98278624138277,2,20.627807286901152,70.02621728946016,221.7118439747716,93.98450426850663,18.884096101221242,69.49404641844657,46.56171830061403,32.39718413682914,3.991411583755837,40.15654045301183,6,221.80341240889993,0
38.55585416227994,2,21.902057230469044,74.11356910227767,185.49437051588086,90.02162157905731,3.985172331802147,60.55051944888797,86.85246003153763,12.437945027620776,3.8585298450810903,20.55685860536766,6,171.0070658568936,0
62.56243172172906,2,22.477234625299506,70.8412645191997,80.0,104.17933333507712,12.542170336303345,94.36330116553293,75.5276008668372,13.675664657116513,4.273446900414907,14.140996708651906,6,219.94162619953892,1
36.1938469324789,1,21.28732446466335,88.63402301960605,210.29861255292457,117.40793064711177,8.864066328505183,33.80104725231924,81.12782617481066,17.48995465606142,4.5387086531614695,25.286274310724306,6,207.13908341262874,0
33.22879042744136,1,22.68173142437263,83.93657079217184,235.38647083341402,91.43845256779606,3.8550848720578172,67.7342116603293,49.35728714546314,13.917002915852642,4.300450278645185,8.080800828903273,6,216.64896217236688,0
32.442477928188936,2,23.6592356457212,81.49222767626927,333.15120186425577,89.56253309864432,2.859107343170698,68.88522076508279,88.69564799707784,22.99162542744342,4.462946347299119,30.332171308374267,6,183.55949090148158,0
69.3112350626705,1,22.208476948430796,82.01591878272626,83.71732085785251,93.72928117472796,5.714525716585591,102.29771894106815,66.18864965550635,59.98524055776557,4.406839539417227,52.9623289364612,6,191.91427099091504,0
47.857465988172116,2,21.1071351460898,76.2949432882647,202.0502092478074,82.34338725106842,10.66778027554088,171.39077625634994,43.51880653391888,18.46017141903778,3.7570390356405676,22.10442382901977,6,251.56790686906848,0
34.150910236935914,1,24.673252679552412,86.55097619856522,210.5863471884588,88.05753616618976,7.37065654653655,58.00427560569859,53.98735336922825,32.0676043740337,4.432487457900992,17.129853967413833,6,209.6385730010687,0
29.83437421668458,2,24.9,76.390332407186,231.20086401325884,112.56159015545038,13.40711592929822,82.02082600398316,47.616154472920016,33.38427327985745,4.169567818434427,37.91762339598979,6,236.44456664877274,0
40.23306595317902,1,23.122958409536174,83.53534599184391,280.0153033952628,76.44672313542951,5.8774372135985065,268.2499677332012,40.77882199358584,27.577319695647265,4.347007551983045,12.886355081202531,6,303.7479483032717,0
28.188565124492136,2,24.451607034183446,88.41275924580606,285.2273113554081,77.12459966946055,7.325648806464036,280.6040756629572,48.594291001173794,40.24500528495687,4.393244033090824,50.04300879627235,6,320.2226398870996,0
72.09570094798396,2,24.9,82.56460935340196,151.5257882515241,145.61613245623286,8.763381012240115,150.78102885693403,51.270280382253155,21.14585768783743,4.004099340036788,49.04351528220176,6,258.16634140158703,1
64.3784858210891,2,20.31377807900109,73.93993156440101,157.00750855317534,96.65507318635399,5.783576409922295,104.21518667688021,67.40427934496873,20.103692210959117,4.140284114193539,20.619903868073,6,215.4344950469385,0
39.239123953258584,1,22.95605695459635,85.55416785748197,295.6811650741475,104.87132328189745,3.8391308438098095,36.58167791751978,65.55083383645908,23.905747464654347,4.186716620947074,21.168029712672304,6,174.3284868982304,0
46.822378659820586,2,22.993273595053147,74.68461219245648,157.37362930341925,139.72299772096846,26.237888364039144,119.99667542824422,45.168427383566176,15.012646464075008,4.175298467664408,22.061776634512782,6,281.869258635135,1
80.0,1,22.589744911274835,86.2309953955012,230.30074690771556,132.05245946890435,3.9008215304843246,162.21231532087367,74.95970574239257,39.69543876622536,4.195683130370271,77.14434786038063,6,239.0273177885082,0
50.197370875799805,2,20.942441642882745,68.09852738481037,284.868753722424,100.44014338347289,5.284547996966883,89.88779966839569,74.3604911321853,25.762904308799683,3.6806020979643344,21.887592210131928,6,182.55655093968122,0
43.95410950505576,2,22.087525195796204,81.8151877655669,245.44566229283606,84.62346243816623,4.871014072484672,57.33297252689237,74.439077774805,8.803987734688096,4.028223593076209,7.607976470501261,6,196.15644854179843,0
23.48795201833286,2,21.73765815937548,80.10416125922339,261.04759252584716,75.89996253350783,3.3960644114575165,68.04872293791134,73.07324789974173,11.567457929819437,4.530216580617517,9.637062965788918,6,171.70667505034876,0
35.038423749896616,2,24.623596336563075,76.97276101331178,325.4768991061559,105.49022942339707,5.074127658028156,79.19209585898795,46.59274111143925,14.047424178787999,4.5396627362626365,6.6504081084176025,6,183.285116973681,0
22.428670477526005,1,24.1464817475286,81.01683055299591,89.32431517905687,82.93128856367822,5.9163797431021985,59.31097343507391,60.702605650218345,47.36934372136104,4.438263120756375,82.36719322759872,6,214.1995825035217,0
35.505126598647394,1,24.9,90.03163317531852,208.38266709539104,145.38949093303106,8.994234423320286,196.02029620382132,51.974393937746484,24.473050710740946,4.350964882321766,56.59846577146106,6,286.8704034310033,1
71.13934378942848,2,21.739440575159477,69.1234296088383,145.62649987455916,121.32123060430197,12.00149701019521,70.08193484277295,60.154689818495534,25.757824300876464,4.301832041094948,29.42225957244318,6,220.04867094134477,0
80.0,1,24.9,91.75317538812554,156.92435139330433,113.9598840160308,10.21289718314098,54.26788883939553,71.67681464852724,16.225444293421592,3.8463416555223193,14.688981087162666,6,225.24865157237792,0
41.434116202725235,1,22.52391663109957,85.60080777310247,294.7855188844776,126.19382456818961,7.611140121418793,207.4529444305532,51.18853988885029,21.818281875291394,4.176040963843132,28.32223819504767,6,271.9024328390194,0
70.76357645454735,1,21.398727301172684,86.0557020868568,142.87646574998544,160.51799933348562,5.850215775950953,65.43525283810939,60.69257827371901,31.222574519131875,4.305881079919988,22.063656861315824,6,189.9210357298151,0
59.80168016898764,2,23.119299061017916,75.20819945761428,287.8712649377189,125.37365415791822,3.253582734114968,102.13693854260563,56.69005279779932,14.418152251315169,4.100568279566724,37.784593877273295,6,182.16496217904432,0
59.36364505347994,1,23.098979099492883,87.1870936091279,237.2967335373034,131.38856242277382,6.902419500860263,51.88163406066373,56.16057210831181,27.449389667575403,4.451852590087383,31.2766356082572,6,204.58939873871458,0
65.93728132612733,1,21.514660193196157,78.11103664766453,188.6667513712406,80.56043596227549,3.6589352060484726,63.13870350233855,98.28864171296046,13.517508715397964,3.860361537542538,20.378581360834108,6,170.2787857951756,0
30.397102525190746,1,24.9,90.39223408981213,292.8994723468827,124.16444473484451,10.173073140718754,106.0611008694152,58.69614307021071,24.82207046687282,4.127948478802286,45.33360059824448,6,256.2217197405567,1
44.22531905491462,2,21.988624312711522,74.64172927528672,236.0476788491848,67.93755444796173,1.5,66.84222006848837,71.22859369075046,17.2165861435091,4.42380965621742,9.529516679215122,6,172.42113877252498,0
38.64446277939508,2,22.882810965372855,74.07626242658895,211.09421880765225,91.6721624682434,16.48738188417768,120.35530421460457,44.294897540104614,30.87337503272606,3.98295405433917,49.85041811438152,6,272.875211368363,1
79.18663480466478,1,24.9,88.60216322344121,290.281595424664,120.00017399409532,18.294497640555534,102.84760094029436,44.3279224233075,13.433515448747796,4.042677000762285,14.071349940686705,6,278.9464916822752,1
54.20278463144586,1,21.593609976749924,88.4362861780938,300.9553064159427,90.33963505058172,4.053657913546289,189.16673557579588,49.884283371847026,13.689747644304282,4.010129193126358,14.708488701638384,6,258.0341835163488,0
73.27786750945907,1,22.938912907638677,91.88034020749038,184.0577853564113,102.68859943408508,7.655791251961259,69.88492499091271,48.35573530442082,48.265347875695625,4.362710745769278,24.773721855736383,6,214.84650417790527,0
38.18653997287588,2,22.185766326708702,72.51537398844701,309.5019620390673,98.65000086963585,2.4280592938363297,132.91589254402254,62.35440078316725,7.855766916675587,4.650235564143593,13.511337512786085,6,190.3958311519617,0
55.471487927229184,2,20.414542238639022,74.03231110588668,210.35455518088668,112.78102531064076,7.00513415526565,133.01546957093922,50.35541938732257,19.63888426042781,3.848581909391476,11.119102697079116,6,203.85244299504598,0
80.0,1,23.39328851999467,83.74506381544381,188.54149989122533,106.85373098447103,22.290376270451247,178.70467936103628,68.8897451753525,64.57683179229092,3.762907494091405,121.12061882700493,6,307.2458734794912,1
65.28894799676581,2,24.887072518866898,79.74721342613388,216.44177286414967,119.26047886846854,7.202121545619779,62.885665126287265,61.03886702354343,17.281496564364424,4.270461945560982,16.19395071607647,6,215.3157295336727,0
29.078418685060498,1,23.307262216530205,76.5760801553484,305.0446803439125,82.39838033517248,6.613183967032131,64.59967215195994,65.08698207854165,13.805422112812371,4.276896238725091,9.100076721175974,6,199.2712679482361,0
50.82887157514707,2,21.493152336415964,70.81259034685891,201.24477300987414,82.84568163422941,5.738432133563848,117.18149822273097,52.803489155866,20.773643538583997,4.397989271679481,11.326815218715566,6,201.50660710456762,0
46.255273259366085,1,21.014078361393494,80.04348478382094,342.0847866157734,100.83649687723813,18.896380913707965,128.66368955954906,53.001665942297,44.328178924252114,4.4269518326899915,86.04305644510947,6,247.1223902401217,1
72.95831937770244,1,22.632129698516355,87.90355984060481,303.9612909202589,145.94158013257874,6.329867500136379,91.2430627869429,63.16228068889626,24.373948740260044,3.992607095945913,41.4588336863368,6,230.66049502291702,0
58.18695845119999,2,21.774214265369825,74.03473358028948,237.73601387558494,69.84064800124499,2.092314588885588,81.81400654682334,85.25871815396027,9.705033813795975,3.7035118732849415,12.903417572242859,6,169.12639530471964,0
32.10048652234371,1,22.449479438161603,80.97733631067656,228.2120964527625,100.01843447595982,7.979657540236817,106.14022470558308,38.55497732317581,32.81741977388936,4.528032469036473,38.51841436802647,6,200.7439250203845,0
40.04906298678274,2,22.509515760190098,76.8698061169751,336.0882722840453,106.43039589670563,5.564495539240037,125.34234884437706,48.95965161447137,6.845757257668771,3.9504084804937607,8.100383377849841,6,225.60970446872122,0
44.42849184285053,2,24.32049822937919,83.72590840767347,261.2038277476557,82.20533362496039,6.595644939948853,113.91225786797673,82.30756652898422,19.2515625839462,4.442474848942048,15.229444344651961,6,222.73086287708182,0
43.58982552695829,1,23.45619827851331,85.45207287947233,190.88829341107936,100.60675886267305,13.009519722898723,74.0378435586731,58.61181559002465,42.30405376400295,4.374705416692295,30.714012739622827,6,213.30504769298722,0
41.09698976679623,1,22.40904686776973,83.05134319492285,318.06646473303533,92.35230471634664,6.946484362013964,61.11992366607902,55.01371271042656,18.48112073362035,4.405593908646898,27.128368316317605,6,212.15420371978072,0
32.603268406044506,1,24.696189525376752,76.97556975718601,280.59876705421914,98.90275318542623,7.508693286607955,61.01764307035136,90.16670182376197,24.30064946784004,4.001370942429088,13.403154268208045,6,193.72270098134257,0
60.97777665154146,2,23.33886554925231,79.19296451600017,165.1683575337781,145.0426553573106,6.9573270713116555,66.50360908249593,68.50429235619127,15.973260213580486,4.090253828410444,13.584451982557198,6,197.09012385624675,0
20.0,1,23.34787382475258,75.59023467294546,260.2612081047074,106.76933516047256,7.208477879451381,24.055844403381364,77.03210490368825,8.92577643105056,3.847332033892033,5.0,6,178.0553051763585,0
45.55672976581052,1,24.22351907139242,88.16056567051085,174.57977493423653,119.65295939754503,5.960551957129862,149.64801835519583,32.804165706002024,70.07550557895652,4.13677233244326,56.80504616608862,6,256.4789514892216,0
28.218136092989308,2,22.97009095618432,77.82324190658359,253.1785013227979,94.82600683982785,6.380222473984078,63.92515388960466,60.291336672819725,18.55973890018638,4.124574228422101,49.1983996957179,6,177.13034956130682,0
62.181404403062274,2,21.208129387410438,74.11072228783702,215.50479587743487,108.63751129779311,5.539198673327485,90.69038928041506,59.230474074254865,14.84882563521641,3.865612498053901,14.054201349514502,6,185.48216979363815,0
26.63716789023438,2,22.559190119404875,77.64103972570615,248.666708546498,96.77786061607199,7.6514781658382365,75.52016040542703,81.55966742692479,31.128098231747412,4.551274387969971,62.042202347431335,6,209.00201740774764,0
32.53659663161628,1,24.9,95.32123499488262,325.50241324306313,88.0687019855229,5.088412471499648,145.2227957329339,32.613015761109914,11.31421547567934,4.2795603273838845,19.243206873007072,6,226.23735658761933,0
44.46569441675915,2,22.48175431551641,71.0897403149276,239.98465655417982,117.92161445039108,4.018644613693126,124.93736635910814,72.59693632952958,12.053338276093474,4.422373765143562,29.96525140565196,6,189.5186825884978,0
45.86950477967599,1,24.19475479455469,88.34196273017346,300.95520966033894,106.13898020462402,5.390824209885203,110.96486517314217,48.69677617511018,62.018493526875886,4.652854017875352,48.71845617162571,6,216.51070793368746,0
77.7128211487224,1,23.790452785211226,86.92328092662588,190.083051437485,87.41278588769319,3.8842316564512887,55.219356161214655,83.60644714471637,16.61967047733729,3.783858593014556,32.031685832652585,6,199.00984904966947,0
40.87829181151553,2,18.5,67.86565085515639,256.30323340837856,88.92163259791513,10.628752713987778,112.26981031374036,47.320615477958825,18.67126967576924,4.399283422935514,12.810875236711514,6,197.40906556230559,0
52.73680197527022,2,21.033692732280848,76.58645670766889,222.9559557260698,125.27183632081118,5.191768167805449,26.471498538832705,99.40360894840904,29.920062946715692,4.376094252372411,44.72808421126509,6,160.67629691641423,0
48.34495427098861,1,24.040310256877863,90.26396218762831,190.81708708462398,99.12807019732948,1.5665346245000638,108.03593097424583,53.409619341378765,22.051495503581545,3.623884905467896,42.5245620824105,6,206.34021310079012,0
39.94366109323727,1,23.265929278969274,81.99079022849712,240.3889241323993,112.87161411671097,8.599888196182865,110.36015099027578,51.424857712304245,37.3926063174228,4.12845295076346,26.325188977935323,6,215.52341145314034,0
71.54013409226134,1,21.427292478488873,84.33400782163375,184.7185754451737,122.1812324188562,8.478389418419608,173.9703188880475,60.155902309189464,27.88595750374111,4.677336575355098,15.124720574074788,6,260.06297362709563,1
80.0,1,23.06728701625825,78.48573737967112,175.90391235208108,191.8253845559623,37.4935946290616,272.0565672501837,34.03132199398743,80.229052490204,4.621240520186964,164.7422119524091,6,400.0,1
62.38944318985842,2,22.616877086410444,78.14499713010544,314.3774865781978,88.92092287246706,7.228294884451065,71.69466622251525,61.48762396462139,16.46748366041394,3.859777240445546,14.537133456694194,6,205.77148946780667,0
57.37013332997886,2,21.716907679823006,67.52534027410505,209.10770746198514,81.26091697730466,3.332508854820713,55.40080700307327,54.747068590234306,5.976014868279569,3.879729309315413,10.148746453874795,6,161.1405022657782,0
56.952069518459005,1,22.346857523117745,85.48491060001669,292.71260616431783,86.56222653963317,4.934400403587463,114.03436525972253,49.13935997551252,13.57542284997592,3.680418538398112,19.677838829171513,6,203.89140467455798,0
71.80984843733364,1,21.20618142326027,85.10770055754642,80.0,93.62800287051671,3.3221215702204168,236.3530680075174,66.21637075445624,20.900695072205853,3.831303606410343,37.33019086232176,6,253.23569307939135,0
78.34111567638507,2,23.796344699352495,73.18001795258469,195.49423997630436,150.3416094612976,11.693485205331672,101.40269497329254,52.92206059359778,22.149535421110727,4.1593324761100074,26.46008887612259,6,221.741044470569,1
59.81396334368719,2,20.846796261651928,68.44889513881762,332.78025927521895,87.01205569619563,8.917835097227961,146.43424655275618,88.59315771405875,19.895157091438758,3.864391409570334,25.90569674998903,6,229.6227514640236,0
48.30138876327601,2,22.36693469314029,70.10983913388083,155.9020380895871,86.55294786217046,2.8419998091028402,41.4998863715417,82.23568126241972,23.28943512484315,4.019912052530176,8.30052619607734,6,159.2332081840682,0
65.37509193655345,1,21.701056530932558,77.35594382661216,257.5340231330328,120.89175417460353,19.969851263818214,180.26866095631462,48.83055629744168,28.38474425478114,4.380306155249449,30.90829925931438,6,318.79589071961624,1
48.247077006120406,2,23.03741223607728,78.05201563910897,272.99144260047194,106.04332048338756,7.163049679548574,112.91199547317598,35.72963101351867,15.020224039383697,4.6185086918361495,13.78429485524359,6,210.76307577342956,0
24.15649871470489,1,22.815096914710256,83.85253811262108,177.6339341629026,102.95759420828108,4.060325493938772,79.24336471370795,46.967310003955106,7.214840896512952,4.183357562863042,14.228664083573328,6,183.3971139070325,0
33.361119259525516,2,22.59540861249044,75.81489725128851,155.84740287489024,87.5652893366469,1.5,36.42937273843684,75.0027326120658,14.723219935141305,4.288000227169291,12.077780844171542,6,158.83638511072644,0
54.44229307489926,1,20.49748449826013,82.62076155711297,204.45839695071336,102.39421073475171,4.530923765363079,48.05676806285354,88.69829972111424,27.140364665756156,4.5000247799139625,20.40730220841554,6,168.25248427667952,0
56.099041391562636,1,23.891084507426452,85.28902816410815,327.9859450275362,138.18401726400234,4.215465451534438,79.36681260883996,56.10041641512258,16.59888085906513,4.805516433456489,13.113380279675416,6,182.90572223449618,0
25.667669790244947,1,21.81729641537443,70.40962299405408,260.6338871554982,83.75074489536577,1.5,80.6448479957419,53.311299559647864,19.853391020834458,4.097514422047104,26.099597866781295,6,145.45930091413163,0
36.48458211404866,2,19.595406399410038,67.14651398131309,239.19027581108145,83.38985211069931,3.7996671897313163,55.79443286868436,64.15206991649924,20.71916891351066,4.129123213330741,28.1340298112174,6,178.1217470703702,0
41.76841476160837,2,24.571812856327654,73.17217561837207,241.36963370979257,105.43898888645894,10.653344906558887,83.65589754996843,62.443729534624666,28.88147443000583,4.492269548885159,41.73402069488746,6,217.4591849332858,0
43.175042785357626,1,21.400220285753967,85.23967333574764,233.5753234977486,89.86278456628962,12.363271026494951,122.38227556838353,60.46990177627482,19.455787431824266,3.9493885605496817,43.701781818943566,6,259.7284560915972,1
63.462941820551436,2,24.35381195942759,79.38606620563564,212.499735419329,100.76908054808082,7.050822064481106,134.77177329990195,52.825345970755,10.878002511149301,3.5579867369204177,9.854949606398193,6,245.37278928821485,0
66.72442310217147,2,19.628019754709843,76.50636304597995,256.1392664487919,103.60380239518801,1.88405703234696,82.00760125142924,76.6545430497478,11.623848423932216,3.643292479246187,16.56814001444825,6,179.115870372553,0
71.69197869927815,1,22.00060076210685,83.72787563486759,306.1284351894268,113.34210735638767,7.703831690552338,94.56841638343131,80.65567911464747,20.60545318644265,4.112857234899677,87.12416528977377,6,202.8657315938961,0
52.013261684638884,2,22.70746137837666,80.57023211352616,213.40212651970592,112.93602188024929,1.5832692478411796,58.61724570794804,62.81749072745514,8.644644638594459,3.89759497302695,8.28609169511473,6,185.1060424462638,0
43.07668265091456,2,19.30643435665181,64.04771258313865,260.7726090198358,92.81625421575181,3.191221283141042,46.06406014845951,70.80382364013727,14.21634442819815,4.483280817829504,38.66504067032628,6,122.62978309396556,0
22.288130886607657,2,22.613602145090745,72.16779639006307,277.88750686074474,81.04698421091427,5.045803070033137,79.29854751235527,71.05311661305477,6.925340784808839,4.085765408553939,5.4636514468130235,6,184.94597240503012,0
65.70131567426871,1,24.10954246253268,91.04915984726307,244.60938917663668,128.0304754429946,9.15517616592829,99.93749211409518,56.82539010986577,10.39958776035197,4.041905772914784,22.031947333470928,6,260.13602322532444,1
46.276383674410454,1,24.169987898811122,91.67872130542617,242.82453691087198,96.92962194609649,3.083647195411191,84.79368884025529,50.353433189123145,8.628021053190132,3.802605731080616,14.709475475439103,6,227.76326008320325,0
61.032795707386,2,20.71485990232378,71.35192097690214,159.4029582954137,92.91813235279506,6.662166661073024,154.89431082794982,58.70852907535659,23.53700869487662,4.136946676132088,12.21203096078507,6,213.70761057118898,0
61.96017896646997,2,22.65146202312208,68.48735747733946,210.43654190920648,74.4174325686372,3.5678605946869784,77.13127667225758,70.70365907626335,10.431590842033106,3.5750502414770797,8.046704997094626,6,171.62277674964946,0
80.0,1,21.892287078622555,81.9051119007981,350.0791362018574,133.48927824320288,6.5278633594046225,46.68657336017279,113.35359282822449,14.33893170322031,4.358554780639962,13.8485081088899,6,195.43449623184256,0
49.41455338786353,2,19.227660736562697,69.50864462253806,254.79318735350367,87.65392940063916,6.657582411367041,127.08936650384835,62.38562770441733,18.23435970458813,3.6938355844015494,45.67384808964078,6,194.98794242316652,0
55.0473670976173,1,23.60837707732768,88.89201312111884,229.38413748310012,113.75530621027698,12.031279887460055,97.73179614785889,45.42419313258336,13.684955701408148,4.085100966681274,12.269764178557459,6,238.35193565359853,1
50.456889910434086,1,20.593819192370248,73.76268010189625,180.77909867526716,110.35301525323555,11.122483820970201,59.34692270764784,59.24029414362994,37.560151649077234,4.557788420444882,18.56727435911895,6,193.2122987263539,0
42.29298032047677,1,20.96261584165324,75.18990205071049,254.68339469458232,94.33134426361138,1.5,50.53493695980898,66.27237723726307,10.083170732826533,3.7970768003210695,15.036988537389972,6,160.72584310436986,0
39.78600331722234,2,18.665483221489264,61.686978506546694,316.11295311407764,81.28630434983239,4.179686748187238,36.28958656983836,110.14759965103336,6.3706223409753,3.548736103987997,9.489793845243124,6,135.97135269440554,0
44.284746500862525,2,20.1197045460378,67.78245510730054,294.8519704541029,108.00334563347091,5.290954696473039,38.93705988529668,101.49102907274752,20.366747621369164,3.9300156185236843,27.52531746685025,6,147.1114813453595,0
38.17487977288242,1,18.948041101386146,83.38040671498855,178.6944878699956,94.62725250783537,10.54587692878208,58.102403264348126,49.33582907935613,20.001666866088044,4.483093662124795,9.617941640055076,6,196.09739911708775,0
38.67249419251014,2,21.16491370017354,69.34973962026388,145.03287135959448,102.0511918483072,5.282368954247284,61.73949067546979,66.6460244981684,22.07106777618898,4.291120054416045,14.617323602320546,6,161.82541964220727,0
40.347236760701534,2,21.574807030118542,74.76850853066759,310.98037465798586,107.54587226785576,10.470304847891075,98.44523089352205,59.58793550709632,26.255686995547467,4.005759914265088,29.95551863356305,6,230.80540484934932,1
45.05275327501626,1,21.584158557302334,81.10696479571207,307.81086400767083,82.79762488344555,1.6970425110088994,49.127524797535315,51.36363039844979,18.637733044532077,4.115826768415036,19.568196524302536,6,189.49702383120783,0
52.493181857020524,1,24.650974697563832,81.67393345603062,270.2103082737706,106.5535681589121,6.3944301769425405,79.31882881305577,41.29522411767688,39.415530877562425,4.475576718381044,33.41372794895334,6,216.2915126200046,0
51.11984901803518,2,21.924243670455798,78.16302937737267,192.07570584678615,96.8836441142252,8.265858275262199,125.1412244665792,64.10853598575092,22.368602389363268,4.40051986326455,15.558603517151683,6,235.9858859454267,0
26.551309993047358,2,23.929813796282037,81.40078833676004,185.3713373111206,93.15828433739443,10.398434090220922,62.801054347426174,71.17925084193746,9.001629343280555,3.780795512069042,14.140397325332515,6,223.49554664102743,0
40.15557789689879,2,20.279809269131782,75.34637174157444,238.73916082452507,110.96401288545509,3.4957894379620966,20.0,81.60703593245604,13.37145569807614,4.415208512117965,22.197261308715508,6,174.9939075688725,0
44.956444382639475,2,22.821646514694258,72.99500482497368,210.94053640596368,118.34933540968306,6.189653291241164,192.63131525057858,49.49780152135698,17.290668161243556,3.973097502603335,18.991747852909036,6,237.67929728039795,0
36.55398754178526,2,21.284612093424915,72.11471746742387,276.1760436703587,95.136130854805,8.80511358945239,90.39893499385224,68.00781325579973,8.620766032395244,3.953288706355696,5.0,6,207.02556425112667,0
60.91370910225713,2,22.73297933518674,83.83070996433135,211.03919139438705,112.62994349350629,6.996974636172282,74.38223125867346,80.86223872978205,14.97285454135299,4.010393359685116,16.186490081918183,6,216.24097035640293,0
80.0,1,24.9,84.96921894503232,207.56668721785107,142.77267665907365,7.985164580364312,38.76714402331331,88.34218834136259,13.578090216801916,4.0263205969402405,16.300118400899738,6,209.17479197752866,0
26.554700375806487,1,22.44054665666652,86.65959376378841,199.56201092397183,111.6595076525487,14.646804583174644,104.6854560851654,76.11412046205497,26.42208272652463,4.629314546567615,25.127568766578793,6,239.9504986452728,1
67.31569218323837,1,24.098370481159517,89.9239613699331,137.08833681770304,126.24139719078622,13.112759740559744,88.93932919508873,57.09402070179142,36.30801411184089,4.499113112181701,45.323778038369646,6,242.55304119315392,1
40.679952471624645,2,21.890354247690887,80.25274854416531,202.6932482860508,131.535678252064,2.8282326480842177,95.27892634238091,67.24749587166558,18.918458246294737,4.04308250801696,40.474949224435754,6,221.41622996539792,0
31.118078096837472,2,24.52775379837489,79.94288485953788,307.138432705227,88.7568053727995,5.027006594850714,66.34371965370954,59.65483793926014,16.356017639501,4.1424437065728545,14.434650030070436,6,196.32984812367027,0
62.68151735754148,1,23.549952242102883,82.82574835116772,258.90336757260195,120.28930170504911,6.157453001896674,169.14559252487942,56.25406865568951,37.09161685702442,4.073030067792976,29.569089061404316,6,230.11425734306704,0
49.326322800543835,1,20.977462666559344,85.7993772905061,262.1173883603885,114.06350083090108,6.537878452455624,41.56097708364606,69.78687208841895,19.24532377952417,4.032336818958223,12.390611645188299,6,186.2696885807831,0
52.5989093361192,1,20.156826231085102,76.78103280825897,217.76791119473592,79.35431864102574,10.803262734611799,115.54251467114496,51.11941559969066,30.48997308952243,3.9028137242453895,46.109598387229745,6,217.65567003276473,0
23.341347830618766,1,20.74421363936368,80.5913733867232,266.40853831697535,81.45509730570252,1.8673488722327107,107.31292628788728,84.34203059507014,14.384407210577157,4.367494078285347,21.427756534033875,6,188.29623948823374,0
48.0581445331415,1,22.459978206287698,82.07045605675141,195.80441996126942,97.73962473453942,11.362083152577965,212.3803195680104,40.23468852629887,22.374008390072344,4.025945238607124,30.414987263720842,6,266.730819668076,1
35.86532542613285,1,24.9,91.14175418772228,131.82594162394622,82.33571880437772,15.157850110128368,65.46165171983465,56.37207803456894,31.627487498571448,3.9503134033443397,18.250940392709534,6,265.9325284502652,0
32.75936771016265,2,20.516542934021018,68.6519366849026,295.04572425499225,105.74336232926034,3.649718734720339,38.36741999941249,76.43928362808994,15.300813313876274,4.37112064421561,8.625872601602325,6,153.92217677819414,0
43.3684807824902,2,23.18359925630973,67.89292696463905,204.0688729139768,76.9222319703052,5.643073469800833,80.79785933416397,50.06637257827831,14.184063580564546,3.735138808111187,13.637571529299544,6,182.50940290149387,0
21.505470921667445,1,24.9,102.37062681822182,183.51762668874832,105.3317244669308,24.93229380017518,118.05034767706186,32.831463719251396,31.78029464458519,4.53282846480205,20.138212517412928,6,325.11426967281966,1
78.38361966343666,2,24.9,73.13066765672978,162.4917532419891,103.94537316527939,7.827307331251911,212.46283081076018,47.556682259681715,28.69530501010355,3.845288377649619,21.58445537041406,6,258.97342938039503,0
59.39794856671942,1,23.77554593145011,88.46657215279052,143.1985496722595,119.54737765809458,6.080945058502671,101.37329548248361,49.27253922478395,21.109403875907443,3.814028413704407,26.654503587273023,6,240.84790386840814,0
52.96505989770977,1,22.691224162876363,81.86785651967844,149.99037763590317,92.39969686740483,7.690947980676993,96.04002128550195,38.23759975100108,18.13621034154425,4.19816252297528,12.078127775534726,6,211.3176133189066,0
20.057298967507283,1,24.9,86.25740394355236,210.20745115528007,96.87614408186532,1.6585411012175268,55.19809684942727,74.68550927596092,8.821762347665278,4.528823098435719,10.803552992718657,6,188.8539869126018,0
20.0,1,23.00922276879039,82.33696294524184,143.2626784548064,99.04979835450516,9.064706785590026,87.4104828615071,49.09461220995904,20.883564582768333,4.380257120575473,13.709067835665909,6,216.85292857064033,0
46.61167421861684,2,24.49237410664292,80.55822234432304,161.5233661817863,97.80450809223629,4.720492610254847,72.21788821622386,49.97738233723289,7.40284687325446,3.768002768923538,5.1432088323650085,6,190.29270207252267,0
67.99689904770862,2,19.65438034706445,73.37784731494902,226.6297445295158,90.99598919942899,6.77048212828814,31.506101240985114,93.5490601356307,24.18154315072482,4.3865359599520035,14.418399406315933,6,166.75794434132055,0
40.69481791282152,2,21.825568615048724,75.2225975983891,154.22223957871253,102.23543686925849,10.859628556514975,117.61628202569892,56.49371285687066,12.554991859099625,4.062160237657562,12.350828751820993,6,243.16788847355517,1
59.88607186455569,2,20.27638674349609,65.2406933508545,293.1452463049458,108.5986855799633,8.471528817698884,77.9937873321539,75.5179385996998,23.279785258342457,3.6124249253985763,51.52638149285085,6,184.7369722735916,0
62.400198675818835,2,19.475368610822493,70.50798052543205,194.3249017950341,121.28406574860472,4.466989679631938,82.68699425633605,43.805482366010665,9.254575168969163,4.02295889838894,7.832051431160022,6,183.8436347432699,0
56.94137233919957,2,22.999286211951617,75.89135454124443,337.0837136465539,106.00556168397529,4.240140689190171,74.06296250528689,63.44947965797433,15.620249343385533,4.3256685866144045,21.860115314162428,6,191.49143521008543,0
54.984780347891494,2,21.44316890242078,69.36621721569814,191.12953163608177,104.76512935267205,3.683508343174363,32.36309317834531,77.84459339790635,17.165169708487674,4.396089754950337,10.358957425654157,6,165.45983152038747,0
33.745303933920276,2,21.260803398341835,70.07939487136532,200.2631217321004,98.49553719917549,13.772146634210142,122.78558407116589,43.6304967115705,27.447693303662604,4.221714040159165,12.046281631196404,6,225.8080355114002,1
53.49544695679634,2,19.63684897957294,66.01593173852825,162.29944747686272,103.38484178834932,9.656192394730727,48.98361461079402,81.13377648041595,23.116441635356757,4.104360712465449,19.186521053285258,6,173.3936058134505,0
32.21692776873679,1,21.565022615477808,84.29254924938293,271.51905507571826,110.4339951938744,4.233527798180096,75.32918963873462,87.40863577497967,10.75404838723499,4.323711273395244,16.907728478289933,6,177.73027450543876,0
35.19966522633753,2,21.317192297629077,74.36740723699887,181.52148768194002,67.64765350767718,1.9317075385090547,92.72511444718131,53.89993793589553,27.111970502798062,4.071451458908317,25.18810798868815,6,179.7514995911586,0
28.685716192301093,2,21.66453255232139,73.775694577338,130.28680677346154,104.40351214015459,12.351205805036379,87.31105714152704,84.57420408316098,23.407868121871516,3.5439510165362207,16.550605426608524,6,216.57974143178546,0
57.83732286596803,2,22.983724037926624,80.85822320576162,198.7988313107607,101.0741766963184,9.38178493688106,46.28201197235846,54.460194495781714,22.056491458593907,4.4007233610650065,21.224743435101274,6,197.04183225512742,0
46.10932293546973,2,22.35869339721295,73.72459667349248,306.8582131531018,135.32088774827096,6.534058596466488,82.96811594368543,74.17359866278741,26.15213259355553,4.400724384507883,25.27336459188314,6,187.95294906081816,0
47.88316420942744,1,20.176579675348737,75.72068027227282,299.5186895422851,93.78146001642217,5.663188774070263,53.4112332500679,78.62547043165719,11.480371767461948,4.655029462513738,12.477000858749951,6,176.51166860309178,0
27.199983858512503,2,20.729135729746005,71.65683051096427,234.08821840007428,94.191435787353,10.639779164341848,56.3944687950795,90.00668448779706,16.291864717682422,4.392108548638452,14.091187849069392,6,175.10304558707014,0
35.21530172668116,1,21.966545150301155,87.42028621339607,167.38848067520576,138.44130305250013,4.514927353526143,75.90530119991931,55.82362892706558,15.345396667887808,4.389311973131993,28.95065962641359,6,204.03466815446734,0
69.46862483271838,1,23.10318117350237,94.82318224150629,204.02068721905812,119.01602517683988,10.953901549870022,156.5052804738376,64.39056225359617,60.46350616007341,4.62736993201704,109.54008352382279,6,294.5979206940848,1
66.98084763258004,2,20.585920462621328,71.28006194039256,191.68953435537654,125.02942906814495,2.0644959594408854,131.79912655987818,53.98093193000369,27.170479735015387,4.2536645805492554,21.259542515666688,6,183.79688174968092,0
47.09649614823795,2,24.79654136429163,82.0411700360821,315.054688608466,103.6680676723094,9.244687772534395,111.51231389654394,69.6826919647869,17.80454550195794,4.401318897279202,32.23051875809647,6,224.36320613629928,0
73.56169291742036,2,23.31119212753453,73.80707217889203,274.3684238195679,137.53019829658265,3.560922515000455,50.724063008306494,66.99273528702875,5.0,3.8740954200095747,5.0,6,161.87432972749284,0
48.49081014617211,1,21.03236350826453,82.70614398205447,250.74661442672777,103.41475000846202,7.703475668545151,109.34108412434996,48.12421274131352,16.000010470647645,4.401056383410683,26.36037778209575,6,233.45890676698733,0
37.10026625571234,2,24.446326136790187,80.51128040130271,217.4124562174095,94.53039054695208,3.7585553402353757,64.64887524257482,41.66980786835154,10.734504858976821,3.9037924408918023,8.374424564973031,6,197.3555211280957,0
20.0,1,23.235772731440647,89.677210346949,231.57014218751522,91.2119484126234,7.745419661251618,125.51659260395824,21.62197486143033,10.256389644353334,4.134162611778135,9.221935725664718,6,234.62221243917938,0
80.0,1,22.394490127186,85.07045321670135,262.6584246092868,140.49957298016525,12.948985219681937,39.62788161423817,79.04086747398593,15.464231596145755,4.092477465263777,17.771340429806372,6,181.10439528648772,0
52.60060242276146,2,21.437774483764116,70.92699127787108,184.43139190418796,96.88754390591987,9.009236153226306,74.14916227030393,82.12379988631831,20.82555220347415,3.994696267879862,43.6466013371472,6,211.0810575695971,0
48.31995938941452,2,23.5359215275494,71.89456956876779,192.47110126654866,104.15710241384392,10.313563872233512,83.77952343525357,53.90216432657733,10.042776259788052,3.9850014417604873,15.46900115225083,6,193.6663530857618,0
20.0,2,22.7325418021224,78.8591553305284,315.46699926108516,79.04542189434645,1.6965603660845459,34.99025497948529,76.26766576869548,7.195345946474658,4.1971851579735535,6.752639277258226,6,171.8992301709415,0
73.51528119751995,2,23.96928324971668,75.89722738446673,229.74035164265635,119.93953096152474,7.865742061933865,98.56443671719586,87.73825681562322,21.263558908466667,4.352887368223305,21.637871997805625,6,208.96534230122788,0
20.0,2,20.840458798153673,64.28391975767855,254.1886267153805,104.03644827598379,2.4178222346227205,50.702476815724445,71.83199464998027,20.428089207567,4.545122294648919,12.668571500763917,6,141.36357137319933,0
71.351883450668,2,24.345904586533813,77.87100110154894,228.94734686737024,127.92665345860746,9.78975366686251,154.49029268703688,79.5390474680795,34.93875120788286,3.746266151994859,48.970791853095285,6,257.5915062887775,1
40.369530436066725,2,20.797472381816036,70.30844062585989,217.56082786063405,90.92429453582312,3.6548760580231088,54.40216696765357,70.04168778753758,16.7669641326052,4.177915340142346,9.232283668547161,6,147.33503315399426,0
63.506719140512395,1,22.343093487319898,79.84226618436273,179.51255593677237,89.46166510421907,3.5851136104975487,116.35195370507434,68.7301388447055,25.59356175096644,3.8477627919074044,27.63151618928174,6,212.52487757478463,0
57.473209641850346,2,22.461185375684213,86.96551744588017,164.66122099645105,128.60017817870377,5.13640647478258,72.66048165620431,65.49308086063425,45.09552682309279,4.296861477709353,43.37796241271875,6,198.07949607965054,0
43.14968341883015,1,22.036234837553256,89.28014192683881,151.65753518858534,90.35540560393001,5.055611531587471,90.87648437382632,62.823809034725016,35.616627891252676,4.585641023437392,50.87848195676976,6,220.13378548468825,0
69.5972623211497,2,18.879359106811638,61.72706610361318,222.57887949372298,91.34326418043774,12.83645819145695,100.01477352413151,46.03392971026776,13.252092452038424,3.9908563689924033,16.74497403442083,6,181.23513713847876,0
39.33267657701187,2,23.237831476097185,67.66273954922373,234.36191717968467,101.5546422760381,4.169361058509397,96.23045963095745,63.34129430824116,9.483926898481133,3.994102285940481,10.401129461875872,6,205.19369760186942,0
45.27232383809508,2,23.699569849089883,71.64554494956501,158.66533729114633,95.82715076311428,4.077180078399618,161.28624220343403,49.480732333584825,21.730573028708694,4.358493321039545,49.527444770153316,6,200.99849179517796,0
77.92035233043339,1,21.083123227589063,81.7707022473927,241.125058536762,98.75512541514861,7.0865980762491505,162.09423048330456,52.65584859263402,27.266471219047475,4.211625803958021,36.32933818498166,6,246.46733047351847,0
72.4705384363752,2,22.273563402136386,70.44252539282327,218.6072571796235,110.22844625416302,8.21690118298063,61.58689274952533,72.25324511522483,17.18871879319468,4.212538939958834,16.218215439258213,6,167.1169479885042,0
29.16780971097863,2,24.83338956185199,85.75586039801189,172.01530253027306,90.4591456656431,6.502469049919604,45.95261296469518,55.365142499512906,17.155656246825632,3.916192685373704,48.40073467611424,6,220.8311543119738,0
20.0,1,23.90355920477352,85.1363931631062,263.3874738526781,80.13888400429036,20.293389129379634,205.24013544400353,46.78937138825509,17.616028677775393,4.102811370793831,23.324679512149036,6,303.21893911093866,1
66.78060695412164,2,23.451034244644553,69.21714449079226,244.9865291291638,100.80628681208277,6.366355763691081,86.87818850096909,63.7224628860502,33.42436128083494,4.322021066304259,21.64469898338238,6,185.88017991617346,0
68.49584301461525,1,22.060671897659006,85.53377471417669,291.7214037543338,152.66156596948525,9.111289459223425,59.672058051156604,66.42290431977612,34.68191912058843,4.631430415489278,56.47414992269265,6,236.7757303492618,0
49.774448249209726,2,23.6209105769359,79.82047041672705,281.91958190787824,119.20257468098484,11.20957914247179,73.56376473680876,50.45502896663667,12.214988705457595,4.093888207034423,11.425972932046125,6,208.2393514096338,0
29.827161479469382,2,23.862650143962785,72.18644592017304,220.95741839254805,95.35629982815261,6.193874829227186,102.5889708315111,79.52144395149107,25.01642344177313,4.50347529166266,46.83953053807976,6,220.82168143904306,0
31.621779759379997,2,20.20704265173655,74.95323186230375,298.5329644448649,76.6042878589221,3.373620032502393,45.075241744736,83.4086625492705,7.524660398547886,4.068415200539282,13.999770904117273,6,175.90741750569904,0
20.0,1,22.076128749426648,86.19454398466029,236.5414892010835,84.53822890565063,6.173456755239804,45.716799043157735,42.337263027144026,14.854981569852946,4.167973171831287,6.917650897211554,6,187.79569667890058,0
41.62199124581541,1,24.361352765797523,91.94402668892566,189.2501205607245,87.19203528202291,7.868888362730908,81.12608814538304,34.7699977309111,12.523639460824008,4.2803129922071035,10.12678655547215,6,237.42054938467936,0
80.0,1,24.81939510997408,90.0877299152676,239.34180126050836,143.4901762009204,10.278472088367065,232.840300940708,52.47675712797756,14.81917257961365,3.8718038243631896,16.431167676115056,6,286.9516642446691,1
56.838348857961684,2,21.79295856587859,64.766151380736,166.85826925782698,125.76949612322942,7.4307681704668695,45.743065769601856,83.57176995901054,13.581100078351106,4.652708199744582,22.919630546262983,6,170.54095631510816,0
56.678433680812724,2,22.285141847218966,73.5392937424179,184.818556709359,99.53667024111927,2.3559954822747518,55.54558178954491,74.73275924316815,13.279252121290842,4.293822018587818,11.836471224236625,6,182.12084804831193,0
57.35226858707209,1,23.090714023545345,81.19063901946113,169.45383143370256,118.86992578413698,6.055253223829238,97.25775269670773,54.300953883978714,17.282322652580156,4.340991585191135,35.2818928851292,6,218.16880986601123,0
75.55175943200126,2,21.4348041774054,69.04121130683399,175.67237162768743,139.67991329593806,15.574560090240604,74.33074327910768,52.56773624231618,9.980471681259104,4.045910651078133,5.91032522940513,6,229.93715252457787,1
68.3430557350645,1,21.089877055809822,80.30809479353427,173.99054140209338,112.1932498260291,9.083781204143499,151.37764475074513,48.48072984242996,45.677599432074146,4.107686605447199,20.9531310949001,6,244.12220512976523,1
57.100985928570765,2,24.745307061239668,76.74591947857813,299.6871654594776,133.71972899763145,3.6684305135978503,51.699764455009046,64.20093426500378,20.826738554459627,3.8567526171944206,30.630897581890675,6,161.946212800637,0
55.198884691010846,2,23.44078247515541,77.28631096326157,224.11533282332144,126.66558049316781,23.80854728478976,109.60137879428008,62.89566709802754,15.178940725146218,3.5092494601851034,41.43015269663805,6,261.8776344953148,1
75.02650426329812,1,23.49472426651193,77.12327233390315,197.8603956570411,129.86414340803756,7.8961970281478004,150.5760390723467,54.23619186260755,19.209702037892225,4.273513397917735,40.610553829564566,6,238.41268263461512,1
72.38209180896435,1,23.17859213798552,78.50913987902523,229.96351358670867,134.67793179257663,3.756058868738502,268.86991449717436,36.99417421848204,25.60085016678568,4.1917845362586155,15.864669280566213,6,262.3054703472663,0
65.55241965295043,1,24.40246088397871,90.5110372325042,292.1151936641379,142.7740852622255,11.811095135982065,124.0965963746053,41.85994761815746,14.182107732613986,4.46741014881662,9.478370239059391,6,257.3623336719896,1
42.14426723381311,2,19.083946718988745,66.32639952315034,154.59828864752293,73.79032269145195,1.9532704932243627,20.0,86.5406837226762,9.82105558286727,3.7006807009811395,11.376942038799092,6,124.57229792262248,0
22.4176077213608,2,23.175798721763744,79.4220583725611,216.4747597389424,108.27644454856274,31.584600809665663,143.47717595608034,70.83901879378585,32.75203025160468,4.75946401341221,32.03377260451535,6,319.6070145933428,1
40.20517753690746,1,24.298844208530834,90.79019510880258,260.20341305080046,170.50413836552767,49.91295235978809,105.3857023395923,51.17668031059904,26.184116103783268,4.494311805498368,36.075668939459,6,379.0666260675982,1
43.22533011736874,2,22.6317662918903,76.43238502976509,356.84308090580305,119.2496452877651,7.219324118740867,64.9293651027957,58.0677265694211,24.94212069210351,4.660188039221243,21.180959843101878,6,179.5775738808791,0
56.150565317301236,2,24.625646669234538,78.5480305857929,245.29492159689957,98.928138936046,11.878503799618102,34.36506089506082,80.8381253616944,23.385314085383932,3.936872740501277,22.139773669885173,6,222.87914117267826,0
61.23402210178601,1,23.40197939219395,89.24702423410238,294.5796335321583,132.43876417213306,9.027148370617411,152.9792547094529,54.302329156114446,21.4908422869062,3.8150969833193584,26.70291556208983,6,263.99249371386634,1
55.67530180511536,2,21.305952793821653,76.98619281246387,275.8881011122222,73.86571571535498,1.5,50.48287764005746,83.53629065875124,8.676781792498788,4.143918386217824,15.748815812521016,6,171.16779418480473,0
42.17676978390144,1,18.997546291216732,82.11741239098775,146.3510018276039,130.92195512540823,6.176677457723399,152.1093334948381,39.27810180407841,35.67555372793076,4.150276498369075,45.78052618709392,6,219.7954325721597,0
20.0,2,24.9,77.49591890347453,287.7588773525374,70.44732349237209,2.064747175404979,35.454624015201226,75.44404280947037,7.525004584753542,4.387112935643677,9.952142776124711,6,171.44324844437025,0
34.35525711642236,1,21.008672149790513,78.87863922780797,165.93438043529514,98.43062640923439,4.790982296175349,54.322365716909104,77.17404579083771,9.906835125228712,4.15972484616043,30.73590988774476,6,198.86077909706364,0
51.989241067766805,2,22.853189130780848,75.96707065112868,160.18826547799148,94.779070854393,7.570106434933356,41.50715281192854,84.38463416917361,14.062103315121801,3.9293954177807886,13.6709258669859,6,192.49122820834032,0
61.39678229260919,2,23.531788523444668,80.2753421819006,273.634193334182,109.12759553935436,7.059833242048525,66.11545673434209,77.52421050338275,29.53979031146916,4.108089418796441,44.74488993048467,6,195.76507961154476,0
66.22149922120975,2,19.544595014848586,73.55375144034386,220.8426304402699,102.82702410843088,5.278713111052726,47.60552190268888,72.6096532613881,8.317836764930822,4.0042490797553025,12.633366779694187,6,162.07095957534068,0
37.658070797352806,1,24.611450573166973,91.26303169702592,278.739944015065,120.92749765551945,4.29539475306843,81.00445228079043,51.71857532052481,15.288768360304493,4.754668499577138,6.184834241678479,6,208.54765457364226,0
37.68292562080082,1,24.9,93.69671843086988,207.54399505153293,78.03586438335405,3.3001622108418167,68.43611564730696,60.87701629539234,28.326184433346135,4.455973980114507,20.54573743177708,6,216.34878648595952,0
64.33897794141357,2,23.76151970788131,78.19407436424966,171.10873534003736,131.46474009719483,7.1666471052775,223.415918098985,33.66974435568026,16.47367367834909,4.715975356645278,18.164217198914923,6,257.8947327997903,0
54.91971229797885,1,22.943418181006184,87.31894038337443,269.4686523369108,118.31003764583194,8.538568462230531,113.96174401490963,56.92361090021207,16.632025738963705,4.185640987848562,29.177392641086637,6,229.61914823878402,0
66.87308308739622,1,21.84565086182808,79.22949855883681,207.60863205232073,119.76398295617557,17.29451442628059,129.27889343576516,62.27196036907524,21.723816945325606,4.316381062918433,25.375410236467822,6,256.7070472277347,1
31.31606271425897,2,22.24545278796456,77.7259003502329,238.02614736882003,97.74143836168801,4.556950832953187,109.57815655184773,91.99615208970964,28.66196844731684,4.38146809342939,33.73003427766655,6,216.19378582813474,0
31.724026937654727,2,20.6750748847096,70.60482211563567,272.28483501352724,141.81717785073965,10.034526000508167,73.44518729311054,78.08486641114744,23.842829941040236,4.689169177575587,15.952155972664467,6,197.57629559850008,1
45.74526157176146,2,24.9,75.88974171701979,245.06972992015852,93.67646453092752,10.505765607459299,186.99653471159883,45.848024034647345,16.770946573517364,4.917239465191144,10.321989237494744,6,272.55739951428535,0
54.04884683954563,1,24.9,90.26413152075,279.41254105870985,142.65113800417024,6.418615611485989,76.83679774132902,52.48069091639244,15.024355279544455,4.008484254462008,16.107763093503106,6,213.44306364094794,0
56.82842292992849,2,20.47727798075354,71.751293849834,227.5524195000965,106.57954257690635,2.935229842420883,39.513906751564704,90.10080783935621,18.72498911703036,4.212669935124299,14.902818745293322,6,155.10550708439072,0
40.45280226842795,1,20.889793178111265,77.03253637191317,247.84225947806422,91.6592060392715,6.417653059936016,107.23147927695747,47.96800535027687,44.5060217344102,4.469949370081398,41.52389900779084,6,184.36740431682833,0
38.83071516313755,1,23.196213798094142,79.9936782077117,179.29873808792223,106.05760775982559,3.1899040056119246,65.38167167681169,53.04772653024509,21.966681020537102,4.139145043898422,28.67692652324216,6,190.24754367497366,0
79.51721124663923,1,20.85422592405603,81.37432262607008,249.0392237301534,91.61744745042807,9.813016279307249,88.60501012427457,52.332926877315764,21.89385625471677,4.057411810764349,15.081120644978927,6,197.7314962775869,0
50.3639143564797,1,24.14674249948853,80.7654129529756,140.06669145416998,88.77774835644249,6.885248483436495,65.39070961775674,53.302668448010145,18.504951182519036,4.656229072824101,11.60927902608888,6,170.78201095429085,0
36.51532491795369,2,22.533499042387174,71.70138244281415,282.28272860443855,111.78944183153871,6.755903366824338,87.99229289149811,73.33306837324294,10.274239746656358,3.863207908772134,17.447426196402898,6,189.47513006628353,0
34.69124956927914,1,22.709307445455817,77.54404841976871,273.1920840008221,94.68124363769434,2.0477558454088975,62.89876604291932,62.04700026331269,14.72095576528003,4.328705116280466,10.545171049787088,6,172.5171512759417,0
35.247232466196735,1,21.987681161704067,80.3764243132642,356.12919435608194,122.3032636646214,5.345707572137012,115.5982966680516,56.133734085247404,23.057237325486383,4.282216235892673,18.162880876101166,6,209.96197015559287,0
37.59602430624068,1,22.544350472712203,87.3686222500122,233.9238956681148,116.21899412879222,13.38606766569287,53.5965062907877,98.67613911851606,11.012455126733657,4.085378621332393,21.46116231180971,6,210.7672055179408,0
74.53652217706144,1,23.116725641863447,87.24673422733952,177.34932671343995,126.05087439398473,9.809056603951978,77.98702124934282,59.63860223555796,23.334147859783975,4.415380037315998,23.49940381122041,6,242.74371921167392,1
20.0,2,24.9,81.59970425258018,197.00362629075045,80.70445637125101,3.635743863713459,36.43756153686188,69.80652998381098,23.53901225556241,4.165773680240772,17.202189968662932,6,176.83818277551092,0
57.83843295642398,1,24.9,87.4058900376956,299.3465843771054,90.46295163713391,8.38798321200266,198.54377140475682,53.80733608739731,31.073314621618213,3.754617727428663,18.783607158794343,6,295.4197898629073,0
75.00723040737805,2,20.70068372627752,62.958064685245745,242.8539686873711,137.32578534659476,12.378819599103656,159.56720495873154,55.23257412928226,11.228293001320937,4.225612565042076,8.32157321323835,6,215.55303686871687,1
80.0,2,21.987164116332146,74.93549077261453,329.2428941427838,149.2536348271969,7.789792511968694,201.36878513302986,43.175892852731636,16.32806457099303,4.1973940449212,25.982651327527037,6,266.9646700663229,1
20.0,1,23.93276991511092,85.01049299744633,206.59379128920557,82.31386454830077,23.754732765110703,108.50092364960167,43.673255526735645,32.33980480833268,3.8089009420914577,47.46792736328642,6,281.1565749112198,0
57.082164752634725,1,24.746807283825024,94.27265756173749,273.2273907760322,129.68627584104723,5.613175773887472,115.9043140948903,55.49664217863731,20.286753718847287,4.093956527526527,39.607052102215654,6,247.04804286339123,0
48.43994929752916,2,23.340115913688855,84.56062676622481,268.65545512748196,91.9334999638516,7.201170070709464,111.67308502891312,44.64334735691276,12.651444611870668,4.285794375542009,21.054609552079143,6,227.4935955358623,0
23.612522976283163,1,21.41478154569032,80.6912163898233,217.8822063199805,79.07512944903303,7.225868459641346,85.73061257433804,39.781081762060865,22.695960475754397,3.4802524531028887,24.993236050639254,6,212.3293201588682,0
54.716461001541916,1,23.201733499796436,82.32344532983686,207.6149833909965,122.07950447014602,5.228620656985687,113.90182618153841,57.197026262687004,17.496961050962064,4.396680572344699,15.525198721937926,6,235.75847301735857,0
27.951964623543045,2,21.74216288395657,79.88723844108085,261.26873143845745,93.33613151000655,9.770772375491049,48.34560560889822,44.61310777553758,12.034327530003253,4.285198574203909,13.621735173999364,6,197.90912742589867,0
54.68009437973545,2,19.683476340190712,73.39832607936253,304.8437472064194,137.30242398379735,4.497849670097508,80.69359787971464,62.10698830904301,23.263860505242885,4.222036815281859,21.38198598316085,6,180.7762731314451,0
58.06448569858132,2,20.295519079697122,65.77959987822585,288.642039210799,76.27874663436704,2.872463989242133,67.65413272949533,68.27737992593259,6.123080201743426,3.4669701331826914,7.62664148011867,6,162.70993089704012,0
57.87249566738546,2,23.18326155956844,81.25393732808836,191.61896772571518,92.61987416375439,7.1959718729629145,117.07834382853332,63.071629407106876,18.39148753895005,4.503805046997941,15.964716630635756,6,215.97484760345608,0
39.92174865557641,1,24.9,84.80583441630917,333.02269197961834,116.94339138128524,22.348371903225505,79.84517714329822,53.80405244679096,5.9126913590824675,4.189192091075771,5.480122065244883,6,274.1736357340723,0
62.751804321642105,2,21.706730696101776,73.56460357815723,201.17047231156732,96.72465778611009,5.767394240590489,57.00390405628078,77.96871054028298,10.949672520687791,3.814029606050207,9.309281625303086,6,169.12532025727387,0
20.0,2,22.849462327233674,70.2398700654137,254.54970652948631,100.82491952911882,3.038768517639201,78.89494596387563,42.65514536052028,9.18161106640297,3.8870641465919977,13.763729754253038,6,153.1202822074964,0
53.286073205124765,1,21.36793430965139,82.18051094993248,232.14197488889786,104.02265159278319,4.461109908360692,75.6953097589775,79.36468075266771,7.274772548014268,3.9521208724830768,14.0313111939551,6,189.43360746866114,0
46.46494960784497,2,20.22443685452841,74.84386460477923,238.83132052444822,88.31852775579488,7.465751150586087,79.56285431743753,57.965737562197916,14.21305385379358,4.412238589554372,13.278672610702666,6,204.88743865277132,0
23.326436841330196,1,20.26813235874871,77.96975975837408,199.03210011066437,64.7984479881232,3.6062284942658547,57.053721616799194,63.8695651098272,7.222491431395765,3.98816844065419,6.781505060211168,6,175.24025059171788,0
47.5295186822239,2,20.494095501042644,74.31862320469155,183.4362906964197,97.01945773076504,2.664813646953057,24.698552304173713,68.15054381615487,6.550218197976282,4.159936160285502,5.0,6,145.93124183125198,0
43.33357105121115,1,23.061253377518806,91.06267803979064,299.39285855905706,105.44653625852743,7.051631058439426,71.65263707239606,50.27167777988454,15.651462581913762,4.2992050297161715,13.946702960441398,6,211.63573512971755,0
73.91109950219445,2,18.860649800515098,68.68595959391077,224.2394709004946,104.235286542476,4.051203627867666,73.90746534071663,82.30644806820708,22.001217968328763,4.2545426417699925,15.632277450992257,6,174.50237859186626,0
80.0,1,21.574425433839693,85.86463115283621,314.3104313774551,112.05106287665599,9.615506161874269,84.03877375590487,73.80183161400136,23.055265559687122,4.07387057809046,52.335211191112414,6,221.1697123739611,0
45.0547966112279,1,20.261113225195253,78.53341157318505,144.3428055017062,106.25510245426229,4.4848750982660555,41.4502535534489,75.06752750111251,19.87170090537218,4.062600767916688,11.958325457300544,6,169.34283908188468,0
51.86285754065907,1,22.23740651710538,82.8785775255269,230.28456372393273,103.4598800498552,3.1047372449657957,61.74913455429906,69.10503655114388,12.159085511288014,4.1299414891293775,25.789331366931883,6,194.8285828286597,0
38.062620654192834,1,24.9,89.76137846101359,238.86866094577732,94.81042580677743,10.008109947829,144.28617056520767,30.43784108348247,69.57061180090069,4.593222971798555,21.573934920445666,6,254.53166425832032,0
27.243825190185444,2,18.711545133368343,65.56144397657478,174.98356725828793,104.34003667858482,9.45035541989542,62.178140668371185,74.36414982963342,22.597875651268026,4.359330618447212,16.932423267064234,6,188.4319521813526,0
55.7347166844059,2,20.780256507697782,66.61594354161764,227.31822387954577,99.87982750986161,9.832377707714002,114.2004082213517,46.25518918755111,16.760969556659422,4.037472003674782,25.1292113592038,6,213.78386266767234,0
58.16642614647664,1,24.9,89.04965504948238,241.48815359259538,111.95985944223843,2.3677288235694807,68.73765005308975,75.71979718144705,16.284432452657246,4.281811777594397,35.20510371677349,6,196.7909757039364,0
32.215367009154726,1,22.307939633520196,85.60354869587717,160.5103351939412,97.46749861562583,11.054811624119568,77.82139737068118,43.13302668819253,11.269171819596924,4.187827448432699,8.80050481117783,6,227.66259171908104,0
47.8753863139147,1,23.153101089718984,82.62146670642736,194.57789670708988,105.06446437862364,26.069624493373478,42.78951768288343,64.9590498398778,19.49702523731309,4.020533951875344,16.218498081303228,6,250.6754611176852,0
56.37317143626005,1,24.62757385220385,88.57069367693876,232.59955039483296,128.04447183392958,8.8054159904059,191.92422548245895,41.76023739354342,37.56255746561242,4.058196573741561,71.96345414995105,6,279.20290954612574,1
63.2608941802166,2,22.04790556611658,79.28486618252788,255.87897516050825,117.89861673258959,7.095281926519112,44.291693229906556,83.50971546945216,15.079427910428286,3.7421095179414854,21.848883265078463,6,193.22199040256547,0
51.963299187446026,2,21.741935852136102,68.28145543992629,170.16949590570817,100.06726394987837,11.050287153169249,106.27995022646415,65.7946501390609,48.96949904082578,4.2035865291471435,39.05867716391801,6,216.25336936791663,1
50.29044263771765,1,23.35777426254512,79.74370522480578,316.3231851610266,127.17624026523836,12.605600879260079,122.25018212079212,48.10916656779793,9.960586260461834,4.194098595351914,21.171284960997824,6,256.87403012198416,1
55.30077072442357,1,23.6802082644189,85.2995434844048,260.36302878456627,135.40872297394162,9.493398577030286,75.7409883512412,51.84884593950924,13.893753721389993,3.839527404142583,9.285446630874985,6,209.5396878873634,1
31.59157293279924,1,24.18805818589514,85.8002506361828,286.84055613466285,141.1233458658922,5.130085270921447,52.216470511166584,53.970819285290375,7.856672052896901,5.003171631721358,6.489051312223293,6,209.37621489127534,0
28.045296540730657,1,24.9,92.45563611535019,241.95015204948203,104.00499953760465,9.756506907748205,50.42792375350698,40.62825982171653,16.340763777270112,4.099574520094644,15.911570146637226,6,213.4736975456519,0
73.04085314169322,2,24.9,86.00530708235861,266.535652386113,122.51507701729753,4.718629174838943,62.45230007918335,61.66065755128701,17.40006432585448,4.343505651946058,12.406264972853108,6,206.41630661940746,0
46.33407487781085,1,21.433248078850664,86.45699427990239,219.010041866454,85.4209016424272,4.650596193766484,52.28234399598487,100.2137082396834,14.113368607544496,4.258990126511112,14.179081432805043,6,186.6088688343215,0
43.92047620499027,1,22.085482123152797,87.10979729773297,243.73420175021585,115.82990477884555,7.059301466414432,69.74680988181562,62.220951183805596,17.74529371453094,4.305895178729329,17.376975162032345,6,191.0328578937824,0
38.73726378071837,2,20.14113571504397,74.24096614470565,267.31137265419426,69.33477847900566,3.964739896482062,31.838030026691538,86.20265483313818,6.281250104149189,3.7748941216270326,5.0,6,147.29596032343193,0
67.06324504536818,1,24.9,93.2649906953658,252.3205379281647,123.63905639803237,4.670280910704404,228.44741528933747,49.91116294615631,29.859121457506877,3.70825808208273,57.768307793838346,6,288.53508321721085,0
47.47985188694339,1,20.58648957926725,79.50209104235824,87.30384167730233,98.18361601660612,12.820755789783224,80.69780213620957,46.71066078126204,19.23206083880008,4.003346766285911,14.357763036841837,6,239.53419567389994,0
77.22730241137243,2,23.054402905376367,75.72369893352875,103.44087046488748,170.7592493393109,11.8418689249405,80.06828895024447,45.412304065344266,29.081194652523813,4.74134050094434,52.954348620874825,6,226.10453398063913,1
55.346903217678324,2,21.220855795028573,76.5894702325003,129.34218693891268,81.09085598891444,4.882065163144683,74.9390619227849,88.26182737222399,39.269615782143255,3.9876882567511354,34.48702190838163,6,185.79795530473467,0
33.21861746123719,1,23.704463053569423,85.15929090452622,232.3895821719369,79.70600726683573,7.303841434806823,171.79923631597103,54.23339020894703,33.84938570499029,4.528576359062327,38.355172321038395,6,267.0711065906988,0
27.448680585083544,2,24.66178716362395,85.97710769804041,330.07578906547747,104.333240433211,10.954970569370929,134.1496152001498,52.29442179569376,20.54015196243304,4.478939649073727,29.912147403581674,6,252.75474676775727,1
58.67603026649065,2,22.18576132748873,78.1472240064211,235.45195873913588,123.48348500646664,3.0140828914661846,53.4215260530771,93.4892486072093,22.259827857691164,4.048660279394646,29.497637947564275,6,168.06284757573036,0
39.630541754393995,1,22.497579206436704,79.4998423091929,232.48417053807617,85.00851419653453,6.644964852923907,45.236795513537594,62.07078494184692,29.140138169450974,3.850934939750687,40.18612468333863,6,190.96594512078417,0
52.435721350610066,1,20.59775093149729,77.61675771812499,227.1744287130986,116.579316215952,4.1904173276776655,153.18256473891427,37.4935663864823,22.38769454391863,3.636930423371877,62.08457233983669,6,215.89698767328682,0
49.099640968332885,1,22.44671301079666,81.20285392642725,294.4919420116991,81.42430492424464,7.704335825970997,70.34863250940927,60.31741148640071,13.525039834311318,3.968071015366718,21.676559151069625,6,195.1826272034217,0
35.20542474121492,2,19.186033218093243,75.73650327994712,250.81867493701748,80.17544443183927,6.605112848614964,102.60005417934045,48.19128248703699,17.59233806826712,4.342443810149251,18.30085061211483,6,182.6944101598469,0
50.47262300670735,1,23.818381570327436,98.52665950833732,167.9927131665563,143.43911051988283,7.779872043663917,35.8326162896207,46.52543698817649,31.221689922857596,4.638443320723518,27.786482153335324,6,224.41222364815943,0
80.0,2,22.6763038079228,77.32748030844306,318.07828474882126,138.7496770312442,8.89516435869285,164.65854752494727,61.679757656213475,18.250153197584734,4.053185297527786,25.405906797287024,6,245.139216717994,1
47.380220154592635,2,22.327405556369513,78.01372589160574,271.8722713091715,78.84954239625733,12.545217808067111,121.06447902238635,68.35726049998294,39.804871916535944,4.3141573955730905,32.878981459512346,6,250.5751482730944,0
47.25304212912297,1,22.842465504737486,82.65184810445649,206.52600758965013,117.90380631176531,8.847187228966616,160.9247326942801,53.9956519148448,30.402054817214637,4.107001255173735,17.959935655660672,6,234.6895208532909,1
46.566233274101684,1,23.470498362322186,82.61885061300282,120.59065636861095,97.98395768293855,2.7158713839181194,64.71706369840273,61.00302497530393,9.089453967904268,4.165358265233643,8.366236410091108,6,176.3500077054171,0
80.0,2,23.203030196070635,73.2820298425752,244.7858237857996,133.68451584613635,6.115927594066569,192.0598254925561,66.45596710176582,28.964710472645525,3.90094081558347,36.7264797156127,6,259.3039657868791,0
68.67716061555262,2,20.194857377751365,76.33727975450402,226.71097304981296,133.3853100529139,6.048355235253825,35.9004602505607,65.36314728825735,5.0,4.087113413655289,8.437163995112863,6,176.56654880934894,0
51.67234215206987,2,24.9,85.8036384142183,227.7747981695281,127.26478922379744,12.126791229723361,103.17627391818786,34.41006778520386,12.29000334826468,4.354133256013521,8.975978779399158,6,251.14728493440919,1
70.45929488221181,2,19.60205345779695,67.49593607074684,245.24347424502014,111.30746003783847,7.121946770904242,43.6687084419756,99.60009743593346,32.999298356440704,4.354329211537207,40.211481848613914,6,152.020318548941,0
20.0,2,22.653243523704326,77.44510465247019,184.81703850784712,121.7359166924086,15.901572570379397,67.53332272840213,59.25200945198971,21.15771522164527,4.821649697687571,30.69780626306959,6,232.2416507622746,0
42.78072083690989,2,22.63214348368702,78.56116791648927,222.80374347224597,104.12814616419438,4.513261368131812,99.28833581649455,52.75547128881154,35.1452831781549,3.88547092114476,59.76921238316195,6,217.00240215774704,0
28.497088184013577,2,24.52977269446453,83.30304422350447,190.1332306461408,110.92532537840327,17.100175518514227,151.21286737485863,61.24711758441374,18.0495916260119,4.223240482992661,53.22091522244202,6,260.4036726004118,1
36.916553137492535,2,22.612443581371267,72.69959442108807,255.27227283482227,88.33903681987674,5.683825821959321,73.13830328502631,59.16776886710832,13.769463592411999,4.594993117803343,19.764479589488094,6,169.5444870315297,0
44.136282968039794,1,24.9,89.32831953529578,169.10858370262372,122.08318420891968,8.80143405868437,170.21560033591723,65.50809880426891,31.30758980847599,4.142862138554863,17.26021505765664,6,276.5683589894131,1
39.260893318599216,2,19.464378895323897,74.35127809197631,273.4194531267515,92.05755049181407,3.455001090724042,63.8102783852038,76.68797121447903,14.47844880091604,4.057281377013466,19.472161961279713,6,167.39364461282486,0
71.67509513399295,1,24.565061580914108,91.7700421357895,258.61263421068577,144.66949008391316,13.218885763036576,96.12999480368788,39.86290712641952,43.08252784710642,3.880066021808733,34.300987560386865,6,254.33402845405658,1
33.37119510705928,1,22.95274238427375,78.7971191680105,271.57208849730904,90.2682085630077,22.752169231784826,71.23617950785027,52.061435692016914,9.756923704102295,4.409584112006856,5.6847837753889925,6,259.35837827269796,0
30.46755788090559,2,24.9,73.8153166005487,224.25580630540756,103.99217506096956,5.995746613314643,24.42652512061829,95.69535279492075,12.713155229225938,4.14444391124709,17.106844695669203,6,174.9032321693329,0
42.65456684271035,2,22.203259050977486,72.4783905594174,245.07791696403285,107.17933764356152,8.962528101916464,107.52207198632213,68.72862382350692,8.298473451849596,4.3569584961401615,20.69285706969701,6,213.78043969543225,0
59.66195975352185,2,22.462985466730434,77.95099983492197,239.76707073954475,122.99119379779142,3.284819656642393,61.86114163457175,89.65055432838437,19.247530558159383,4.1187256166126724,27.866658083839333,6,170.40544875206635,0
32.74031818876201,1,20.07105446952896,77.71565807288437,171.6732691818183,81.06205140503161,2.8276193347471574,67.52732190334063,67.39837642376463,30.38602355773295,4.499269376359431,24.062489116240883,6,177.88050550222724,0
47.675355857592194,1,24.06755173477595,89.88584556953258,182.0188880203508,96.30935136340224,6.387749016522181,56.86527968973403,52.88285466574111,16.14706830780306,4.136837216487139,24.272015877116786,6,204.6940787042649,0
41.558997676271176,2,23.43005393837394,74.38042750793818,245.95295908702744,109.41819962420738,14.610888133330267,150.33274281258903,49.86600813640748,21.227186539148683,3.958128069346761,14.789012028279208,6,238.432731784797,1
41.46269672190114,2,22.186894131195505,65.64995377303434,315.92344099986394,120.33413635178104,8.708236675835312,85.47930829376945,54.59716403665795,20.611481758831115,4.369397281172372,27.814405217442392,6,214.72975795554683,1
55.882194564680894,1,23.052280098719987,86.06213857166262,204.79814607359137,111.6616386517001,3.3376186186312777,26.930692707848923,79.8533712694439,18.075457731295685,4.741026537984147,23.68526001129819,6,172.41126710732155,0
80.0,2,21.868192473866497,78.62673527151787,270.03336359217235,109.59320634333922,8.765553719140042,82.12425412949929,63.906230625416725,10.66008054721215,3.9903339289190094,9.837253897675298,6,220.76442469600977,0
61.95754596583899,1,22.93070606108116,86.88873622093682,225.4416167834965,102.47694500711408,7.2093152491775845,91.03177516560321,50.84977512466813,35.79052666527834,4.505222903515984,21.980248428882074,6,216.97018057644718,0
80.0,2,24.31913318434807,84.05307107859035,140.22290764467093,134.59410117099551,6.54824506210431,227.7840453961462,64.1395793455964,14.155886438173502,3.924471554321988,29.5614991844529,6,289.5425528755609,0
44.35875573661784,2,21.34727852539247,72.15301268523159,254.2962696124443,91.1874365329866,3.991449110060334,98.55287910221851,62.45564599616768,15.81252083086069,4.1656086065922615,16.429608856508256,6,171.08859107862324,0
47.942768141738,1,22.84343359305905,93.65987451410383,162.78072000020003,115.20388606565925,6.819353310781035,145.5100829421176,61.451543357662246,50.32165946285388,4.644653557166336,50.05214426258478,6,248.490647195275,0
29.897033349543584,2,22.501905525473344,77.17371840956696,221.06500772768027,84.4420548970821,2.3697518356004474,48.00085427871143,88.19188488617769,20.75878126969262,4.3766913012763435,21.092751933533098,6,172.09885486470657,0
38.55401947248724,2,21.434306657123884,72.1823534215055,162.22488146098343,111.02447387787466,3.9825494775988535,73.09371194685255,61.2771309333875,27.512578238928015,4.107883270787729,31.02737389610879,6,184.83498501046074,0
51.96704443110222,1,24.9,86.81515726852476,257.07715210549236,85.49931400030019,4.007938337867188,109.50640178268071,62.78744448684464,27.35595822658315,4.126937443084888,46.317745332937065,6,220.08299103785322,0
35.87022882457096,2,23.541546284545255,78.56446377004745,229.49334004654958,101.04048515578049,5.936833608895041,79.30886291854254,45.68770085215574,27.904972440796104,4.275186068092729,14.375904814195142,6,191.7417589287806,0
37.63870593718178,1,20.33695474256611,79.73978565498693,243.32764364726478,95.41921410809628,4.94406980147526,49.00443714882718,66.4968984270762,24.563724162134385,4.6962386807948215,19.418498839220227,6,168.88272919647198,0
39.50982929474291,1,21.018115696876173,87.43575256100276,147.59208767677652,97.57285782861392,6.99027207291864,44.88552286863993,60.06613667045104,11.125532477003615,4.371905362251131,9.67237196006874,6,210.82566141988775,0
40.47012084218606,2,22.352485216509653,74.61409508562693,274.85139477050035,117.4235143348129,9.287863495070642,80.73505291547465,58.82164235678014,7.818510322561385,4.5292539865112245,9.533180199796865,6,196.1557367099615,0
40.89244000694386,1,22.750960793529377,85.22497263103449,232.05678432957637,106.68117859751419,4.471402799082964,136.5598189686978,56.606642285280905,28.654675946132922,4.222170480386656,30.80381011490254,6,222.08814996642064,0
20.0,2,21.584671212878053,72.1190276056097,221.7041206347926,95.91412968075858,3.9717376602279786,72.50524086454091,56.71031244060082,17.390198951249964,4.120004367736129,31.008356485541682,6,183.78444173748463,0
59.98844897015267,2,24.9,83.01808190781124,221.88942721157224,121.88448050556238,18.853542833960102,46.612079214668064,71.53416779153001,21.43717356674955,3.88235396091441,17.167416739402558,6,242.38514626283964,0
22.60782143221812,2,18.5,70.41834499281181,305.5106102104709,85.20697917690151,7.497253639568175,49.8699005898205,57.80885963846972,7.428166409169972,4.299506424824537,5.8139187981987694,6,176.06681920938533,0
20.0,2,24.117717737224794,83.04741067688244,264.16604785103635,111.15784953990304,8.166652342762465,50.96088292386416,66.76757674041994,17.970931747729182,4.203127855522405,15.857083816775292,6,206.79092562156092,0
27.360546681725427,2,23.787566978442122,76.46634992246885,292.2125995438192,95.83873972913005,6.397369924588771,39.410842779449226,64.68532689609327,5.718028969080688,4.326394787702715,6.1865823174068,6,168.20745604787305,0
73.91018464705141,2,19.05328056012402,67.25477595890835,180.38191771560835,98.46770625524377,1.958345642763142,69.39379709910658,60.1425977377533,20.18545231784429,3.9888017419675545,34.68761379964739,6,161.4024660498684,0
46.37291886921994,2,23.799594742964757,80.04897295536297,123.4368413203221,104.33217649535494,3.110845748871862,46.198391321018995,95.12046559138466,82.98735688051092,4.649171687978569,155.58965244989767,6,172.58150375576597,0
47.07441301634379,2,20.028301955323595,74.56944645942048,241.25730226681694,70.99142637832678,3.96325414958162,25.72992188043857,91.64347691402602,8.554287018704805,3.6422097141103853,5.0,6,140.3460527905245,0
55.80256434367644,2,19.696054420273402,62.80165981303452,252.0893183507515,124.32316963277688,3.1652344086985975,25.28832204900246,87.9171501534428,10.77787241143356,4.385307869742295,29.556063565055037,6,112.24549321700019,0
51.219039309766835,1,24.865480349943887,86.32998155629971,126.35848740052172,82.77859232411548,2.1948754599178804,124.17633639567472,49.39749662943115,22.723311967527756,3.7442069563558382,33.76802472676819,6,223.5723847690045,0
40.38567831974644,1,22.93185077582419,83.42097360833186,209.07432127792936,101.82849006678336,6.967624923944749,124.00987272923196,52.84871205115565,34.10735045354981,4.7764944676424355,17.769171994191783,6,232.1341344534345,0
51.98763862460166,2,22.794755479367634,77.38541081995693,246.2088539456078,107.59194347554745,2.727313990223314,38.63992895720986,78.46077047397095,11.91907220799036,4.520573505920243,15.76138236768257,6,166.85432916281007,0
78.22502344852253,2,23.4126171335607,78.86742883629431,175.1322222978194,145.63073451853703,7.6019514292017245,60.68975987863168,84.78388899501418,22.255657062053313,4.450566730072474,12.45935687105436,6,202.67466775002862,0
29.504298629025364,2,19.322161933427758,66.78399258370999,312.03990272714304,105.80449270283317,14.844039533044525,52.2060641274279,69.7611239211641,9.39372672759113,3.9263905794584284,27.43685437298957,6,179.15853507244867,0
45.6911020120712,1,23.87034195802499,85.28778779373769,262.18672361143916,100.86070171659813,14.474770602506714,91.91430906822742,44.608310584622316,21.23640002418651,4.182797077949205,16.42828976226727,6,239.73398657803043,0
46.399391003051804,2,23.729144381597376,77.33244703753198,284.62581318295236,155.746891562212,13.644921315263023,230.9914027047804,48.053126698850484,19.041568580755115,3.9912959170785647,45.10550678225508,6,280.752363604991,1
39.525512299746055,2,20.59108709178259,67.12293461240476,226.68413426685856,75.31589491266772,5.49201401036963,173.5077589879255,53.89258927340949,13.226488586123851,3.949335032874701,14.949418823860615,6,213.5332874608503,0
67.25197218295892,2,18.5,65.08601268596378,233.76140068892312,113.84584253652744,4.214437686159007,56.14181373276954,99.20947873144482,19.508459599484976,4.0242680840506075,25.737842885381344,6,169.04603563872237,0
39.80619668990455,2,21.107213243860727,71.4337100081046,269.40378127730116,90.13437236773169,2.771344030146849,61.41441538336288,66.39460359587962,6.181622581821447,4.595087906379463,14.500060198573186,6,157.41059884536466,0
34.06358493004908,2,20.856254432028397,79.1197081879515,257.5110147818045,81.37759668226745,3.9856022280234007,25.724480875792707,96.81187673879852,17.83815805124871,4.021873680070106,10.110263246572641,6,160.97708956877563,0
51.89505408102765,1,24.607774851088607,94.2043468873783,148.7650148490773,101.32027642504096,7.284033917909694,269.8578191488951,40.496429659182496,39.02663493606533,3.937618263147583,33.383754573556146,6,311.32492999715294,0
67.23681562859163,2,24.9,79.13813559847793,257.7177326574915,122.98327105939052,5.678733499938309,76.76357872124889,70.84852995684656,11.592506266692842,3.5127408326365095,25.846004340581615,6,202.5150691823983,0
68.10197857345526,1,24.9,93.08631513143337,254.19341188593197,162.02717693338272,19.857216521164926,226.01309354961762,38.370842158177595,13.800372479634438,4.376369170750504,20.407459693086768,6,337.81709382971115,1
45.08551194953391,1,21.790472074947548,86.85014161238419,324.47148949969136,144.4723860346259,9.99572350226012,36.77689288208121,70.59862420724559,8.4694176400129,4.615190306240164,13.315245404502095,6,209.68957641851782,0
54.347175547006714,2,19.913283302645507,63.084184539138796,167.80300112070438,104.1140835643411,6.135225989230884,121.9797932931518,60.31869245831058,27.785265386642436,4.000862520007659,25.442666440452797,6,205.9571909819729,0
59.37292294744849,1,22.78172482230156,86.10655876368173,266.62845851336647,144.546322346361,11.82019776760749,55.94248173291624,69.64142242069775,46.752091585279516,4.238949483775023,20.93599119117019,6,220.33870261232516,0
64.14669049549252,2,22.53373944789818,83.50940180508937,203.99194920925447,93.94492385108356,6.633133210823985,112.93303463097473,69.97602150547992,30.302701063530378,4.467618688975828,22.11639509678829,6,238.14895659100605,0
80.0,1,24.9,92.31049873651521,190.7568227864187,129.43651861275237,16.761229939985586,500.0,40.29081252509316,32.32824755659175,4.24441868879113,92.38354035907557,6,400.0,1
49.245824049246174,2,18.712040786731762,72.50125580301538,127.09651333624473,99.02804768367527,6.882619563274434,88.78907032336625,60.264253773091866,8.575273041714118,4.185673597551511,11.612397103073809,6,169.90362631365264,0
62.2333529438727,2,23.66221784049614,72.57732182847454,200.37908111350555,129.7637734375987,16.491573410783875,119.66374576019886,37.46306274443889,24.046714832617113,4.203327612672867,16.918492261885458,6,247.61898145474132,1
36.37926426042506,1,23.33622469104763,88.09864589810148,244.8252056450742,94.14713485550043,4.895672400328852,63.93483853760798,65.75254880182035,10.984499389285899,4.388273819321351,14.85826236069159,6,208.88139307120525,0
72.43796965014572,2,23.74325334686081,75.0565001827542,301.032172540136,128.92424334790584,12.553544984324565,82.03894635507875,52.74523821029187,9.973559265072769,4.266869454084985,9.261845150461035,6,227.34322716520873,1
53.876468430483015,2,21.776324346039818,71.86518666126749,221.67129754212803,93.45174238354497,4.780462821697792,47.35714301084066,76.95786964064233,13.611953772219996,4.061083691813726,15.535030830759089,6,167.88677469766836,0
49.3533352094655,2,23.886523440402296,85.69540966185966,284.78511366342696,121.95088787121247,13.516069777072147,63.26869566227755,71.87697720229203,12.129848236484063,4.131482733772818,17.155902207566985,6,236.58884933459242,0
72.74208684300024,2,23.585809281191285,78.84419288151653,265.5411277861366,158.3924683367552,11.477015765697548,125.157402919636,45.20226452416645,15.746736606728144,3.913694659874449,38.051532475299524,6,231.88748088085578,1
26.467415042161853,2,23.343256355252958,79.015331006854,180.98318425838346,118.39472966192118,8.538368184629695,58.94991701496031,48.92277331962603,14.994844552133303,4.127250158727758,15.842327040972245,6,214.1482885185364,0
46.14496688442,1,21.03055694177093,79.94397560612425,324.5570422011151,91.15861752574631,6.301903420550343,72.73478237971669,46.3410746516715,16.068599571082427,3.867216010039166,25.83966463234434,6,188.69606112241797,0
38.162139394932964,2,21.99156119944064,74.18040220203201,276.7462312119429,98.94695150836375,2.8632291464900828,41.28502836898393,102.2460020295081,5.0,3.9766273488524533,5.0,6,172.92146428205436,0
28.00018763846478,1,22.826972193556458,87.43214312360192,238.36841886759257,96.86376516676471,9.11431045574855,107.37525792207857,57.12279562695358,15.834354185171266,3.8670664513129864,16.35803763431051,6,252.82394260077385,0
46.366784239657235,2,19.95302595434555,63.5059170058305,314.03642389130073,115.35516084232276,16.21405034979622,125.3072018234707,38.66642091025831,11.553148449776895,3.9330050305143063,5.0,6,236.5749055655057,1
67.13045127851457,1,20.44024526932789,71.96333021045517,189.5920903208204,90.87330326489152,4.73717798598935,138.4573521629365,45.106348722064254,19.90033861709991,4.092675907761674,16.636000860827448,6,196.06945668116484,0
66.20792559022101,2,21.262819043636394,74.40776548545735,307.2691910260765,93.96611105154504,8.976118379693794,72.85908333176236,85.0146109889912,6.337305337008849,3.9233314900850482,13.702091112478746,6,205.33903200308595,0
77.94132276045865,2,20.934112274563645,69.22320496095358,200.09482604109607,127.59989713289482,6.147685312642137,161.2608424775892,54.650006031164885,11.713479573102813,3.630568911893661,15.956126689857516,6,230.16500136617026,0
38.61091413803375,2,20.66989591719945,77.61256247643934,235.32656458408727,119.1355309075054,5.793706976843431,51.2652518796926,68.81737463662698,13.742506431929758,4.156094845183626,23.273605632895674,6,171.61332502304612,0
40.35966368072894,2,23.579371165368723,76.89291364302566,241.69332108314265,113.39743095976577,14.538028830226242,108.86562881754672,44.78864889170025,40.156091394794466,4.6609627595782595,56.37134127856388,6,233.49396286683535,1
57.66241105426097,1,22.68563046683421,89.07240331450093,296.71334569303065,137.97271147582526,5.874474198014251,106.51562147612701,55.19681607853392,18.446335809113783,4.017205869991221,43.185316736066476,6,220.6792296038433,0
20.0,1,23.626142782035295,84.63508039600015,197.36218448982564,79.96975327152829,1.7691818166636186,43.52133748638833,52.860743683274315,35.10980844378343,4.627476086041445,27.945361140054512,6,193.9907459892489,0
39.92485422674443,2,24.030239804882207,78.1715492075828,230.21032590047105,154.56712003933578,2.70593193675631,23.3612712993592,89.09296502601714,6.3414902093736965,3.8733824286238177,12.214939702775421,6,152.36523185018595,0
67.22205964147484,1,24.9,93.03157744854357,260.32727218307,150.64940580033092,14.68043852362245,67.15970706377294,72.04449231995123,36.34666099323065,4.746054279928347,61.47853345885863,6,246.6087418937516,1
50.209027250474286,1,24.724921500620024,92.08757707233997,201.33107263459075,83.93607809171974,7.829114942238971,231.7655257897819,29.73277044288938,17.6842449593771,3.761200538457637,14.539734483651912,6,299.4119503172466,0
40.496526221228315,2,21.763204514774493,73.28412076364832,277.0716577445925,128.14411191251045,11.952714865809375,161.66554571403995,50.064278474310214,9.387629323292348,4.101197700088713,6.794381733200079,6,230.30231489289594,1
41.017107110371356,2,23.863797355935827,77.18608448260072,297.69548640159155,118.66666703708404,7.106906547521652,143.6510284615995,40.98338374130866,5.386057614811948,3.9742291400565084,6.13769973795315,6,242.02854262418333,0
35.979468177998456,2,21.696778861445196,84.60279413618993,250.31604291784646,109.22784076338004,3.8842290691606745,63.56479082798505,83.79649816741458,10.238770251387086,4.106598231323033,10.61020524306692,6,196.72337788281723,0
41.20546044458365,2,21.71703512327424,79.4399011575073,322.45752392860595,93.40459283365051,14.290529276118313,57.87050924403399,56.04341400977019,14.212891992539596,3.9159851302774515,28.443516718139925,6,251.84950959133099,0
53.57946236588323,2,22.673344827966552,77.21201719706634,196.10052859081924,114.45723138372463,9.124184823743217,75.0134811667476,54.820234811921765,26.637713417252478,4.0194839717234885,27.830595955175465,6,211.2124217439239,0
51.12769016387989,1,24.190456850461253,87.54502211129187,157.58640595708334,101.42641104354095,4.96429401157747,105.32201279090988,71.52663893927152,11.771039401461323,4.6546629660728245,16.97545919352422,6,224.03097533721217,0
45.69446928980776,1,24.9,94.79292812458584,263.9834379180964,107.08689009792494,1.8934047589423657,171.8356691464018,45.61183843283398,12.283896960096184,4.31260428624537,19.207378850110683,6,248.36939520754663,0
70.68980378092891,1,20.51971859717271,82.26307376097778,218.06222151879462,102.97982470005441,6.331565430056461,117.07659507462263,51.968293585848826,19.604247426413774,4.203203007031842,24.330842230479714,6,223.71282831789065,0
55.80091594227816,1,21.743957479926745,80.91263781955837,178.9202753779494,102.64509176306392,5.114328215279464,106.6429770585112,59.891244708064306,31.34550729868222,4.371682586063551,39.22606428365227,6,211.13909698275376,0
24.59322341351772,2,22.836088393039894,67.72083609852395,167.73641922898184,81.87653099606787,4.633792374913653,63.629690623666264,52.52927254162489,5.049477661448555,4.135397756531395,6.594085270155045,6,159.27676813760561,0
39.35294208959387,2,22.112961443385142,72.25323221098182,181.65181369069978,85.67494638759285,7.476873647393704,41.84161101023224,79.25814319511613,26.436857888274428,4.115621721868138,26.933441918738733,6,175.33166179648745,0
43.40410732505351,2,21.49689974297182,66.19418668974865,203.10725541724406,103.0475059377707,2.3244978814501596,51.93650285577715,106.73664862900613,14.216236846827298,4.561689857248555,30.632395053326167,6,165.63962516009468,0
56.760516950513306,1,22.58814896762694,83.8567686864197,235.48834668761873,90.74512387910586,5.648167883540199,85.9383881955906,61.132277500464525,25.432728446322397,4.394861686354103,29.325711964550997,6,220.75471256096614,0
22.9697056482828,1,24.644946544811646,84.40224531028105,221.88018870080955,111.11416069709074,3.5031083323037264,68.1684196448321,72.26463532581707,18.347531920160133,4.2771205286135645,38.15086377322292,6,208.93976386628478,0
56.19995538776098,2,22.382902391296568,71.13639176201664,284.135788989389,114.64043220873312,15.52534238994129,88.69771717675144,69.3899303355516,21.19354035633102,3.881544554580868,21.80124118270408,6,216.2240072826475,1
35.13391097525424,2,21.38478624518046,73.83220674581779,315.3786174120849,89.16418967516238,2.6698396328926113,37.88800803163868,95.77867475716339,16.381429670143834,4.398791902405187,13.761319293483233,6,153.13810629668654,0
37.99513261147612,1,24.13008421619454,91.66630769967631,245.05430356908576,118.48795968801483,3.258835511430043,187.06563624279028,44.94359332348463,18.9635360233174,4.265969337031942,25.559856524300884,6,246.4876265927217,0
53.332748431672826,1,21.425855975015118,86.08722589144696,142.04217350367742,116.8351580998369,9.257100818510551,61.604243491207924,75.96785760121875,45.35307274873549,4.539201595662655,50.65422114944729,6,212.5712642549348,0
52.25560829606462,1,22.431329888203965,82.22691908168038,218.8214053530324,161.9479592204598,4.049611878194298,49.831420261438595,57.09852282277517,11.272108899713489,4.178933464372129,17.415131749940326,6,175.23137628148535,0
53.6365504899754,2,21.957071801782188,78.34023831015135,246.07634509512084,110.9743360843249,2.4147705384066525,28.715476514176384,90.24509902668919,26.936325895124966,4.221303043357871,50.35040379684811,6,166.93439686094865,0
57.292327013249114,2,19.542916739308694,70.46501220241247,184.07642417019105,89.84779534949325,2.172565281473507,20.0,111.13363893697728,5.579622382125885,3.8156508213570017,7.0511075131533865,6,131.68550103275382,0
52.81609957340411,1,22.06825390117878,84.76659235943907,219.23659913454728,111.28050002519399,19.878231435958977,125.4688226666548,38.15159065622298,26.094760142098757,4.010239560809816,60.05307013222593,6,256.0202779213444,1
40.778908874633245,2,20.8559643913014,70.26265790751097,265.2391454824473,85.89662651415571,3.2855148222267068,43.298348501091525,75.7564339635688,9.609905678520038,3.7782794627046457,11.685497516389946,6,153.54568654676285,0
67.75490054796757,2,21.32307965931297,73.75265454605949,143.81036125388778,144.19252979336048,4.057568655789642,141.78407619576066,63.51778298307155,16.82431149011422,3.9379799645775435,13.686320843658848,6,222.30217724454815,0
80.0,2,23.076282069053146,70.17457960823255,163.6702175979922,128.33105305867755,3.057303498401633,49.40479219150148,54.59946425329679,16.154311133359787,3.8916690196729147,18.406052591704533,6,186.79057328323418,0
42.144874443355604,1,22.491138696163286,81.27224770085084,235.7570007313693,107.2868850422519,7.465109775878867,58.899674326692534,52.38152609886557,14.504064243738574,4.0938270960116325,25.49158705814014,6,190.65520241892634,0
34.711234425445035,2,21.598171364783724,77.53009883964894,278.94262557672226,130.24642319764973,10.923046880768876,67.79229227696176,64.73509183829749,22.736807298147397,4.427474434148711,12.244077870884016,6,216.43741390961827,0
73.47286352346336,2,23.0087024059032,77.62814844660612,237.05910609261164,126.23349567698868,16.892015921448404,309.3226386423102,37.91581516103971,16.287581564116,3.8057281277542465,27.913900391884926,6,329.97152732491395,1
27.083445008944903,2,23.863648432050702,74.46003302110614,138.79922478843838,96.3029112713859,3.4885515569857253,69.35572067422017,65.64306270572973,20.819048456322424,4.097708349399967,11.060183829941343,6,201.01391843693006,0
37.624245355528956,2,22.856399721717423,76.65806350229049,216.3079543034929,101.48826918763649,11.17339472569938,46.130231494085834,70.51418838285775,13.084548376383529,3.5860858256180124,15.011394151866421,6,194.00139406975018,0
35.96880105677458,1,23.156031597231596,84.47164365001869,264.6069579001918,76.17358999473741,10.19796874062777,30.941128613847418,73.98474363184452,9.685088746634698,3.577028017762749,5.0,6,181.39213037180835,0
67.76891994283329,2,24.9,80.37586225525874,80.47736961882589,136.7903854371661,6.6940807789359305,102.13637056248126,93.8896100245321,22.414612467011807,4.168594765191299,23.360631562501382,6,199.76008074569882,0
76.06983111196539,2,23.440281428469486,80.55534227244691,277.0806792477764,122.43702046992003,14.328898470680533,161.79805031921947,74.15512329254987,10.087985862427455,3.5836804147305976,29.105138710477092,6,268.9132044382183,1
56.31099145568246,1,24.114882088401252,82.51718455308574,157.87852125373303,90.79020029754615,11.660266368975595,34.83272855156827,75.73656087632203,11.639666376964719,3.961541466247224,21.30735944831876,6,205.10449398103728,0
60.081109318282934,1,21.734088525617615,82.08712486889593,274.26259328391086,149.4723384465713,4.070661122378128,84.11951519055324,45.90009491905248,13.95388041387855,4.512437222522099,11.548801517140559,6,191.14015972152356,0
26.90939164175346,1,22.46763690776824,86.34502229238605,244.06490633011552,93.08679732775198,2.9511088506536383,43.64569445763424,53.86208592856991,10.729901341804542,4.607898887737913,17.616780642663702,6,189.83952406051998,0
66.10825979228233,1,21.0253925251747,75.66920659472862,189.9743875158973,109.55519647092916,7.769766662105316,55.499996696335316,43.3776218617363,14.14279697508885,4.591252162468394,7.93316016948635,6,185.18926182698235,0
78.96425113659208,2,20.37866076106177,73.07824935375474,97.65287206249698,99.1119468257721,2.386528316733185,82.99490315191392,79.29148309430398,24.14991344082897,4.264812025691698,50.49205398504234,6,168.9677699813874,0
35.853724923804336,2,18.5,66.85951294215812,201.35989258748276,85.86897549574756,2.1637007518627,41.82997983599919,90.29379138493397,25.236228025072386,4.652624556622445,9.993876852515928,6,159.99468236598312,0
53.347169755000216,2,21.106755275149613,72.87021123063766,252.5321997886843,120.24126067650852,5.146579416128983,117.89955378794723,65.5418669000536,25.50566201029211,4.587336230845396,20.799250493968746,6,172.74659119535298,0
36.06622072898925,1,21.122834722624564,78.48045424727638,124.91993667367505,109.65872894083249,2.695177014994858,68.41616773481137,78.39684411291542,43.462182316472465,4.620469640740112,63.52057802094303,6,184.49328186198312,0
47.950331212944555,2,21.71422873602747,67.88816365529645,221.4554850165648,105.98024010865944,2.330628950472363,32.80149464403082,92.23195266311377,10.912120860618133,4.263871654302327,9.195660734525688,6,160.44474601766183,0
63.622573830969586,1,21.74662693003178,83.16362289260205,103.73088209958514,115.37487794679923,8.69282173547766,92.4060082857656,68.69522571543051,57.80412911815092,3.8964843135386382,24.25500621644924,6,200.28587883616083,0
28.07181816164231,1,24.42315385063224,87.04097203928666,230.0134569642614,113.34208660000837,7.6225023999562085,99.94062096371657,43.820730829211286,16.936535121889555,4.47765322283145,11.746960656242212,6,237.00083780565632,0
42.25712496699259,1,21.967226528894784,78.56675508975837,208.90227880600585,87.2479018813946,4.520749215385985,118.603833732537,54.77454843994417,21.475956220397,3.8420553420242287,25.2086173468465,6,213.76433141828147,0
80.0,1,24.9,89.2460198755274,246.07856840371616,114.63388760840613,16.984390143008987,172.484754076469,40.86168986753251,40.483372548860736,4.247265343113836,27.557972668895637,6,295.6094997754117,1
38.056174819640084,2,18.57513607134228,68.4774561255651,250.66094168270735,100.05998114132416,3.385783491174316,133.74420963921412,38.54112453665383,16.10805127391622,4.511953534480645,8.209446766920259,6,185.87905388788755,0
80.0,1,22.219502761940674,83.41500192618614,263.2140616710374,106.41121720824549,3.931867190821876,70.71033226842577,70.12009387759177,7.646169228826754,4.585467041181335,6.507355012621259,6,191.29433823688734,0
20.43836988741831,2,23.739728554037846,76.98199199827286,315.6060921906378,97.68989816461439,3.8170049921674667,43.01630791088937,63.91782752399018,7.686409223357617,4.089634829409103,5.0,6,186.51101714125664,0
55.71346536344926,2,22.650377527571614,76.37642406601421,263.263759808048,124.8764261506458,3.483560964678406,59.26242740915814,74.37412302032656,10.052608260381199,4.23594198206152,15.848746105973172,6,158.2857441999095,0
43.470523223571945,1,22.198393847764518,82.53644727494058,283.12513501877686,102.0221165530829,5.088327072557778,69.86044347748005,54.92328406578018,16.079920030731664,3.8584985984621487,9.847598552841674,6,187.76964791426093,0
61.352481118139124,1,20.4366751323454,80.66336059126418,223.9807850067493,139.6458453624874,12.416751481409978,56.2839037551175,56.10018379631794,27.98346262659941,4.510246268805433,17.079503111591645,6,188.54487764020735,0
79.2759378040527,1,22.391706910190184,82.03039248375134,234.78921846788379,117.21856410608021,10.292256973575755,172.52887072962906,46.805146259426515,39.97230856399242,4.509363547959195,53.580069169198204,6,250.3034284603519,1
62.4738885945148,2,21.710208952112485,69.5332331473007,224.75777199873406,106.56222572639845,5.671300572242422,61.667110549636135,104.96073835046744,11.137840836071177,3.8885768764810043,17.207964709563488,6,180.61607365493535,0
38.231692164450685,1,21.32097062277019,83.35935554102826,263.28282353148893,74.81044880420424,4.57534125125361,113.19150490830155,49.30767241840008,15.879535134124428,4.36463332132787,27.603727820058975,6,207.79302251859778,0
27.291547314127218,1,19.64032147250192,75.37972682140214,177.53922980064726,111.05499651236654,5.264769993599726,56.249294953706794,59.79374826258054,24.049694189995897,3.8438529517829405,10.296571790184375,6,170.14446460258029,0
38.372548786156635,2,23.1552012644495,78.21072600990206,231.805911718458,126.40317205390491,13.1636977659754,82.408026108566,68.04429603445533,9.13865899411195,3.9355910625394763,15.534359217429483,6,231.93134696676316,1
66.01719671634812,2,18.90690185776456,66.1576913905678,305.3358798754484,74.82300862900165,8.469869869837199,103.46269640717153,66.99196317594235,15.645920968255453,4.2596016819456235,10.64162889372232,6,186.67440791951185,0
47.126464790053774,1,23.473979131138204,87.02503912550807,257.78519169169846,113.16783227153661,23.228101053865462,145.07790547621198,51.339170547399675,15.197407430869003,4.362715809221998,38.13604609580223,6,284.7037881589145,1
30.170948884785847,2,23.218144129234027,72.09194710045702,248.227246415484,103.51647819044636,2.9107655985027168,40.05761002770618,55.815404086071474,12.588186896956357,3.7667135216107543,13.367412512751534,6,146.9856676766572,0
38.78158923699096,1,22.505773220150925,92.00051075564582,230.60440483922747,113.42179210465571,5.098022399579652,134.79647534427272,49.325602959654724,27.949979330028626,4.465589257191627,18.72998860563545,6,253.09089500051573,0
26.84935215791165,2,24.47304474349693,83.94707519396599,193.92858598931616,122.6641499338259,25.583718131787204,69.62361424011063,42.69033983485334,10.911723418006419,3.927944949785804,8.49385562352005,6,274.868286896073,0
54.19305292770558,1,21.496267802723615,80.98507579640986,281.9343852421103,86.79165372074924,9.116151131705129,43.09991959810158,53.71215511269308,8.31463617959817,4.02110591003462,10.5755062289643,6,180.48659439424347,0
34.04547553181885,2,22.846424854197608,74.0225016143966,196.78834298285062,86.89839544505242,6.948438889711095,72.05885283761792,41.29947582497509,5.159622336140823,3.8703582193177013,5.0,6,221.45873054100693,0
20.0,2,24.18466181319723,83.23872615630927,264.64410474723553,95.5088954868472,4.511757435750705,63.8882968448883,81.20035421291146,10.05323044470197,4.696863119526828,13.805817276277343,6,195.24535417082964,0
44.7171027251868,2,21.931409023275386,72.80482254563378,233.5692055445524,108.5322361869621,14.006175293903784,83.32502680892885,57.507115732893645,12.095190705321144,3.7564687215476815,15.832199885257108,6,221.4067306373912,0
37.89255017849275,2,23.145981402328154,74.09915634584847,156.03197797364422,109.28614607260774,25.054327292939767,147.87209073647176,46.8281535128901,8.277776434713568,3.959962105175144,25.045503074007666,6,280.43051128568743,1
65.17161015818894,2,23.826517150919873,69.83502002928593,352.59626650363236,116.77234673827472,5.016106639489776,175.63425028920025,47.9005852641162,22.43692840871831,3.986573963991137,87.21051572436197,6,220.63715083876644,0
59.90946521807199,1,21.26577155352216,77.4723863778559,202.22421604258972,103.4451811013884,2.4145428284240555,77.86562081834875,48.510652443293644,14.463601910124444,3.8850968531605585,5.938919881624775,6,170.83444457246384,0
37.83933011106411,2,20.68292201615353,74.50696428916456,208.01994046994727,85.3354046794306,3.635843424469542,63.103998451198535,80.6319260157465,14.084285438006845,4.368361068369532,14.198612992548627,6,171.79698531399254,0
56.73657824675313,1,24.32898799945048,79.20435875377703,182.89959609527708,111.05867418930711,8.298678125862494,183.46957148399534,53.750203331342696,19.036480842479374,4.392241398906033,25.405607831261737,6,264.6065589568644,0
59.081430271915586,2,24.226996410680847,73.29913480043358,178.93203756802274,112.34947329203352,4.5067759352276235,112.16404856853715,42.46759396211599,17.668634839414274,4.21039914813022,28.38982928911738,6,216.6863408219029,0
80.0,2,21.068133692451564,73.01709254072742,248.28545974200432,88.44346281320938,4.370405857059425,88.71522806538792,84.23228567485427,8.161579684631905,3.9431473941023647,5.0,6,193.4502376705351,0
49.22333096066615,2,22.75067228560597,77.85141482887867,277.9031005121449,68.39621441024823,6.978039584034748,88.48231484436234,50.0523026284762,12.83026304194954,4.068916637141481,7.514299649002148,6,203.5181865527867,0
54.226355729554655,2,24.9,81.32210535704608,179.6878733250734,125.56238531608463,9.49248039354965,62.1208657100394,71.85781354230092,17.742837405561087,4.154771922019156,9.584396825324838,6,207.18639838661355,0
77.19317909052947,2,20.857061206755148,73.61587914631085,117.12252056161768,122.15639601047273,4.401729320432794,55.56523680007252,73.58740971927641,7.072166666773302,4.017763442074531,6.7549462045625255,6,164.06527005515323,0
36.40175962923409,2,20.57696921445639,72.0930749572528,209.8170039345435,88.86883703537511,3.22805975855086,57.07078712709646,58.12203262670593,7.138335640849213,3.7985063865954114,5.0,6,162.94350320056643,0
28.162178490932668,1,23.019260288489335,91.36135863211719,273.1445334593777,95.02012895319436,3.476720284738277,50.18414301331485,49.99896244153056,11.544018804626722,4.04311703703975,10.364929165739996,6,183.02108847498133,0
26.515188480998788,2,23.06047029049987,76.13867221549694,168.79638552740502,111.54704804831798,4.259365390917099,55.968125774618564,59.69659040970154,8.658837150871525,4.564911578844339,7.529330930925328,6,183.45517697691966,0
55.34712107123566,1,22.102484965060164,82.87830672456916,206.7723574902967,110.41760094615712,9.08748834135514,143.22430831035498,58.42788723970005,36.44922832793869,4.253894211405247,43.61370510308881,6,225.07218829021295,0
69.60185519997303,2,21.356818237636123,77.96506406787304,240.90438784578387,98.38777041560029,7.44365898991672,78.95440308725723,73.27938525466732,13.313738309559266,4.314655851278116,13.182266277899553,6,199.21854038035673,0
66.32208534602131,2,21.11949683421032,69.9004198026417,191.03401235850825,112.22389290725928,5.369730946250699,116.38048799370603,69.36225134115446,18.741890910346243,4.104503718811941,13.98227012607143,6,211.20575889146176,0
36.57667148272016,1,24.9,88.7952233931073,307.69660012014117,106.14009065946667,5.42803308175193,77.78938221840191,47.46884290140491,11.596364483266441,4.522535804208107,14.318724714463132,6,216.79293580121313,0
80.0,2,19.2407335834841,67.11326645829764,225.05713824426732,91.63875984218812,6.814553568719742,58.11804563854047,72.49215838477805,27.0138353887929,4.112546661402882,27.131654908251633,6,183.67340256806403,0
56.568495514948715,2,22.8097871542542,74.83305915676318,226.4245804270755,106.44626204252054,6.148971903073511,48.13606218816063,66.28322747581274,17.682632468612816,4.028588357191378,27.58847238082706,6,174.99958927035001,0
60.096853439921816,2,22.209660943880554,71.85960058915397,302.0384450706697,117.88562687140443,9.468138143836072,105.32113354677438,46.39830822188488,16.60564895268872,4.2480622484765345,24.242677071959267,6,194.8673787765498,1
60.825534071314266,2,19.997390363087245,69.66701171260327,177.62692805046032,126.24065488347068,5.830469501932644,123.9046751659625,50.86780839739721,41.24896663626596,4.270094517008421,13.982743089492603,6,199.8983387746998,0
45.99664872541889,2,21.810265662860626,75.5336551159258,228.02088386020299,100.12680978694253,5.197785686072242,49.259789178668406,80.50111342492812,7.015234709644697,4.182635482603734,5.0,6,173.22998802016122,0
37.953825008106115,2,19.70767283883092,74.32304642634864,80.0,82.00400545309927,5.072603775416808,65.52982823143691,68.60309509937689,20.282272265971827,4.114273066598386,27.66059241822763,6,191.51262960531358,0
45.52639704899586,2,22.96205571930159,75.0731908444699,103.40773136048807,119.04526037802809,5.4444676673228685,39.9980882262725,83.94402128074584,19.44959781419292,4.138676884090777,25.619698608548862,6,180.09849648176825,0
22.694447068809183,2,23.493184011574204,78.0579858414585,293.02294707156204,127.18558702372881,9.411586303678916,160.32895966508843,69.61751503693688,40.693834479092956,4.628598916623656,62.127894264557746,6,241.25716835325292,1
66.2086718383872,1,22.52198782238771,86.52968007691652,343.17919090418695,110.62465877136633,2.784962731040868,63.62686713920566,79.25503937425592,7.959620767477911,4.510973017229422,11.823661646426098,6,195.24266646381622,0
46.77654393118944,2,21.355216672931896,72.1454616572523,145.57684396470552,94.34264493355148,3.849633395652426,47.66478841349586,66.87544727700728,14.216774607345272,4.292378075812122,21.666240575953847,6,151.8955678123916,0
21.2371528223387,2,24.451569763458963,81.75493943378544,298.27043735395046,120.9967153819284,20.553897961574783,153.3710351731107,52.58324280915195,13.612880939585109,4.0495849928354,33.429325559872,6,304.1148373077072,1
58.58693890447449,1,24.9,92.61617212587885,257.35633240891895,113.21715581372797,7.712103852299294,41.227573500492255,73.81862349795067,37.362991089271056,4.111043281679725,77.10394359472343,6,202.2980305958972,0
48.72244022279207,2,21.68910474502233,77.05497028894635,393.8166988854097,100.39128773655884,10.432865643801712,130.60249632135,52.68844999389749,7.528189258768595,4.034747462504971,10.342658303304567,6,239.93083464138735,1
40.73718258829054,2,19.143663079986744,66.25092391646226,243.6033464132411,73.13207991767112,1.5,37.405377239719215,69.7065589741867,5.0,4.4581051131596885,8.431409126919341,6,151.25988847329853,0
20.0,1,21.360652302607058,78.72693834057242,228.26697094569664,89.86582786356536,5.858260387940406,94.10042808847474,40.01328184410091,28.221787969210528,4.367348593774891,43.90396359535963,6,218.56087189787232,0
57.37037351852308,2,19.453972068365417,71.64440854457992,297.094096343626,94.57723192916325,2.715002352260242,38.609791934948476,88.33165356882765,6.3842651986653385,3.730831947109656,7.612542518927845,6,157.74645424966724,0
45.145473128546186,1,22.82518849602639,82.21103864873847,159.2204045556045,106.84102408975117,4.544966640448057,51.221114914238434,80.53826307806703,16.104564907026152,4.645148521987515,16.40355352587307,6,193.17894519736313,0
20.0,2,21.593415898695934,70.5610825230032,312.62697284916607,70.89000015652314,3.2624803022162028,62.50708729899558,71.3845733985481,6.941907694260039,4.3775550843303614,9.030194711005782,6,158.57520841166578,0
47.972802274938196,1,24.20875714229061,88.49044349003321,229.29021132068135,111.51333252473317,12.552966686757934,102.83712547974257,62.46776313146935,48.60065841021212,4.910075317179988,46.921192419968165,6,224.71731516900002,1
35.52446243824447,1,23.998194859086688,87.16696153571091,214.29919897812914,89.42434595866806,25.00494456319412,81.12208479353693,41.43656318300427,13.728673497157077,4.195591534533992,27.052173321783357,6,284.93517120543936,0
20.0,2,23.51980144391995,81.8586350987373,329.95784126647663,106.52631756626445,14.049257153250686,59.51107658645849,86.62956583052862,30.968386510575048,4.1501201262317755,38.24831813130842,6,233.27046617076417,0
50.105578602837554,2,23.415939720942742,71.56498821473511,279.24199972032295,96.53476911236254,7.890470015044616,82.48559207324459,53.19620185129188,25.305326856090318,4.49081961929598,25.11523642593362,6,194.41057399042296,0
79.45582102555798,1,21.79067006630997,83.93757047370751,206.9851132987999,121.5643345758606,2.9469451767528683,128.36145206092158,57.41474253210278,18.1780378975935,4.448963598678694,31.471187978324732,6,202.6476203717411,0
61.05735723332995,2,20.070459373275245,69.88151105818099,309.33116049724185,113.52843907280786,9.420755607893316,110.84751260732618,62.41238925557539,12.799116075164356,4.101630782891987,18.161438938411003,6,189.58399610886596,1
56.86301740112566,1,22.49336283393604,83.64843201002859,267.3877804398589,129.58989933665956,41.04982958580976,198.30196999694095,31.939370694170613,21.930809560203567,4.344092901270127,15.320330477308485,6,371.11032935097757,1
78.1999558860757,2,23.182116070091865,70.30282953456671,184.6364134706559,148.94776667412103,19.282100616673414,42.749345885459384,76.72695286360589,8.920059926905843,4.126181020185777,9.360646791611991,6,204.8979639938908,0
54.21838037049034,2,22.989940024260406,81.54990667007219,215.77385381609352,132.01710715327346,5.931816367458937,95.24076906297572,67.15080012594215,11.39765545122908,3.9330676297000604,33.40698281126483,6,210.4804608294932,0
54.55930495665028,2,21.42882939040757,71.69806163308105,302.73541906277785,95.47730067620996,14.215917544210543,70.6364347960505,105.46538392319185,15.631596508089585,4.091894258199909,23.838072819663353,6,198.44026777142537,0
56.627138514389955,1,22.01837825566929,87.22002503084514,305.87383432507823,125.61130516895234,3.5825281599181578,159.57473446653253,50.3597606415489,24.20978809081279,4.303257802932326,33.039399981236194,6,255.50992466248044,0
50.09785727279577,1,21.256118812515563,86.98571324601447,303.90398066956453,102.50002878585518,8.6009877964314,90.54488264894815,43.73263792214098,28.44131150755986,3.9281352691253533,37.64376073610931,6,210.42045644303153,0
38.53040221581519,2,22.094627979946566,70.22246064818795,196.72947714096986,89.20860703728815,9.754950002619982,54.39120116323218,63.3961520670101,31.407404471453095,4.38481336924112,26.788873567585025,6,186.60458168150615,0
40.74577038586374,1,18.999153688863366,76.34129950663646,271.2895938908723,75.51741540366558,5.948383063210269,57.060128863862765,56.38067988587398,14.258862021854284,3.8591083233729533,29.220728488473977,6,159.6841146907443,0
43.10412373090188,1,20.635616577823512,85.46761311981717,229.04914245833265,90.08861045380775,7.1471566946261476,81.51713980881975,52.28692016862742,21.5151034064534,4.308499390272919,29.03778678195642,6,201.04626290516836,0
23.255854761848045,2,20.273080386257075,68.43445197331067,168.64972996957187,90.74276539647578,1.5,20.0,120.0,6.988044964498137,4.1035766446440025,6.199037696449222,6,144.42342244487304,0
65.49330070901308,2,24.719637872729198,76.20219162958574,303.0356227851125,128.56309976371162,4.781515624131357,152.7947758083798,49.493357448345265,14.593061950259104,3.9381538654451327,30.337270915298276,6,236.12196592609754,0
52.67420695048287,2,18.9733944299925,65.46346043499636,235.48672478159844,74.90882051698412,2.0515366572966904,39.617041175479045,61.47951702672651,5.0,3.647546087068451,5.0,6,139.99969740116148,0
35.82990071972384,1,22.6238067131397,87.42231780111014,254.70308249299268,102.79474425691483,15.6865033338173,69.66740198737214,51.48048773014619,24.185015922058493,5.33390917871866,38.200014948865736,6,254.4942289912171,0
78.98045191862666,2,24.17981734424444,81.15362138818423,214.8300634383006,156.45276705456837,21.32051171676308,134.9275485651584,88.93718620054025,72.24164944040726,4.4132606715760945,102.74725724399153,6,300.16322278091434,1
67.59306359364712,1,22.43320977101228,91.52390610792176,154.69615174420278,130.52202438178142,5.829582034763284,108.3477636762979,60.25148765195486,17.664195328064658,4.150304197854128,20.058918069307605,6,243.82513159009568,0
58.98166848527392,2,23.11516518550145,75.23003259054815,235.83083199941814,71.90811252219135,3.4324381416873617,74.9256223039194,98.88032087674002,13.132647812972268,4.199658753132795,25.527552380658847,6,182.89566678412268,0
39.04113788016532,1,24.00468106405121,91.00892661934442,230.8463441673345,86.41661412338311,5.246195323295256,75.96770129413838,62.517897942419076,20.064875445941897,4.2347719676762585,13.516871062935301,6,206.4422100471359,0
51.776226962112695,1,22.808966941653207,81.80548099045532,297.4940646491508,83.64881885790989,3.098769322595717,65.84166336369235,58.728997160017016,7.108546269104911,4.395831302033095,15.801602018290188,6,189.26669766175098,0
80.0,1,22.22066907531269,87.16790133258466,203.86891181722538,153.0462592607188,28.024909145745436,103.73087369941527,67.28008306125561,38.67466061590858,4.415283129797518,72.93125847298978,6,270.93257041992985,1
31.79525908628457,1,24.9,90.44194218924781,122.1499897903803,96.5142565957892,5.937418015974104,138.22469104736,36.848086159948174,16.849489037014127,4.293894013503474,7.973713926619526,6,260.1036633324694,0
36.693756402448045,1,22.335269500135787,84.244741241384,202.05921457169273,123.52413393853804,4.437677041698311,55.335652708590274,55.34922535320185,38.383868555113274,4.109981335911944,29.580716387143955,6,182.22794674317487,0
48.08958438586326,1,22.200497627148184,80.15485856353233,243.7392954655434,104.65133412139444,5.987962969122529,40.44453595121817,74.3889478815484,6.773403695281193,3.812151643936158,15.781787299071592,6,176.89858635234037,0
44.01369885361821,2,21.718909419790418,72.40899891405216,262.91736062045413,129.46171029565355,6.326365828744896,170.66418723739403,55.33336910647122,25.106489920083185,4.091668839687267,63.34506657219436,6,208.44067594342727,0
50.64590211841059,2,19.22197184361582,63.22956794771554,156.82352910912175,120.05685732292103,2.8953582493055845,103.63738039960973,75.41497940434316,12.195507916179126,3.468354160641678,9.229421928419445,6,150.52293970897838,0
54.182943388850795,1,20.61915331880621,85.94449960379896,192.48604534332264,106.41861789551778,10.270520108072827,126.2035376392671,50.85570738871566,8.772264650342297,4.1577489861216765,8.483287200576733,6,223.44863811710655,1
63.031415519627025,2,24.694014008935778,76.2077814275422,287.37776074674935,125.40412521735429,3.897770944781334,126.71378841176181,56.96619005671009,16.31484108369079,4.4072703089882586,19.283759675771247,6,220.52498897478145,0
59.88381962269955,1,22.53272733644459,84.82963351895631,80.71738950734868,110.10295346356794,3.7970847132551335,216.14933504525902,42.31682335294498,38.83992007978807,4.6508730227841815,29.705679956406136,6,261.32308336283376,0
56.856320380930896,2,21.545031935617867,73.69092325649521,229.3452011644022,117.42978586215638,8.44669812038359,63.81188707917064,81.15652841482013,23.464837532486264,3.8941493290329934,35.381798440453814,6,170.06042696547286,0
56.35079622203367,2,24.365242965291262,77.97731114570415,234.24796932411758,108.60631136327562,3.9391569304657423,111.50115170278349,35.35771016747812,26.03865325177196,4.528452968697816,15.409881364754176,6,192.3518652399559,0
45.257412265132444,1,22.30535937279129,91.66057225547706,210.8764038260776,101.88860030832258,7.305866135076262,110.37765706643015,64.29119214926976,36.162497127164265,4.6003873573601775,49.01498861284026,6,244.97717134544556,0
36.720977744391895,2,21.13216923216938,71.48673632343599,234.61540420227647,107.05172579115334,2.218524601821153,37.706588113819436,58.3544414991815,8.250055330503457,4.155707875008208,6.337703676912087,6,153.14936224853022,0
64.04771531009459,2,20.31427611281831,73.66155450517043,248.40298263997067,97.6909302113042,1.5,34.240681471795355,120.0,17.877065894847114,4.398111461948527,23.178138286602817,6,163.69101185266052,0
48.73805532290492,2,22.622504164103944,77.99729164680322,265.3459699245104,112.17096254033129,17.023033689573897,74.91267882092329,86.93833730325362,21.39167972057848,4.289164154824847,18.3863455985981,6,253.78462455352582,0
55.66456638436479,1,22.061396122528986,88.61434073231808,148.69192513214375,129.16426867524135,4.305319709946348,233.3595929967832,46.24264150241739,32.90614769616138,4.089412766165171,76.62869817988863,6,260.2063431786102,0
28.337541840261167,1,21.832483358686748,88.16454785128137,113.10160442104636,99.22045775317821,8.467507157819343,142.2966412374127,35.10685920863569,15.952883792094811,3.8003258347269013,21.141596551087094,6,249.48645142287907,0
32.59265089284568,1,22.170567756768616,84.46806968328923,277.96067137719604,103.88984583860803,4.188986750132273,103.99234042477592,48.83394021470404,25.63449050204391,4.476409820507114,68.07105415937086,6,206.23338184875402,0
36.71573326853786,2,22.69412689656342,73.69575305739227,422.3999657032163,107.49679418956757,10.012584587416688,92.22005313720895,40.4437599002182,5.0,4.044034654856803,5.0,6,220.45676218627875,1
45.0430098113967,1,22.174099998669014,87.66788302689655,271.800287994098,131.37386551543804,8.011017846957898,35.62296717854926,55.373344106973306,7.011927669918185,4.3016973916278225,8.777684484976486,6,190.80500202168292,0
45.07923230879482,2,23.60778986400182,83.70161516473173,228.85668308511103,119.67274397459033,11.266170937561132,54.23273057514039,51.929511352503866,8.398065452469519,3.6416158391509033,10.134122522254712,6,212.48004218086902,0
22.408698122937423,2,21.844383095788135,72.31958992251408,312.92246394863037,88.11796654623545,20.671406078228017,57.57028022868673,48.72577709752353,16.71736375855451,4.283102577500433,26.457030896078052,6,233.07704750569746,0
58.12597524106095,1,21.31640830051933,81.20095705274173,156.30669202420938,90.77455218694561,5.1605235930684925,87.64206256914099,49.45717969004194,31.644527028063642,4.347300110053988,16.540639996084877,6,208.48308518783023,0
20.343267497315335,2,21.52350024346765,70.18420556376292,223.78698842195018,79.03886242418639,1.7016610808298538,25.094271645902634,87.31300997242818,12.747825535353968,4.1560851229878555,10.721216447430493,6,143.40856309797738,0
51.25236696881603,1,22.83450744492611,89.87304770690172,120.21432773286699,99.54056202922366,11.743338250397018,64.36745149374971,55.16275283211437,18.043244732131125,3.9391714162415408,15.617543475587356,6,246.93981266860612,0
40.458094522510684,2,20.52945445539316,70.45692477946778,275.0403992772623,87.10248827808665,5.435704052590614,124.26982212038328,95.43747311490745,21.83720843534917,4.202420513983761,23.610904100363957,6,170.65624026309882,0
71.36763026300177,1,24.05954441223135,92.15316080503503,263.47313124802,116.14467760015569,3.428201570778238,100.97835162229798,83.4897594356749,15.239928590741785,3.920249069539446,73.68487688105677,6,242.40862909792122,0
40.03230080404338,1,20.57736101894679,82.17576564578381,310.55199284206236,109.28998372290228,7.063398433857094,128.7698660934385,50.9891277603157,26.455049870291308,4.544882980540919,21.323236128869503,6,245.44281615337871,0
64.82893329044649,2,24.224727722509183,80.70125990167443,285.3807742504706,116.27268926038388,4.86470302841248,79.47354928440265,76.05962178007343,12.040397745690884,4.113286058847488,20.877006747906716,6,193.26677883316572,0
32.94408119368708,1,21.27378811885142,78.87321617208435,214.02066074869015,73.3594567608304,7.70250963211215,84.31938378091128,62.258036489503574,13.584785898111639,3.789349411929572,12.323687618205732,6,204.8618009008113,0
31.53753648551883,2,24.847939765874294,78.26762569959155,154.7830060027702,94.56999479800832,4.147342641354805,53.17355789982012,60.593520575092505,8.473815589209117,3.957824395373321,6.366831952914212,6,206.51295352040188,0
49.94891770031137,2,23.671034600555323,76.89633073396475,235.77939741543918,130.45673952623807,29.78897588428857,88.31827700417884,62.263762193439696,36.6012688214035,4.071887808122225,19.32518592968533,6,303.7693439615307,1
24.338462012171377,2,23.477553280307514,69.29537734538232,225.44462446198273,126.52028293560495,1.6561564285450612,63.59116221274409,52.55052549152497,8.611236625538037,3.860807784069229,11.824604049790091,6,147.7427748587818,0
51.31186535805292,2,24.40109863597587,82.65880494815606,280.0030256727363,125.93141546109239,15.777180056879018,137.94654410571758,57.807920090167954,23.937854824113302,4.60931532042664,67.29217668106729,6,273.3867592716685,1
51.06885669011981,2,22.780883948284533,74.13267958474724,319.59582478009565,97.24654595591215,2.781378008046236,49.44743726807075,59.31471956654646,5.970383850998085,4.348802792170545,5.750872741247322,6,189.25387210592598,0
21.306843388337693,1,21.124995768059236,79.26507410868116,278.1444634472534,131.70796750118393,7.227933674160873,96.19445407699745,56.24439751899055,14.256567439470091,4.3818233968956335,18.466533754350564,6,226.42438810362708,0
20.0,1,22.201223382921683,83.78442214905446,280.5743628107661,73.36716787247624,2.172393728690404,90.77548006621501,53.17167237469259,16.626073519141602,4.608227872940546,18.376594958190545,6,185.188017456545,0
59.63710928034848,2,22.638628774500447,72.92128611566662,286.51091769303207,109.04737890329777,5.993470355350708,38.100033371930856,72.8049837173708,12.87808602891736,3.850675483788254,7.354218019714906,6,169.80566142201062,0
56.10528619852846,1,21.526049092718473,86.18580435137802,317.0576992372262,117.70551442873256,34.333291335937844,120.37891835578183,44.08750951101989,21.35990789814278,3.6195397214493763,11.521620344935974,6,308.3879111583666,1
24.01797750768885,2,19.575173555305643,66.32043514647575,172.24660796622462,71.92218540464192,3.5857325148513226,65.12049084368633,51.791119242717826,13.980172786041505,4.222312910185083,6.422459665524399,6,148.85929890471584,0
80.0,1,24.9,83.66914293592049,141.97749914017487,154.3469353606957,24.96739738876698,242.45570156440485,34.2772744785986,24.59568734123897,4.154985785091555,17.471868381934964,6,338.8969497271738,1
50.59043791608414,2,22.057587134697503,73.91781383819773,250.1271887854649,108.97600153909906,6.107091933285514,47.12083108549844,55.1493033628554,10.13263862674131,3.672379789063338,5.0920981451604215,6,184.31585496897836,0
21.113136534238922,2,20.40234214742525,72.59665921600714,260.7874866924259,99.41181673423014,4.007471262912381,60.06402288581007,68.45511746821384,8.960175347456948,4.195922975363089,12.127470832998327,6,165.59726895929063,0
31.668940842451565,2,21.686387151368493,75.9160879760043,241.31726405568202,77.24364867869431,4.665882816443447,57.90027311899668,68.37337038547528,7.960780484706547,4.143751621915477,19.14443581569378,6,182.10088134813628,0
43.20076644390521,1,22.921987993988086,82.37103757365163,295.44338770693145,134.0784093418675,16.763339816318563,78.92676476621348,44.14427331411132,22.029616701217652,4.460602362418136,18.749563887227065,6,235.70889715206874,1
36.05476809971958,2,24.9,77.04158787199044,233.22481855968869,107.2355130936813,18.595647433668073,38.58989577227023,70.77338765961046,11.579562453878093,4.214739571803772,6.852068838868251,6,244.64557079177575,0
45.70897065038666,2,22.446768902918407,73.72789397915312,179.64346988039637,97.38252656824018,14.246337686882857,98.75425834358236,53.27266741573548,12.449609908922982,3.9438106438712217,15.240926498572739,6,243.1194406591448,0
46.741983911781354,1,22.05891095716032,80.90708804418543,257.4990994331901,96.18987326915172,9.067007948329127,104.51834823441786,55.616023413345395,47.31393522867465,4.149982981584569,45.95287118503961,6,225.07459102585346,0
59.81526911193384,1,23.48960030227595,88.63777644910762,178.52132760446386,104.71873536036117,9.579422364790808,104.4803884409907,53.68441777891122,30.14635588954681,3.994133446789111,63.29070495919926,6,235.69551295736096,0
36.609665520796604,1,22.711445586968086,80.80886380576518,209.3134183877296,102.82674855357502,14.979753555975579,108.08419212960008,39.43436218427331,29.000798414023897,4.373601168290594,37.10102339802989,6,253.899476316899,1
26.965580998362178,1,21.342317955257414,79.76580707969867,186.85807668122217,128.3162924611945,6.367533661117493,156.35817151784042,43.58970443868537,28.502294128082834,4.250548290230443,26.881199277384223,6,233.60362647701257,0
44.76998542412951,2,22.340653797523647,71.70922335600447,322.2141379704186,90.29757784582733,4.011419289460578,77.20299194222085,61.91584628013616,12.05255661173664,4.2455664777974205,34.80965196495482,6,187.75272550608244,0
30.25873062689006,2,21.114788789024885,69.92319398206386,228.21169544296575,87.86845416236687,5.199939786239246,33.428452717903895,106.83330927995569,21.298014842505808,3.911003130993442,15.618821039099151,6,165.75376043571094,0
60.35940098325792,1,23.133035818931095,82.87515840534581,177.7376391194677,138.05332563416138,11.46207639548545,85.52805998265268,52.31402465232539,23.412068966295237,4.487911559271909,27.56365062751697,6,219.00682963521004,1
33.33989504400195,1,21.74977341047601,81.37065027555296,173.03172109138166,84.04589452041849,4.723286239273236,50.30922402591344,78.31111623340968,16.376713244097854,4.331335241790095,13.629546763016046,6,179.3598955760785,0
60.75032071880245,2,22.200733530752334,76.55453866853695,192.8333688878034,136.1612241944196,19.50554635183852,141.8623642229914,69.53277184569917,31.04770687531517,4.26721098974976,27.8167762376942,6,278.6915139373391,1
36.13967219489264,1,20.680282485912613,82.12041283068343,300.28698322305723,89.72170073473669,4.172456887112619,172.20074596624212,66.61404851310164,22.580465421268197,3.951612380878041,43.959925997617496,6,222.2101129588866,0
65.74336297499019,2,22.57470863541046,76.71112710444858,191.88706873075,109.59172032022893,9.010930055401722,76.69941458781176,67.13821978333118,14.127723414629571,3.9712609136998274,6.296990465500829,6,225.92086671689594,0
71.8814708509386,1,24.9,86.65908172256864,191.1808018525,104.52973053259885,5.556952710776602,145.9087698911184,66.92429616359932,31.662967240234632,4.60668511671499,26.346305087293427,6,250.97875168740387,0
68.74446547475847,1,24.9,83.60560176889788,228.29764610503335,116.54463452373966,7.822484145887942,104.99087623979857,61.00247706316918,15.527547848886512,4.5178436789337875,18.5184291183107,6,226.55904651327333,0
32.937827234187516,1,22.57944915774412,86.5530033886717,183.856682628334,102.18926930416953,4.887772371397962,83.47778591896008,57.86864652157141,33.78540427087756,4.290402588604538,43.88307360079638,6,196.3707113293314,0
47.64440900335688,2,20.71666959287161,76.72565101756047,251.3295409315702,98.19006574419902,4.953163851729163,90.88764878933075,70.140659470529,18.430801128843726,3.9816134236950886,24.989476692836462,6,194.50041019438333,0
41.537565201254445,1,20.652820554183485,78.3150293096243,326.7703037129026,77.66782123825566,3.088456102308117,54.090374976480724,50.74487430188597,15.3913656840501,4.036487854422957,17.97943928621151,6,170.3434057334632,0
53.286940040383044,2,21.9835185999084,73.55026396630103,205.9333493276985,107.2327051883807,4.911822631257549,58.141303555621235,64.86857726270445,17.367582917534765,4.248097624631377,34.849655346437466,6,162.82434294313907,0
55.48083968625984,2,22.849895560473932,73.87399864365112,276.2389560269602,148.0241478769938,19.147261375839765,104.54974903806934,40.55974739734381,19.117756203991743,4.398581695563433,26.42074872217479,6,256.89459806332724,1
48.66749069725693,2,22.31857041780293,86.5624407656037,147.65371532954518,108.28376866140499,15.313396746875624,109.78013235531448,60.85741671688932,13.642671834551038,4.317649480182451,7.945334498174617,6,267.54183110903205,1
66.02919856485005,1,23.226138200755685,88.66590133886794,252.15395010430328,126.08732685380252,13.475954875212482,303.10152850976374,69.63839353910558,30.641757633845796,4.273294563198775,52.49623594374779,6,333.50030372633984,1
28.594204708826485,1,23.50981007824244,89.15028699675608,289.41665061054175,130.75290600707075,5.165833095389635,66.38259188073644,59.75563720506026,40.856797279485086,5.316512856691159,57.20191026540043,6,183.96458165948877,0
42.61328396645746,2,22.605635299214512,76.81326013093964,184.07266258933703,93.95324606462985,13.944008747041327,192.53555432916545,52.379400166546176,21.24398565446616,5.168520771637942,16.69646183388756,6,287.40338019508215,1
59.11412863513391,1,23.157992109868363,87.71873935613729,159.10410449598433,90.27472762531403,10.057662593615735,229.32595742954783,51.04799985829952,30.794463444512363,4.29854982370677,116.93660925396861,6,312.8931309873875,0
30.775999343509444,2,23.219780682557175,86.37670881603924,304.51345184884576,71.95103594905213,1.52749714194361,82.35787489103659,74.71713358438427,9.002829523493045,3.754705545856548,9.446154012914839,6,201.1332129710648,0
42.09503991139845,2,24.780380202185444,77.0574983313459,240.21747005802519,98.141963014685,4.826931492844494,103.97666627343595,86.71491035191596,10.015806577103454,4.065569861979056,24.78845427249682,6,204.19964773849708,0
21.95036390241304,1,24.526676549385847,83.23840502736932,131.18203012169474,107.94104830204037,8.683750682452928,129.88816728334558,45.6292103192909,48.18152495162904,4.622569694952256,83.9303345785075,6,233.98351943737387,0
59.390281591160516,1,24.46281422859572,89.16632094036653,80.0,122.39826870040986,6.437709566152563,112.23741568736968,60.71126219984786,25.02680440482114,4.1064698691026305,45.136875167437864,6,222.28139157600936,0
45.9534941955684,1,21.28595805597623,83.49140947689682,197.69031327940772,99.95188680267974,2.941467783925464,98.07605174379087,48.84754293589844,15.204648399374774,4.440875747640771,15.775418665639673,6,201.40498916999024,0
72.13810908294809,1,22.24437862331649,84.76148148637279,196.01529551238082,88.6318883243759,2.962256874405861,142.9540224117789,42.716298833037,16.735876030930257,3.726530215822741,18.91913555006728,6,221.71214358771365,0
75.09224067076183,2,22.038596828722905,74.3874924603432,172.20847576705705,119.08632263299464,13.06489126001813,171.10651482158156,54.112063240098756,11.194126416033892,3.6457738528507075,14.016584853587144,6,254.45877880848627,1
32.791476195892315,1,22.999714020121313,84.21306225512613,196.82007226619965,127.86792274438338,8.334717604901877,176.3185541417668,48.916817682431386,21.134270181988462,4.173128332167402,30.97209994083296,6,226.28438208894516,1
62.66260008055224,2,23.517767542723462,75.3193421373093,242.58905498645157,119.5844990395846,5.875106670802467,121.59730873301888,62.448295588103306,11.922077713492321,4.359244253646817,16.426609673948978,6,215.15415698285238,0
68.94267370727927,2,24.844038817365647,83.90775225978965,210.05045378018457,153.76048210630054,14.447616878247025,189.3312091494053,53.99046717404936,41.007190120267865,4.350690623517238,44.32809743622614,6,274.42390122170605,1
20.0,2,22.49777467476283,78.77639790685079,323.9153696779914,92.54731225500765,7.434696213646812,56.122354832690874,71.84237905318416,8.76641421221471,3.9842550027693258,19.17937137897424,6,192.31333360551272,0
33.269714863717255,1,22.400472797405556,86.42914457691637,207.20635076321886,118.17107473137129,8.158389461828005,77.73937897406944,65.70524726907689,9.303504868977823,4.632574387210995,8.576351962318705,6,221.36233375218094,0
22.42844296301768,2,23.7148368204334,77.34781076769343,244.59540432073848,91.65432311902305,7.91598570755819,36.7858547074065,84.20707985000153,13.204084298817516,4.523721970876577,39.9425350162856,6,191.73288797135282,0
55.5627307689182,2,22.188965947737888,75.11402921754426,186.09623117213573,82.38078990518308,4.605935313339984,51.50265447304602,110.66242439036434,15.019888719638772,4.300917748505457,52.22901500673164,6,177.128391847511,0
49.19990826605964,2,20.511696677458193,77.89769792425753,201.13868611453387,82.12452357194918,6.288133743226053,28.528685758502817,100.53894552251813,31.131424441481194,4.358604588456873,16.636711229140527,6,161.75520837123088,0
62.022991751498296,1,21.862875801320524,75.73395335702338,198.5649627825016,145.89036774986803,5.736290552248646,41.860927280869575,67.73560279444912,18.247796110968093,4.374950650874433,12.176924021126748,6,181.43111103536245,0
42.14648519485021,1,23.14486739199412,86.55515090100799,166.94721786034833,88.09502067221835,5.83374902292616,45.34512346941688,84.20580560347432,26.8600580137309,4.283847525550099,53.20156414828128,6,206.95622470398632,0
53.45810689298605,1,21.84766290959837,76.14795461229022,268.31828432549963,146.17448360759312,3.9766489236370575,104.25756900891054,36.28306410893204,29.12225433021636,4.12623623083005,62.88844897678126,6,193.01579593331044,0
60.32733762952063,2,20.203433620918467,68.65091516563982,248.1593982165148,129.2130790594887,14.381241665643978,52.07940213462225,88.54315023257983,28.301001783710074,4.289618145562968,95.99525844977856,6,199.54810461940346,0
74.24560381230894,1,22.750553832566503,84.00426537296994,371.6693153780674,135.83552016009028,3.955093157802799,106.26297719854873,65.09033830947979,28.220819195535633,4.515974328774439,57.18449012668964,6,205.2844866149588,0
80.0,1,24.165022547071246,88.10833554943503,170.06913621984566,126.31898731633702,14.893173783653209,98.5406154857349,44.43640214844486,26.60494561664093,4.132993848798907,26.928797518240064,6,236.17724062261763,1
62.673559408004486,1,24.9,102.04987064713848,236.2659565381892,144.20952432912085,18.00526010454726,137.8353312198846,52.69227745069532,95.37327926896226,4.635652839785011,195.80819024402263,6,302.6633507477134,1
62.64656607075383,2,23.66426350906782,72.71881327541233,294.29471848695744,117.29544769957394,5.889445595886172,186.7753161557407,47.848010018729994,34.92637506541764,4.332473485807815,55.25410338589174,6,226.26254920839216,0
62.067225101779016,1,21.544856340650565,78.6834416366601,208.70265409222733,108.23866210650002,4.701265064343994,20.5346977082858,84.21007150638951,12.70502217548965,4.0656101806220875,30.819601799839674,6,172.7340456842026,0
80.0,2,22.630513676221128,78.58328206254869,259.29359542347237,183.92038471264271,22.30195037202154,141.11737290267138,68.23940110955134,47.68969939786879,4.0203901000681705,91.9731337626599,6,283.8711578883763,1
48.04697320008475,1,19.366246960060277,82.72744543236912,164.46297491760686,105.35219665985083,3.336372485546365,65.26009695454984,72.92680985573313,23.133605562462012,3.9609809901224584,17.3327343809514,6,178.48426612667515,0
45.40649194009427,2,21.268765704775216,70.63042549612553,249.7778800535952,124.36322575646999,4.526390713340609,114.86635160527449,62.94950227201927,31.42537321799335,3.9672194086124857,22.02781710348179,6,185.10534487993928,0
43.462005793325034,2,22.14608177555508,74.39855500085287,157.32537342340905,105.28641295966617,4.623960440743876,130.78144218665452,59.67264708176484,12.942092700252154,4.302858372151579,18.684323642986683,6,204.159739306999,0
48.28046305331743,2,21.203130493844654,73.2408604991835,248.4275801164767,108.55628174120147,11.083099065135627,53.568955920027825,76.77861827363469,38.26140772818363,4.337624476364806,25.519066323193655,6,201.6634505498547,0
65.19737170260284,2,23.85210141918074,77.14337284758203,249.81080503612023,175.09098819484745,12.912506921066152,76.44659120089564,54.640498324824144,12.946625762272932,3.938805855335063,23.88568950255871,6,223.55362649616833,1
54.52504351419611,2,19.6123744577025,70.29253382446221,223.80307750958423,117.90969003717146,14.636312785992216,56.47097397659992,67.79661853753636,30.37818290198044,4.551877967303924,20.670132592478282,6,222.90069574902267,0
20.0,1,22.935063470272027,88.93218168979348,176.3336802904758,77.17830182665399,1.5,55.870971498821966,75.0852685568119,9.250412049688942,4.394443274693382,18.123688914771282,6,188.69513372505418,0
74.64300291741561,1,23.271896175935364,72.69908188709442,245.77856535728216,141.8953801322768,6.689248610669722,194.21576112935153,46.43520776724846,19.04194570736981,4.597847294234928,29.977095087093396,6,265.9803246515695,0
34.22607009702264,1,21.60932078454625,81.80585829599822,220.06080662135201,114.31543483210214,10.32562785114914,67.76632986778382,47.85139857322293,19.301346684499055,4.072236278897794,11.293194236429601,6,226.97029913308248,0
26.017537276406742,1,21.11158154227784,78.6640439750701,249.5250870590683,101.37043859190447,3.2098538876064024,42.742993168000154,80.04594834740284,8.796247778569056,4.253358311290613,13.42070943206376,6,186.2167317560294,0
63.20144588696784,1,24.23411552387409,88.9979774239441,243.86560080944452,120.98766186550694,8.50735536945023,118.09243267754893,47.557965663056976,24.22246957489486,4.010120084978788,80.77052958266837,6,237.36503643505512,1
40.41929957219034,2,20.852815187806794,63.27882713554521,252.57093271306377,101.2551571388424,1.834382316780225,26.05309106842226,84.78801033256941,32.90763381688582,3.980834399173292,15.12542631590872,6,130.7517929779559,0
20.0,2,24.272411103528118,80.1032310416265,300.522128280186,104.89049287428766,3.542016712986843,73.29312297818988,70.8364279762856,9.027277251282822,4.428362143360304,6.295714240405359,6,171.58643252831837,0
20.0,2,22.804675468853112,69.73448013381915,253.48128286227868,94.21816607785897,2.2983521034520757,35.721904294289374,96.05328291379776,16.026429427725294,4.181812512647767,23.030638171074244,6,168.28188139285328,0
44.312805830570646,2,21.992593925036864,79.24033940464213,299.0127841535179,83.82237721730746,2.324148074939449,67.89257466823742,94.42512580624529,5.839416555007892,4.343051819974782,11.39744639170971,6,197.71432154788818,0
40.56140799795906,1,22.641328610929698,80.67570722437462,257.5090808515888,91.88695754214517,13.681721356918118,73.46768515614096,53.27346038795497,15.73539673894028,4.523952932567867,25.911036338447847,6,222.46596163433574,0
35.065986417294006,2,24.409832660391476,82.2151786700624,152.90707600990896,100.79670753505451,4.044868117482793,36.16075070229297,73.88121803787114,19.036231648182472,4.080764647979849,22.52217914386039,6,176.4091450872818,0
60.40191386832756,2,22.228982630169185,75.28715338717691,213.30325230156734,124.4400664822982,4.034169243013128,82.58985515080514,45.784577334455065,8.366200227962427,4.229089376843153,12.320392555237644,6,195.8306202721896,0
41.17409749889241,1,24.9,82.51783850464801,323.91395009276476,77.10247979030306,4.065330381574682,47.2347919691761,41.52128673101033,13.459221451849814,4.201846416037654,15.69200077324983,6,162.003756126433,0
40.35218764544059,2,22.21679663717153,72.45765510917637,250.86528411712683,103.19278483742104,8.275300601096738,68.5336184567648,43.76585979011669,8.358267820777948,4.299558701719979,24.32203718505494,6,190.0516170926115,0
59.1344470336617,1,22.072728907692756,80.29158463667787,122.7744011420494,95.62059551876753,3.4865045258452763,118.18567351143503,48.228099880448546,38.879004089767164,4.303873998495387,24.04497505165497,6,202.43138799032607,0
66.01869362682169,1,21.97571845317647,82.62966048775293,187.998124413837,94.97904577718515,1.8941520021925542,69.86231016659231,87.55121140953793,13.53491839012614,4.0176206680436675,43.36399252926852,6,184.2419924199168,0
56.61413477852001,1,22.913697270365514,82.30952005966148,164.93611897365003,136.44473488639366,19.315591739309365,164.96157827012416,45.31788357828132,19.21328847039122,3.550108197938073,26.485335602404895,6,285.2179491971241,1
62.37476607272161,1,23.946518021251478,84.98065719486353,206.78398581519096,175.43920024020122,6.851839335987062,144.34392973482926,53.66366841698334,16.94947812026905,4.147095674692452,46.12631104866123,6,260.5881495008988,1
21.95481893860546,1,24.748400534185794,89.79748970501446,80.0,83.88638091505759,3.301457830501481,88.9236256996165,47.25134163124327,57.24475071273784,4.1646725866809415,45.3838512940979,6,205.52016672696953,0
44.298213984058364,2,21.64885146989397,66.76359646994568,225.7963598662396,114.30107831384095,3.7302950007461884,79.06926153612055,55.579134553603126,9.411874147181573,3.8753422242474693,10.602123179824416,6,171.17407547680207,0
61.81998256386099,1,23.79185989610277,77.08035050444086,221.73826746606477,96.70275691611,3.7219943678501886,76.96355867320646,68.13408271002571,15.943618071212859,4.134465881969918,26.54618894291478,6,210.5463499340803,0
45.11103108664732,1,22.987465470456335,82.00945968730078,227.22812339584044,100.57885345379196,7.394595253119221,48.31441983939982,69.28231832334724,8.011323064138239,3.8679283672003466,11.91485348993519,6,197.98441199889544,0
34.16611806241415,1,24.9,87.89267908079512,124.46783548088047,102.02466910732214,3.259221908199724,206.87391857111115,35.08177693334571,35.571681849370975,4.313223333823077,35.472819510544014,6,254.52305779626008,0
51.305947740624944,1,22.97443993554369,86.07722072121612,307.1289959459883,141.59558308620157,9.451014377211443,113.72608008347605,47.73662436454003,13.665864062200654,4.163021160435281,20.588352714121307,6,212.9837114122444,1
61.09564442451747,2,22.1749030187058,76.04104971073936,189.32738476857804,106.08233144358623,7.204670483457548,103.14571616530236,68.69820042219135,19.85898729473063,4.054108375854377,51.80555722316092,6,204.60940582457357,0
76.5489626509387,1,23.358737113699473,84.80583045295674,218.76698994904805,120.54268943955272,7.956793145510273,75.3489100424017,53.34585468287408,14.364334227410998,4.56063073897224,10.516173142576168,6,200.51457325667496,0
39.97352564240867,1,21.776856884416688,87.02180894417293,313.1581478232631,130.92583924078664,5.310033408839545,96.99480429505438,36.36447554853584,15.61587896563678,3.840471017037271,16.9040538839297,6,237.23947469090137,0
71.38456603386727,1,20.632859237886873,80.30656027647318,277.02086760824625,125.68158970400819,1.854857601164861,86.03338690509582,63.82472199628829,29.78891735892817,3.9394677897537926,31.97760551725365,6,162.05589359568614,0
33.892326306198136,2,20.864889040393557,69.88768487618998,399.1985632753193,95.87543544031658,17.68130235748029,50.32598869474976,72.15821840967232,11.797953168922739,4.517733890407595,12.14105455678161,6,204.67120735440972,0
42.42461280523575,2,22.427582927220588,74.79051605651726,292.2898558058908,92.05186261185618,3.0925021161808517,82.04008772974022,57.23458284224655,23.409586804938428,4.036920815474316,16.63965721143817,6,175.06778104661302,0
50.96176452217646,2,20.54928971216615,70.85354762127933,219.23621739099207,111.2530476300834,15.831579309572088,88.13378332198307,70.66185449869013,9.978680427629572,3.973427691109048,14.026943516181422,6,223.78366977291407,0
33.335086152659315,1,21.102057581198856,78.40411901762928,336.1458138529507,104.64636705693866,11.929337250698726,52.61663907275417,72.80482324555544,6.6317250023317875,3.77039974158059,9.57290539337653,6,205.72252198566167,0
44.60003621948145,2,23.626352125291845,79.15203927536368,315.4721205562958,95.09579968657678,8.89818732351253,143.96417007517374,53.18857135281137,24.63822005263026,3.9680442785678918,58.524446568473756,6,244.78219528649157,0
37.596263126730356,2,20.10203890944555,73.5301231291027,188.58152205142696,82.8912167891279,3.3246841648107814,39.30711578169834,84.26288322919139,10.085715246975592,4.312976095033567,15.078892800233966,6,175.3776260576114,0
55.09227477486616,1,22.035448903805445,84.58875243027707,133.26870145336005,129.36449405152726,12.768392373628714,102.25439883022777,60.20149813301484,31.62135106974071,3.92797703229846,18.937283177271517,6,221.99633405812278,1
20.0,2,24.38998342530281,76.28629936021304,273.1606350619207,100.97343679059475,6.798399403813352,28.854059789635652,96.18866159137919,22.405268804472342,4.447148472720196,26.710061886527633,6,177.58989994009409,0
66.10062769395049,2,24.724073695743172,76.11148296579871,269.63350290371454,136.30644740146684,10.654986967727917,100.96893464740006,51.83063773502939,12.829875822423661,4.406884529497666,16.095011426499212,6,231.60653625248543,1
61.809378568738474,2,19.463929335512113,68.05933831070968,127.51235359362396,112.67435320978937,4.7745251169301275,48.38760415633904,98.85074285000186,19.54023874008512,3.87179674052618,20.95248079005989,6,164.97976532493018,0
54.94803509178935,1,21.41762806021979,84.83668142194571,261.6366476898903,135.43579687920902,15.340291514933437,118.12599410842367,55.1625609653193,25.369220775588257,4.405592925140004,26.704103107051896,6,243.32130179737732,1
50.1832655870957,1,21.40394136810365,80.34059874607318,251.76774448811477,100.32916356306119,2.747946591679352,42.2592230663677,73.40764929817412,28.19662670108077,3.7041812842914768,19.16267603275462,6,159.2455216252022,0
60.180650955805824,1,22.797472759168745,86.37494573877721,124.19176844318496,81.54785377548565,7.352752142227683,144.32934617576637,53.571627519752084,18.442564802926192,4.059698931016119,12.05623482244173,6,260.49617400857113,0
21.68955712016736,1,21.85481161584485,81.8954345874152,264.60499888670597,67.18815957555756,2.914437927158371,38.75056337805759,61.80372344408802,21.037332657263487,4.231623924328936,30.668318345192404,6,185.08505818175576,0
57.74067254173633,2,22.345800659498163,76.77621109451412,240.34541004636893,140.01579810220463,10.011946718443655,153.13045159112664,69.05214744842866,11.142563587351047,3.8499201966030094,22.731276369298513,6,236.1507010412368,1
20.780219491285468,1,22.732870482407403,82.1893567422624,261.64511262345695,92.13056868438862,8.962894121176108,32.983318238779795,50.92461552964947,7.767961685196796,4.844885487411734,5.0,6,218.2362704691401,0
24.385657522344317,1,24.019115652497494,89.67632787307929,209.7317588951386,82.01398666849487,7.398335045867824,32.78236977057181,67.37954886197618,9.200916457204661,3.955887691073265,8.768105524653011,6,216.00842795741025,0
56.113600279801496,1,24.9,85.05527826970152,132.16808501556739,111.64617048767117,14.074180004639388,94.92658469936458,50.03275736931656,23.272086673052513,4.302918982836804,44.06891072763328,6,236.8978082121641,1
53.74403670760811,2,20.627793380008995,69.45249630339462,172.37814293885629,77.82805849973035,3.4474038641138125,52.11815351058556,50.153731045264145,5.0,3.6792331828722693,5.837111303129661,6,177.82477814840166,0
80.0,1,23.30491579846404,88.9603214764335,184.15006964265694,133.25971081120153,8.282381656687422,137.86608048171982,49.91791677608236,32.94201988728347,3.8344001790137194,37.554484991891535,6,258.53532939946143,1
49.89788260737695,2,20.38923027964138,74.04107418236373,204.47912860189598,86.20011939662345,4.432359184064255,48.85917735773093,88.27386621685505,7.94614132047628,4.1704961413113875,12.911003995046515,6,164.00360200998026,0
68.8642087008587,2,23.498173534956166,77.36447770966397,265.39163094985054,99.82365175859569,8.412357102668388,84.92466752169236,53.73041374896713,21.279809619106754,4.527685967617169,21.762741868711444,6,213.6087875828871,0
53.574247654393034,2,20.813212096520076,72.48755815338286,177.21936621448802,100.6158282728672,2.5131518396778856,75.00306643462856,72.3685367697049,23.921519218711833,4.4436059898405205,69.50695060836493,6,162.7696235569125,0
73.9296213450279,2,23.608872687142842,79.90283781217794,231.52129541160323,113.22335919455008,5.876868767253237,77.1438346682918,94.28363425850537,21.708739038587048,3.590101784282899,19.19282673307151,6,201.19884305045545,0
56.02219130081228,2,19.955587222740373,70.77702959094913,285.43810256630826,125.8736207506689,4.049281052981329,69.80309738968751,61.92429981500815,16.13049539010844,4.158710720905459,12.786676217863203,6,178.24095238096922,0
45.269174141382145,1,21.463842950861302,86.3544649320738,231.83574769127202,118.26299414252043,3.522644329528608,227.7772750334617,36.37657379282936,24.002864199864533,4.312859426778374,52.9568994067406,6,270.5002293706316,0
56.33169106073478,1,23.407960490723003,78.81960590910418,201.18200538966866,96.30331011429783,3.584018618749578,150.75590157079512,51.79241638512358,41.49984042550119,4.4567286083985636,46.623710747477425,6,219.35907283655735,0
64.47387885728642,1,22.54495940011929,85.71566793128903,310.21691369299253,136.76835104371696,3.9921426801039663,116.02809896340968,64.35422409698049,17.499037039725945,4.311602833234929,19.988729526267786,6,228.47187753078498,0
34.03132043025293,2,24.445035065942587,81.67473756374956,234.48601399286957,142.37315934073214,3.2204690692469398,169.2403574646855,49.39639261989155,19.889358445686433,4.753329809678581,14.766773130189362,6,228.91828868678908,0
67.8155334485544,1,23.122593150137835,89.54774138950725,244.124233862567,101.93363617937271,9.781154192790806,155.2817143133369,67.95259520109471,32.073126125593156,3.5743447105828623,55.55809760532622,6,244.11574623919512,0
64.12491165164408,1,19.121310588001332,76.52808076166838,238.28685216009504,87.83333693051972,3.943523038108141,45.99572622857729,74.8084836135438,21.202708603828313,3.989550911959893,21.868694470575264,6,173.8326387265688,0
72.15459743043324,1,22.640670731226447,82.08646213852957,273.34909671933264,151.02416887224825,7.35548784651386,115.21119655794044,58.68404212573102,19.73405890930607,4.022562834891306,45.86144816295405,6,210.5120816955181,1
68.94025086286867,2,21.128473880086034,79.74348439181857,218.94377050788475,111.00305421404273,1.6262142439959137,25.9800196876391,102.49173990952615,6.989826841631009,4.389535589177907,9.151385663037585,6,157.40124714706522,0
57.26702366217698,1,22.37325569483976,81.55436925819674,274.0850461369799,150.28933543075198,12.806216680171916,101.38198035905452,55.89672953247848,20.30536999871954,4.161472942500836,11.865090116705474,6,224.0240227573678,1
72.98764863502473,2,20.677798889503595,77.43101639640584,146.7358754168519,94.51363015616441,1.5,37.79115340796004,95.69093611676699,10.829252479303932,3.941090540709674,12.115454064440227,6,156.4869944545663,0
45.017178736649754,2,23.28291891113556,74.33502786922517,227.95879359727928,102.30915561902124,17.193696193459804,85.58671945409607,50.87570956083803,13.406463399333978,4.535847073390315,12.801817427050992,6,232.69019178111284,0
52.176836563712605,2,23.785642413057047,74.72338662245622,245.3879163146868,110.27412590378532,13.455069040821817,146.0114044149277,39.52206049109509,11.820674852978707,4.611324526261072,9.011396341549919,6,240.02577493410956,1
54.586416773143846,2,22.285188143154507,70.82917303362613,222.4378695654892,112.87347044285775,4.584261552195516,97.80866711872139,72.49829776430362,23.779749228421867,4.022977466795309,34.80416135515498,6,175.70869397163514,0
45.128800489196834,1,20.206521408798906,80.0474226564024,235.16410441818977,100.1437461465498,9.38315329652934,91.37248713883383,64.1146003776048,20.302382570925463,4.2181640905775595,30.6896003400855,6,212.20292269484818,0
46.212934024083566,2,24.789583204247478,83.9145724354659,202.41694557460139,153.31044702110512,10.323614446749945,84.23155061796645,51.69306000239667,30.42730319946135,4.936485086840768,65.354327897179,6,245.7128290163002,1
49.58295695598799,2,20.417136949116088,68.60958215957163,91.35187339616584,115.93143690229711,7.555294140518994,76.4285955548825,62.23814638362566,16.092496967275142,4.210960802209616,15.148871091487816,6,190.48488846492037,0
20.0,2,23.42868819862922,82.22076298891267,82.66126437111166,94.09746669566063,15.702716397921519,136.49423444265054,59.84715822630125,33.39464198769231,4.589993762822671,28.7723915793845,6,258.17256239535,1
67.551202837195,1,24.9,88.31362249426971,250.20139205669662,128.34066008911321,27.639625681385137,152.20226462071076,48.881235835998005,19.363686126838395,4.108297850158364,22.87462714603705,6,325.75366094118743,1
65.76367837909709,1,22.234247926733538,80.9674472448815,223.25485421130907,110.48700911556794,10.780482690895894,120.49848027222716,48.59339091512696,19.046579087710295,3.8833883926880186,41.10478821482806,6,242.34942334040352,1
63.092071309468935,2,23.307030978336236,78.11693954948552,273.3309061412022,142.02468564547013,8.781030855342642,118.95094494561425,64.48989988303941,12.926331398886202,4.254621382309558,9.215620042154361,6,208.2882114710628,1
37.61175582735274,1,21.372955530105887,75.37137663441143,121.14911694585177,95.64194993862353,11.690459408182907,88.29455625199988,56.363144492425896,27.62295971756804,4.47130586328681,13.102010301231875,6,205.11905632201322,0
51.37270292313401,2,20.606629639732244,75.42507884004824,202.31694410766625,85.92547296318743,3.1383658289327028,42.70806218569427,74.62854457646556,14.563523290216805,4.104606030473253,13.705233073873817,6,156.0612268121347,0
36.02228010927147,2,23.66849456121861,72.1362401064139,167.93433789637993,92.73460389727325,10.182953975115314,48.33977675474701,83.08260517289081,18.20221528246227,4.010736326469759,18.7002001197586,6,184.73896117623963,0
22.057896247453378,2,21.73769368985779,74.28177574615756,185.19987473380806,124.44473104758953,9.004922254225693,48.604078112476195,63.59058684168558,17.837624183478002,4.835611436182786,18.711241310053115,6,198.8319756447433,0
38.18296517260123,2,21.976587377148427,68.84553346065992,289.08364794930253,100.45884555678583,2.3616026828120162,62.04682305982323,51.353669443406034,13.361187010474085,3.640594873065269,7.572745019905552,6,153.32546078995517,0
45.945450165278274,2,22.573754935124075,82.47098239159216,247.82221202188117,105.25490111308461,18.380654567541335,83.64146311166839,53.034023512213786,20.440052098255386,4.185340858673951,27.103769953925763,6,251.46846239956554,0
80.0,2,24.833661488722875,79.76352160895371,170.63349831199326,102.89452912563199,6.197377919503858,207.78508499183818,116.20363570176424,45.991284654249,3.939195784350211,78.09460884127432,6,257.84742567471295,0
44.52749750161346,2,20.864290330860683,70.75699999060961,283.4065592602314,130.21793597721373,7.059355425763393,175.08114068054834,52.31595260232562,19.053509207313777,4.288119270094638,44.3107164338253,6,231.00196774637294,0
52.1422141743838,2,21.26433346377213,75.78315964137538,278.81872146689534,112.83173535201907,6.822211423610553,185.68804384115091,54.91882884805822,19.715820964104385,4.318643255346892,32.15755803019295,6,245.38473174281182,0
76.41539045142358,2,23.896401719095174,81.35206277149238,198.51489958458492,120.65220839578635,5.542596643660747,140.04497949121898,48.812323142551215,6.021051771024552,3.5364180567762293,14.892834704408674,6,238.10787604382915,0
46.310627077199655,1,21.551275334503732,77.81411920550656,173.9653928957943,97.27536876821561,3.829661980129037,45.84727637364122,57.6151060923646,22.22125443293228,4.2757865486369075,11.321588323117393,6,177.21096848346264,0
20.0,1,21.37565493188222,83.96605928874857,182.2278450564109,73.39786506477111,1.8831491943705936,32.71177310573547,51.637831716181566,19.93790921815836,5.027549626680388,12.586682816021012,6,184.50176338189,0
49.56683037598109,2,21.57115385376572,72.90494625296867,210.82272490150714,95.23784127201291,8.149442861241289,143.40716756296194,39.65425481114859,17.8049992874997,4.232151200951851,55.058445724261674,6,231.32421027158423,0
53.840935553625116,2,19.929623279303215,72.68256840859772,154.13500617240663,91.89199342033251,3.6395238499503537,117.24760808177321,64.00122326224064,16.184623740800415,4.069069167184766,11.090152174186052,6,184.43309322999198,0
75.3328632234203,1,23.192212321206853,80.82797935381143,145.6192569606636,112.86080348399506,9.133953201521251,92.95117366046912,63.10830258798631,28.750431855371176,4.322899379077444,19.705222571968743,6,203.9189580133957,1
80.0,1,24.9,90.30355466486984,238.08023891137267,123.30545482678349,15.200787110956183,88.57995802294955,60.027490086337224,24.061764819167053,4.32909369767544,40.753547608473156,6,260.4992654699001,1
36.90899232611767,2,22.277769633664118,73.9619124179551,270.04185270091295,109.89000284156907,6.164669293885438,43.352666912005716,82.73649789496447,9.128798295006177,3.996937383313755,17.08697347803672,6,161.5222209039135,0
48.34703724412695,2,22.50727778285095,68.15066306558465,294.8347884741288,93.79648962486576,1.5996033283824282,85.69471382814342,57.11470754687594,6.834817275640529,3.774787228622295,12.371017164456457,6,190.55675594985993,0
36.82664186410735,2,20.459852800023228,78.30880791563527,85.46036386007697,111.16572288664395,17.18954296333299,128.1453156257207,51.96302405941013,15.186945144140722,4.662901205754326,22.33046256509389,6,258.35122942392456,1
38.243284008575706,2,19.67322250596009,67.15061315950612,315.05462016479197,104.10618561746772,4.807335516482498,112.43180031589334,74.84872535631374,7.26407727871779,3.953701308820009,14.311643088434796,6,185.96995288402425,0
40.28670988598799,1,24.9,83.98791623519507,229.1253500210236,131.6796805901099,6.6023610620691535,182.31331111636837,39.55673449514041,31.063804909149322,4.822489620165361,27.054142250203142,6,253.532324354175,0
27.7173079377422,2,23.781881413299068,78.57075411425757,164.86304842556828,97.3431673698694,5.4628381659054455,53.54853395962047,47.200591056261054,20.249604436241302,4.208566416663046,10.284257254912875,6,192.4299848931631,0
80.0,1,20.175109258099106,80.38477707092655,170.67117905682713,108.03318738489885,7.310437075206406,82.41899754655282,61.899073497236685,32.594961095796634,3.973989998105789,42.72629597738002,6,201.28341474683415,0
30.349297431103768,2,19.065145964566902,67.98162340837885,237.11207333167036,87.4058038606681,3.7244082285212032,72.54674554300412,49.76788898717511,8.31719856800723,3.8869678581863094,9.09329882360028,6,157.07932866513931,0
39.12832347355519,1,23.05249306076606,87.19066202424891,171.127452399699,124.74126323540295,8.79338176213297,70.828537963976,48.363419492536316,28.439602806898552,4.38322283023299,47.21188836454243,6,218.86730948240506,0
38.40765264147521,2,21.62368144468868,72.42627066871844,245.53523078285562,91.58836425891779,3.3857510999087923,33.911217483987826,66.65409841233561,28.751373407908464,4.777705247427424,19.273366925457275,6,161.90182224870668,0
64.88236329046752,2,23.108018929670518,79.32459537839406,221.53931202418963,104.33905579341412,23.616083345634188,109.0503311251348,39.788759662508944,24.24529934944084,4.369014870933978,28.449564837301086,6,274.6004934737248,1
69.42219925557967,1,22.621294515884816,86.12309583426817,193.01577462608836,146.16065763619346,8.433265063898167,121.71009052891897,54.75245133497816,20.356405990287225,3.9749773081291924,31.939422925389792,6,234.35346623950142,1
44.19046066113902,2,24.821258938689887,80.39455636051893,251.60204721746595,120.91367067963401,6.536913486108211,52.04548249849781,74.14928235810021,12.088460565185216,4.352115262146077,17.388108630716218,6,187.37752807553306,0
58.190967333114536,2,22.951588692137303,73.80026982140821,284.57886988206366,87.74072553491538,8.063769538452162,47.61469452216545,77.04799618340508,7.412753085696724,4.441366251587916,8.218798261807148,6,195.21014637931557,0
28.63505856740971,2,21.999083671941378,74.3205900803372,346.88987282350274,80.49203520858636,2.4263835500108413,24.494312945234803,99.78719719743498,7.791039554429919,4.446331021049614,11.571300733944259,6,124.1942177443295,0
80.0,2,24.872223824327115,81.02944860900077,278.4771080494418,130.23188449558023,7.25865501664316,115.64901296933967,45.31254902293566,16.905230441115574,4.036453574047308,25.38990469757933,6,229.27904367735712,0
37.073477264467506,2,20.225022072618188,66.18563805346196,216.51315669207702,123.83333300573739,3.6626945047727184,66.16424456225919,46.960933563387776,17.731182186485835,3.988597298399153,11.983600681014439,6,174.0088067889291,0
35.471375531432045,2,23.197613587598184,69.0064162743404,214.8095568060233,97.2258356132985,4.523579695110715,38.315475408349826,82.35185947371347,9.892790681443989,4.257785648778429,16.6101416488674,6,157.78982269690397,0
56.496525424182494,1,22.13774900397706,85.17029212101093,247.53868067877505,154.16311638674637,12.097879311911859,207.11171481446988,36.229163985388325,18.334280808511924,4.169859892149397,40.13313046074414,6,297.85852282539656,1
63.166116627708405,2,23.283779226110664,74.7231911678736,193.8401494500246,122.81748405064019,5.369772739142994,63.14043713967709,53.4882788447356,20.029272282735057,4.046847916217212,22.281685176536776,6,163.8990992339445,0
52.10321130800706,1,21.68143893528778,79.24360611891485,193.64465595833866,116.36151720748737,4.747165687315654,85.01988645959266,45.71477078801253,15.334432113127207,4.596919078720512,23.188967631505637,6,187.45914953009594,0
52.562138868815175,2,22.238578055093193,73.97015040312512,219.94219494547136,115.16468929112851,8.241114624675058,156.27850096631326,57.88546260446808,23.014538979083373,4.288301798950796,28.96965234055685,6,233.6631210383959,0
31.610099097190638,1,24.9,89.519424631326,306.77552589161564,84.30907537668814,6.805548361963874,139.98054804009269,44.9734669469492,26.786840784759153,4.619911716595204,38.19289105746188,6,268.74989382293643,0
37.02341732674043,2,21.770650783362623,75.35754786862712,412.54452063347077,129.68165253071948,4.438549834138297,122.52870550783935,39.04678772486734,5.0,4.291304578977478,8.149472811752217,6,213.0048033234007,0
42.58915533818531,1,21.04788401343409,85.03040767617179,116.00317222980152,102.30745577968644,12.424235623582543,55.000580022360325,60.5124521666274,19.032489358938346,4.061301962580647,12.480842982622677,6,212.75929660897853,0
37.624865691483905,2,21.43528814682884,70.543092520849,254.35458267550882,78.21098445481925,2.0783110629183614,41.345395902619586,64.0700884748261,11.824482115782738,3.8531851749078654,17.15259469442039,6,161.03657066920238,0
47.856465556889276,1,24.11827556866369,84.23263615959154,305.35623638941195,119.49364268861234,6.922929493567467,95.15781005144369,58.76294376493137,34.76708884413323,4.51919090653955,51.42623468245653,6,214.1671552448761,0
26.249372241085858,2,21.62811094926732,73.85696055789437,309.96452660069,75.1054889926758,8.699339400788936,80.5351741138444,67.0770058773396,8.9983609030152,3.697194850663357,16.333642023020484,6,173.18906845823938,0
53.084036938872806,1,22.02513145734514,83.426983599791,168.52417505108085,100.98442284564234,6.566340153232805,88.51564655189718,85.67685506638769,23.003658156888584,4.211998915036559,23.36498249963429,6,198.0685407877975,0
43.408766121868325,2,24.9,79.22312321149157,229.80076224032632,157.05385024803113,19.934847637675173,138.32357316464595,52.10280837286345,18.426423694491834,4.075017527004521,17.287534112627565,6,279.00551122279074,1
73.19896067454515,1,21.668401305065878,80.4011981354943,258.53558615504323,89.736820493397,5.322185275448432,80.65055214841429,48.19699181211581,30.71179866640622,4.4154244056568945,63.37279924154088,6,181.76699128597866,0
39.03777793641439,1,22.455567956354553,83.25623910950026,152.6898399499928,89.13083069855843,3.2499682263507434,34.837916819410644,90.99947949882942,15.589998880148164,4.597353479107669,13.101545705345071,6,175.61087689657325,0
44.26421364724865,2,23.905456489087094,81.03492877512211,231.56451299767917,139.884776401216,80.0,164.5891138641286,55.3933795942353,21.25726348700093,4.444220678439103,50.57395512236409,6,400.0,1
51.793338811680215,1,22.061143229216047,79.17213115274755,283.28570685463853,98.40829279875759,5.476806127675814,42.045904773870625,69.40040247884362,27.936858759628073,4.153394400876181,22.90662745893968,6,172.55714550444543,0
29.051945336584705,2,20.58962308465011,72.97061560417137,223.881931344528,97.50888263800906,3.279668872412462,82.93504813698652,49.11865512857187,15.691818427677221,3.762274946684341,19.324557862434943,6,189.64738520151238,0
35.5359121073201,2,22.86190334983914,75.95547176947099,194.3533853691779,95.40061398000155,7.3594614415881585,46.18221090951014,66.61961834216358,6.3803458279091725,3.9652428650658025,9.211416525718649,6,182.42578424100765,0
63.53601061058599,2,23.021479204974288,81.37071792668493,241.65595443236788,82.9791828708813,3.8591116495630695,65.46839856004256,85.71821756418494,11.712778693341148,3.9034802037579746,8.586274952418073,6,178.75753535988179,0
51.83429737307967,2,22.901341660929667,78.7940132669385,115.55657107456669,105.82813933708069,4.464527873299648,60.29362046927182,78.1892125031986,26.15624081777286,4.20481282487933,44.387939085693326,6,166.2066800611121,0
68.19066641543657,2,20.522191103619956,73.23504499902333,247.42027578410426,102.76226835925488,4.260401322863396,126.96033760555517,69.988621786265,19.230778450016373,4.506909785443197,31.80809712289147,6,180.4212261277771,0
37.747357973083666,1,21.248989585826372,80.46567911592334,285.96312078709525,99.29204484778921,1.8617704328081717,66.93996217749071,46.50041994034988,14.20532645549323,4.008028765098916,13.499794691374907,6,187.0566662174937,0
20.0,2,18.5,60.82346181524291,227.94907138176615,89.07530038417015,9.788929660229995,49.22041060557302,68.98719715390118,9.269499446100843,3.8374393555189,21.276834348671372,6,177.0946384739954,0
64.35765797201962,2,23.067030593829458,69.71084448088655,120.23520474877431,117.2330907836406,3.5597194554363987,48.97722392003562,54.112603571929505,26.59023826152738,4.319406787480414,26.333930023859555,6,174.70086001086543,0
51.95256217237616,2,21.071639474023534,68.73280615629155,292.2748719365553,87.52278655549362,3.912541403990658,58.999876576930234,55.916457233892885,9.247533544489329,3.983541872105189,17.048324574751227,6,152.57556375085926,0
55.785053689888365,1,22.879737757537853,79.38391222416759,168.58932924612822,127.21428587999743,9.262913995239158,24.83948030654365,72.66758169714326,11.941588200994156,3.932162923089955,16.125915370933065,6,181.47926934167674,0
38.467680591076046,2,21.819599456576594,69.59004137846757,276.8498704668059,101.48398257451746,9.133925177877217,48.04867764427995,66.97635334656975,5.515846373013659,3.9119442257007346,7.411815082856336,6,184.71142287827087,0
20.0,2,24.290273421307308,77.56342190087479,223.17532720607545,117.63861393170336,27.32116478804814,85.70646529522662,45.49583909578905,10.729878169015636,3.6517518240699838,23.814827294127618,6,281.87583000236964,1
61.64042773930936,1,23.3208140589184,82.34883726095141,211.19752574855008,116.26910364588504,20.988625646649464,176.03832136631115,48.05183444826557,50.17991937500677,4.0933949378928824,157.04703739210277,6,293.5994582354617,1
56.17601891896744,2,22.10861927001599,75.35234864735511,229.5539311587853,88.52118901129926,2.84907973490167,119.08560771595462,61.36740617139429,12.151130047834146,4.012792910264077,17.27752126712151,6,179.94082056899074,0
43.92954132063623,2,22.403588713436918,72.06706563090798,177.57126817722212,92.90394000876769,5.547933529372356,57.14063811387232,85.24382870418253,16.380505268275208,4.263933415695076,10.292628182391114,6,179.93782647930615,0
63.921195709660196,1,22.194788990170814,83.2013738997623,252.12760390494606,139.6961169818594,13.575367189507965,77.44968224576098,42.9024809093243,27.162720300708823,4.57525855040899,15.346488952642504,6,234.78157063880323,1
39.43915768530745,2,21.58585408407857,70.49620447380605,354.30183734550235,94.44784974099274,3.2011089359122393,82.6494292560039,93.56285891828963,13.265727463619562,4.05132429838114,13.971257567142045,6,172.32938112676703,0
23.20787804745281,1,24.9,82.60355857876543,190.91820091541157,126.25317956380864,3.391420636346782,70.49773714140305,60.66631639549933,34.468345644862,4.415450684311895,41.2141875876099,6,197.19037297320745,0
80.0,1,21.147133406665198,79.34273739676074,179.4368417699409,184.4592254723536,4.517334657002481,101.96579747298001,61.901136135005416,30.39642994181677,4.3980289307264275,38.48635781631116,6,211.63332647152282,0
59.353424707168784,2,22.94186270856317,75.86196838201911,208.58358180026573,128.94117922951915,9.675550813627071,50.8395824388451,69.33028864534114,13.182755910241134,3.8786977344389486,22.556680482051362,6,194.0088750116298,0
29.73266674998854,2,20.685656801658336,76.7932142497474,191.31557486445834,94.9213746162825,8.278132614405864,69.34084641427722,63.956101795168365,10.090700573789475,3.9944316069958745,21.747409936405983,6,190.2201073032894,0
23.666040482124718,2,20.689138819041734,71.13836731037922,218.7519061569807,127.57039090072026,1.5187099459813507,32.27774897367464,56.65168162114404,5.497886479303458,3.912124594132611,5.7620648099001315,6,164.48873004878908,0
41.130567394293806,2,20.84389187031985,74.0017397639676,193.68602804083616,106.95827520550377,2.3082862356298,38.66539807041829,98.1246342980254,9.357496806599483,4.055762833469777,12.69752256226412,6,154.5939791186496,0
59.69676462537222,2,22.27915437863195,79.77279749812669,367.93604875648464,105.85802841085217,16.924050173303044,105.52831225278572,44.28683195948277,25.597337734594674,4.563090580472656,24.002690590917165,6,252.50344451033632,1
47.93979528545715,1,20.804130284832755,74.92417983025716,285.62755932287246,110.78381181805611,7.676588674003624,164.65039780501561,56.21678406294881,29.51362722706019,4.594879460400463,55.869492445934284,6,247.87842013807915,0
24.050823819670622,2,21.99803861087689,67.30693731747158,212.99919945639144,100.24849673755647,7.11268329923931,20.71075769598661,97.04751288568417,6.278863385909236,4.210536918096574,9.027517242878014,6,151.69516596809217,0
55.04402407965203,1,21.4177657712218,81.96880833501592,245.93850489980957,116.27392218055078,22.47143359651718,102.58674052886829,44.97209727381217,21.156283349167254,4.574807627394213,55.58973303806502,6,252.95314695399614,1
39.930226088502,1,20.973867315697863,79.82462733895424,209.7566768252148,86.91569596536199,4.783023228104885,71.61164439086485,49.38162649313833,9.391156839189021,4.061696687636921,5.0,6,223.21727179982474,0
75.80125204200198,1,24.60436429092426,90.60396150408262,162.7158656963948,150.763207436831,4.879704946874918,45.118364862247,67.0103331765741,23.080482833392654,4.470928900876342,15.670479347104267,6,194.76573569336702,0
48.05976596937138,2,24.06442799281337,84.4804118942586,188.69503439616437,117.54336351395139,16.74996717258308,78.73037203932243,75.72002436672088,19.13458807142664,4.088623693570089,22.560476444696366,6,242.4666900874229,0
33.53742745609409,1,19.738116598080687,71.94325267543454,220.03684693542593,93.74942983885943,6.698436793241272,126.0300200737649,58.2312534001226,33.405712141709486,4.25106101108789,31.825287615628227,6,193.82169896495165,0
20.924474538195753,2,20.313491912132527,72.66911863096882,199.60823620086362,111.08098835529977,6.60110754535081,26.1012313833087,119.15190269671758,6.016602474973379,4.306588092830461,12.984382748030908,6,169.27324680795553,0
34.40823369806691,1,24.9,89.93910453128288,151.69060800728667,72.34817025616474,3.314035185723581,138.39462919749627,40.10872828521242,22.368463539156895,4.6079566410719925,8.798387246171052,6,243.94544691049026,0
76.45306469854191,1,24.9,87.79949498320485,187.1946969404132,129.23400282124624,15.734363592341623,120.45704770849675,63.24316356960511,36.622442708246915,4.631053575829212,86.99094624905828,6,276.12137165601877,1
49.91590873707038,2,21.2537669149512,78.65684582167914,261.84684212014577,110.22785226554112,5.512896151351882,46.746975894326916,83.67284491122314,39.704654470374834,4.748480813648468,49.51253281936129,6,189.85663626206457,0
39.58805808879623,2,19.820539846658924,75.70357434019554,272.67643170606635,124.01343684631783,17.17244893054088,78.45325971236775,50.513464552789664,22.66772627202785,4.4252812007487,10.68560001698613,6,236.36109007973567,0
49.954084668014154,1,21.69159791491535,77.66345748674016,345.3925283409336,88.38513362203469,14.904315175553156,70.76516606327303,45.79296145291212,14.208145549885103,4.427464305197057,11.663548540587913,6,215.00393823607598,0
70.02892770931311,1,23.05897606298817,84.02469676276569,146.41440356158316,110.17010651813568,7.143087265451636,40.6486639370826,75.8489070661537,33.53817273167316,4.530790399531943,39.71591741387925,6,212.7664227644773,0
21.876987178381512,2,20.827662993488055,71.63920969540601,128.9794025180231,74.23509761385435,6.073493176464826,31.488719047221046,89.17753712625502,14.214108316621752,3.7602667881864345,11.424675234209152,6,170.62257325352317,0
59.842301169149636,2,23.247191788623024,75.38002896339985,243.83724040339516,119.35209200184508,4.537003547067387,92.55164608773447,66.16376310440302,8.09179907207476,4.569034705045296,5.6833011544860845,6,207.15271360672446,0
46.31913036739959,2,21.069176575432582,70.0045015944977,253.91824143406737,86.70239649219435,15.19054472425371,28.94728874857193,120.0,17.523874683425547,4.465833734922491,24.162605053153268,6,176.2904654635436,0
39.171547925039434,1,21.387847240223714,87.20655355389945,205.08492383726497,106.855943374397,12.245318602957378,123.63760872556686,42.69269752125849,18.19074783852268,4.128028752825725,28.458275278502963,6,259.46297573421106,1
44.54575884301898,1,22.923136754773402,87.1134223138448,192.86738418089422,98.94323688732035,3.5242564281725106,121.3697900904589,63.782311690185225,17.00999241024321,3.9258432312068305,19.820383955448673,6,225.1069777238267,0
53.68748774399541,1,21.43205226183225,77.12412610632919,132.77804828556245,114.19035841021454,8.799866636226719,140.19665325519554,35.774320263038824,25.19555787172212,4.303482628947807,18.39015117385403,6,235.2668503149952,0
73.01308279612581,1,22.442830707853002,81.41654125967626,255.21848089821037,101.6060963489257,4.616004472798661,53.073718328086166,67.3344786881057,25.520782265798857,4.53255432893215,25.8660367225483,6,191.36481470289817,0
22.751077826048014,1,24.9,85.45655945701571,291.41215120336744,84.91801474616815,7.5253505910262275,90.56125839033668,50.75499095600712,7.892147610289144,4.320564938558867,7.304107385068817,6,223.1058100995757,0
64.85610063341042,1,21.996460872140915,80.68451842625696,193.76583103877078,107.57800320078903,12.424766481076919,136.5840033434259,36.793705724202894,88.31294240229452,4.33852502289385,58.0692839444863,6,244.0027579012758,1
42.40585181903003,2,21.941445828355846,69.06671065653667,239.10546943888258,86.56629001358499,9.584951734604482,76.75457457412057,67.63252045479204,16.5909027343758,4.086336571127811,12.552334002575984,6,216.86350349883799,0
59.58455628488565,1,19.20943886827628,73.82106630092859,222.54397808349205,121.3397568571555,4.919545865840056,95.31667725805292,60.86706901380333,17.608950912702436,4.258791397454917,15.129193452386366,6,169.8806354230308,0
80.0,2,21.979890101888607,78.28955099215833,192.37056188334913,98.57547293254477,7.789828527469547,50.29581632572579,71.13064604991338,9.438982960459072,4.010647459544748,7.834298838463517,6,199.8555987712925,0
80.0,2,20.8187829555435,68.6165028936379,281.27659560063347,95.09943785553182,7.619863106659848,151.51107878811527,67.41396102722001,14.245685097389778,4.122004856915736,32.804287042987625,6,236.99960048036928,0
59.410796907029244,2,21.510933217001252,74.74371265507082,284.9583087166053,88.10278017237849,9.558166672082686,96.04852803169115,62.78388940473864,16.576552440042466,4.108856850079207,27.43666146015192,6,253.86207469202884,0
49.47041838029777,2,21.040209845304883,72.00128355469664,265.0770519971851,106.46728396015237,6.950907802466676,268.1288037246516,42.30697049294776,16.183715680958688,4.197703882467364,16.405402142559467,6,275.37189936736286,0
34.39455820450035,1,19.661315670214417,77.79779461626501,237.58918165770248,77.20843149314449,3.71425683724013,35.274832134695984,73.58144416771023,14.641849474091195,4.043738563348792,21.683560330018988,6,142.01516008049302,0
67.43288875281183,2,21.451876410631428,64.03569536033044,242.01873305747787,119.22661032759606,3.4139550550168614,32.60152953322066,97.21625784995362,7.915798283504196,3.7719690132435724,24.933831398984097,6,147.9197995404673,0
46.64217560142366,2,23.892968625733914,73.50913463466732,312.585586396791,101.6669664945234,5.422480541336425,45.61208999710085,77.81223554276315,17.63446412267467,4.23657067549092,18.60215131650482,6,199.01762093166968,0
47.33203581348332,1,23.580913415434434,88.49416277057725,289.78203976451914,96.01984511762275,6.294386838109432,101.84981469692254,65.2324005245564,12.744661674915513,4.1929304135028636,40.312629380740844,6,209.32599291663763,0
20.0,2,23.935316471731177,78.0211152448763,261.17687475109295,104.68716485798853,10.643541974457762,54.351421538520896,60.02647521979799,9.966407423411548,3.9321191658140444,15.334158670507263,6,195.32813395530275,0
20.0,2,22.128157055963083,81.28918325692463,276.2892908421125,122.19551546599378,12.303333509873621,151.75646486263702,48.832143855410564,11.08080333116894,3.852627490649621,10.299666104396756,6,248.78053233308268,1
69.08429051195245,2,18.566974605015687,68.08584147918324,125.38002012968266,133.58817582108912,5.588065860473764,51.980835204784064,60.88723102746903,34.743633286288826,3.9430709548249188,39.71512371016968,6,164.48683656754932,0
74.51009738395047,2,23.919234742967127,76.97379726587135,291.13026485564507,135.41880607443673,14.467442005823736,395.3093128029981,34.93534948956295,62.33574216471524,4.456984986429258,45.91849252007868,6,375.7673382462071,1
45.19129639085304,1,24.099041883659567,92.89132288289726,160.41462827916337,86.02020556681448,6.832188283859006,73.64598393399595,77.06967351767065,34.95871761064517,4.004515065453878,60.829282901168455,6,234.90593828449252,0
20.0,2,22.827201937391784,78.10759431630238,305.321331007691,83.46205349218579,16.35602396312292,70.46192252589927,45.834064570710076,14.3019975194423,3.8168919753411927,13.17391328675785,6,227.77108745305392,0
64.04060671753388,2,21.058553464537624,78.86957254418158,198.3158141870154,115.98492480535413,5.191625252226606,89.93610794065556,75.96377765669214,23.35640133428813,4.029798273817669,46.74367017600448,6,212.27482060661586,0
64.98980652275296,2,22.839649560016582,74.59932476444767,153.1292909997244,143.9236352641928,7.995310142642856,77.3700996646428,59.533904296704684,36.86516572378638,4.625450631524554,23.67303885429008,6,190.59123293778404,1
80.0,1,23.15144442558064,86.05150140126622,291.04390846972535,134.10399555232354,11.482841090785378,95.089588285793,54.36279235016848,34.529324932473806,4.145632663573396,33.50233850240856,6,258.7502866156736,1
20.0,1,22.911218776020565,93.00443863066732,160.43168296889172,90.55495135223165,14.909204949754638,83.69026966859087,53.466245880170945,17.994390793603195,3.7459663199543347,12.859493014681375,6,263.11636810218863,0
71.2689779475238,2,19.64652462577629,72.59613823669207,216.6467257678477,95.49407559695469,6.512139217847411,30.828422719327634,63.5524000288127,15.76505790876877,5.117772143596805,6.985203554717013,6,179.0037168065513,0
68.9935236086723,1,23.35097065594521,83.1251316882187,263.5853946734761,156.36654221550185,7.262283879208783,157.5771300558069,44.64396999916625,50.06752264959411,4.523795762825201,39.08344668979981,6,244.71726514556295,1
39.9869875959681,1,24.9,93.48448824063259,297.0993516420128,110.83022333239121,14.368630800979416,96.32741999096044,63.83603575311204,11.329480976705955,4.615678691972851,9.57028647731774,6,267.5740470077276,1
57.171847981111625,1,24.9,94.09807421583325,273.31762558057534,111.62259836206104,4.341591446661058,64.81973541264107,85.3034960491067,31.189486061999165,4.330773058005442,57.485576038195255,6,212.48710613651164,0
60.31830746868637,2,22.13868145305129,69.92143186573513,205.33218701683674,87.98458186259,4.010232442548775,62.64616033680022,79.4986400570733,5.503577709493951,4.06140850465744,5.6718580202024995,6,156.69840886428779,0
64.20058876405423,2,23.732192301573527,86.28339840411756,228.688425311442,130.75524492028387,3.697492012485083,66.5917633826962,71.81042365460506,14.726862683954062,3.583583671336363,32.61683694269185,6,214.72465859114627,0
47.52782805113644,2,24.9,77.83852466882753,243.41126150020952,129.46377511435415,8.137637827542775,84.17239141517082,52.5828016750618,6.960066862092734,4.165623225669028,8.149865636442975,6,244.77764136252296,1
62.26959162921417,1,20.90592310690132,85.01684591936964,334.40223975249614,115.62881295995727,5.785961765262307,69.04231034620364,49.41184017853741,18.339253624747375,4.341686902221942,20.196337306192437,6,187.63689411905457,0
41.224160122176315,1,23.46808878890092,85.08384091857627,306.87913130507866,108.49900983082836,9.285504775469288,51.256275569314994,59.456319635107796,10.753039899469341,4.749930000716882,8.243421515546384,6,205.9299822434017,0
24.008894630355332,1,23.307450311056883,83.84411388678124,301.69489310998074,147.10399212985152,6.552948488517311,95.04245743588525,47.969051869858376,22.543677393204174,4.206838710086921,113.04119834640983,6,228.01374828355628,0
45.568795191913644,2,23.326159140752996,76.82361309812353,228.26218881043098,101.20911099405788,15.272335598679508,128.4560812496968,54.08794670134478,9.61437590476682,4.220452676228467,7.498990162783212,6,249.3385210834219,1
44.63756365319037,2,22.070489844340695,76.97372009943655,211.85855764326877,81.12671151029801,5.245212429310518,72.97281299841632,74.6328341173345,15.036845929522542,3.6128993996521865,7.68160092530296,6,173.6903268704134,0
66.039045567887,1,20.60893156386331,82.66950398690015,183.21465185803868,146.13679924603272,10.965872789226186,101.26147562565956,65.39738814185021,50.14897933987011,4.4402254308299565,35.00603914737212,6,237.91987793859104,1
40.46903983337024,2,23.506910853043063,80.04075194374978,221.2239624995418,117.3790390889571,5.6659566252493825,88.16205983571666,76.34942473023696,22.14361971463803,3.692679730407663,38.80670879448294,6,210.01107078765932,0
56.563056617793784,2,20.58417833837252,70.7348289625388,255.08523760442108,118.33374228773674,3.672649618496176,94.74896076252699,55.49029159502624,9.158753255783061,3.6853404104674565,31.489787320068743,6,184.55942663991542,0
57.74583159331725,1,24.064882158889926,86.83661985544877,208.61625525059202,127.22893862571665,15.52649886476585,68.19196253389458,60.537804017028556,30.93031284145727,4.011483811023356,56.13355797935643,6,248.04583726769434,0
39.16333330383312,1,22.964486917181386,89.72416674293612,220.49208874284307,106.78712842430224,12.624249320827015,47.86025475263433,50.59700066697678,9.980505782232816,3.9955352843492324,13.381641359015921,6,224.23470831280096,0
33.02187850884567,2,21.68976264777662,67.62275287338615,194.36670622031073,93.27118146785693,2.4969977074093808,35.75916076122035,91.72612114796843,15.284091960139854,4.356076975148916,19.175928182794927,6,147.20015675823964,0
43.2166849625433,2,21.141649660892096,78.47099770797416,185.1942924958594,99.04424330999677,4.975734358510295,166.4709561273292,52.25563536772059,14.816166668122795,3.420217945098022,10.258661008221964,6,238.53122637789292,0
70.45341959116169,2,20.404211704508285,68.03738136173024,161.43554612322114,120.51150732336275,9.03217667312844,94.3018363405925,63.027289406601724,9.316507371144075,3.4026336425276047,9.570507650670285,6,200.70295167146844,1
46.21308986520585,1,23.61785213473351,90.80988313951471,148.60309522499966,121.30632635532777,9.24726243866835,214.26842822261938,50.514879391908586,10.816682056547243,4.7440486423349135,17.40136259828382,6,283.80021390755536,1
31.180595389137697,1,24.26556159530938,90.13316862278765,226.52262624474042,126.31358004987577,9.4439657732186,43.5284147470207,65.07956712604246,7.8575764131369805,4.253784750361296,9.066579484516812,6,195.994342623514,0
31.082294907455445,1,19.552964338954315,78.94609979361844,181.555816860913,135.18847325713853,4.824657688793857,80.31858489905957,42.664303232357476,22.478311750445805,3.8730701274130768,32.42133707445783,6,183.60148180911082,0
47.64989293879004,1,23.461711073417504,88.94766497647765,144.32124385474057,100.10049061184037,7.908158489074621,75.66638831947581,53.32268153806896,8.621064058300664,4.0512353558053915,13.186512632890304,6,189.17534247923425,0
44.32486675510701,2,22.997499341668863,74.55348671959636,343.48783778289607,79.2719205845842,3.4175978239481153,117.54961696558787,66.12016882410477,9.81397596236432,4.055795892864283,20.622882223051658,6,206.23401726640944,0
55.15323674090452,1,22.104237124114057,73.79133131783627,247.42093420012924,101.93315992341019,10.559873960496617,70.97805863560919,57.47721240732776,20.026307821788492,4.049939288185314,13.778034054310124,6,206.12732693195414,0
38.53582327441364,2,21.42595824555856,78.01938477769833,223.56740010641317,132.58180674078352,10.433012129001694,196.87633499005474,56.134692741483214,12.122820634161496,4.667055637540032,7.555489743987847,6,254.05735954245858,1
45.55438700165835,1,21.251591493385433,81.51841216174815,229.3729595277038,92.58042541897876,9.73463654626344,72.06820623611172,65.74700742304496,12.442328599354266,4.017070595059049,29.029145282785052,6,172.38815499810428,0
77.32833869202861,2,21.84017751247624,78.27841495696967,203.21550057281198,121.2476293365251,2.728037681449123,74.71577632321915,64.80658155208535,30.117967743410816,4.392335632166886,29.813013219246116,6,187.28908119549854,0
62.85135076651167,1,22.794578759329788,85.81466958097015,180.02498412242304,121.56509402002995,6.8716656954480015,154.99669039553817,46.46385660749416,12.302816372706033,4.28462842596384,37.335268999974375,6,251.1409639890762,0
35.31655813271757,1,24.374541846169986,88.15523501745851,108.93703452380782,116.07966978868537,7.5623852063954615,202.82850144158402,61.73845240129956,31.479049292519413,3.9649907814388143,81.89719758070663,6,286.1069897961418,0
51.00848496825504,1,23.504736299842243,89.76921464543658,283.61148844891767,96.01960458065447,4.901351734284572,149.80681583893033,44.10726932195759,20.66778467973418,3.856149208860878,23.697148639852603,6,220.02121310206712,0
80.0,2,22.359085332138473,74.38063614559591,227.89396841147638,92.1553347995581,7.18429089080947,102.36189720144822,64.43229542064987,34.69232510790543,4.065264834049554,41.21407829543099,6,195.50451176579352,0
54.68209075333527,1,23.34028940972694,76.59911881364235,316.5951097863118,131.4877545756995,16.47098813610662,173.49849576025179,42.3890787877441,31.269460049976644,3.803407763524033,35.323562583616834,6,272.48839799163994,1
76.52787000868675,1,22.24408134269256,86.73959282646105,281.25678286394543,136.83646225211862,18.4297338757617,267.3432372688183,38.2142307229658,82.55620414025384,4.66307930994761,63.71949250607463,6,323.47690452133133,1
43.188237699123356,2,22.477433447748645,79.3802292387534,263.19228378804166,103.39388155541157,8.494599699208312,42.62802566956108,81.06791970922878,12.492186283203582,4.1883318952663275,12.895980662776417,6,186.96141582055273,0
56.1337039660107,1,22.542938713710914,87.86378654393991,80.0,117.3770285492029,4.047308646129341,103.28695249602586,36.00658850954269,18.398800393909337,4.347110595669357,15.83461906355476,6,200.64442884067643,0
24.885052526141106,2,23.09729724408553,75.2599827493257,314.49703058119,96.41769432887162,2.6760886389627467,67.08152985041468,54.62341242502611,9.389467546195423,4.306999100733108,11.137098945298881,6,182.57883099105,0
62.85749792432948,2,20.883773087548008,66.07736463811197,346.2791073440076,125.59479911083515,7.274449979075356,49.732403017515495,69.2939567554916,21.254156224081544,4.634242215753238,22.172625833669233,6,169.08937990918943,0
50.98304407739061,2,24.21804605862353,77.89674386970434,262.1918000904611,96.65678847469468,8.291252914465318,60.08343462069876,60.77566175717934,15.484046503755561,4.309339671325428,11.90410671789747,6,186.09734845023087,0
71.5557977316898,2,21.82007823979539,78.21340550809194,221.45729464033334,111.48672060919037,8.633630594152878,89.38020436277387,51.675701186271525,7.731743029599372,3.80144432861684,10.819264459995791,6,196.59809768048535,0
45.67847689304293,2,22.310105703501915,78.52154826858172,256.0732695806517,108.00588488988681,3.269954607635022,47.94936644382702,66.5722840299869,9.696599439939856,4.008178159230573,22.660776699755804,6,185.03412137342104,0
51.84379870444668,1,20.284199689671816,75.91539057260812,237.9020985473692,91.76156812491537,16.50825284037211,92.16340394280184,48.46813810247807,33.07253461570096,4.295442791874806,23.78042914496219,6,236.54802557850996,0
68.9388480525042,2,20.288719588695045,69.59082317865189,258.19903014942787,120.01606521978624,3.1322651974773206,68.99196489724282,44.302340671619056,9.8064709310246,4.40100890098353,5.0,6,175.9116551962521,0
50.98310671017725,1,21.21860451578141,72.78229061733433,220.976847976539,100.25314951323911,4.510156463281989,110.86261044614427,50.866971805383,30.886553048117186,4.904620647227654,30.072043795169918,6,190.2618241887139,0
20.0,1,22.13789984954432,87.88635254598137,168.7160290802656,92.31154027665967,3.5660812806683855,63.525449907113064,75.01673848417342,12.51466933019791,4.3363570996726075,20.32069452347057,6,201.84486917324747,0
54.84497902563712,2,22.049455882049834,71.43778203598274,231.39037654610402,93.58155844323053,16.567719254618233,109.04778844907099,71.64537031904526,26.89180814707125,3.9427814265272874,23.4290886927212,6,258.0702756099216,1
23.615356432407257,1,23.251797688454637,82.79847353087948,280.32713783338073,106.42713079884518,4.579428405720426,77.30422624903456,43.45662187655124,17.699957382409757,4.838827818189958,6.579366444468905,6,191.693073404903,0
39.20973143538501,2,23.835100654756733,74.40322098371671,229.60769677372986,76.51418572710848,5.842226956714654,110.40324623120227,58.92178026482713,18.156983195501127,4.198250465591202,16.021661968276973,6,200.67692005042593,0
64.3904507410499,2,23.10654936022434,77.08321965931927,230.66065305533184,135.44969737896628,2.3418748667047424,47.37259179673686,76.93799815248084,18.47475158632807,4.488690009143566,20.580145063286114,6,157.63681089966445,0
51.79622810855767,1,24.9,86.70917238730793,221.51306981964947,107.1712204521546,8.13403180341366,135.2103380490682,38.47270984292284,40.897825879454444,4.4358267881653,30.79030357870408,6,261.99573670146935,0
66.21684725612008,2,20.24220924534533,69.01089754157834,314.5558739628659,132.94117833117255,18.498597742673557,109.9187185552574,56.844474834685315,37.17195842075936,4.430829026526494,28.443799420632576,6,221.4310989005134,1
49.076468075923465,1,23.018760711810224,83.80626468582274,205.69450253380293,131.6306651435435,6.427100265991712,469.2637370393568,34.394666658233504,25.59091985581597,4.667555094249184,57.23227797801968,6,369.2979394964482,0
54.31506067537848,2,24.317029034475333,81.32212402841091,185.24115793406,139.46908136548362,33.49327725997936,108.85582565072613,52.756460360019894,37.344582095099156,4.287463506127236,49.58025409018658,6,325.6466549740085,1
52.32036541246878,2,22.65081176662801,74.59661987735673,191.28736256371934,117.9574559385328,4.009680103524606,76.82000133555366,76.60237030363344,14.296668941548319,4.311238900712887,30.203695137980276,6,180.52750947200053,0
44.40039580251785,1,20.98165072300974,77.03214146253741,340.7887648618371,102.45065869611699,13.056757703894764,220.82120765422172,53.33227451491999,30.718039167264063,4.182604760542774,49.63820391736196,6,265.41949870532227,1
63.04072002056138,1,20.592012437631492,76.62049140778268,234.7666071736425,91.11763480927819,11.86978590933476,196.0343899975908,47.66163406059731,26.083044874141407,3.8836935754849544,31.11052017892992,6,269.0885995980218,1
43.176951362619604,2,21.72029864572024,77.36268533853982,312.25679305153903,65.89878423917732,2.554624532084932,59.29605798035447,69.58245726342486,6.713416418781939,4.739639668832653,9.875572986584206,6,182.2374790392573,0
68.78283730508136,2,18.970951540281902,66.83006417316375,208.00601768122448,94.32844557549237,13.889162313990605,94.2811001758247,44.31269795580057,15.346187847105366,4.144574683938027,29.092264900903277,6,217.12306119553472,0
49.389671632549145,1,22.733443327669384,85.67089908719215,305.6601365426879,110.01110805996132,6.97996456740947,58.187511626629124,68.48403721343568,14.426307574985808,4.526188608986697,22.2456226508289,6,197.24833987484539,0
20.0,2,24.328123828830595,76.59297336517255,233.33979718542514,92.5719325642128,12.257133498136678,91.90668770874711,46.46503041517339,13.305989424204608,4.286073186599691,13.078981246122035,6,238.2045350009027,0
27.57866211263481,1,24.9,88.62131445801607,151.38596938223841,121.8599803254388,7.877947448319562,64.66046751045953,48.81068459117891,18.905930643205625,4.432184084372381,24.897472276258725,6,200.4108980859812,0
34.16550188533872,1,23.363410034730673,93.74458827267375,204.20607703654895,111.58678230260708,9.442082893111468,109.6385155704584,61.40155760162204,36.618342981457516,4.645687363606825,27.817928609903152,6,242.71663358224396,1
45.572655218239696,1,24.74734824888924,84.07606367296756,276.6740167500576,125.91518732875191,10.328833996710877,193.06382017217987,47.3176724206084,13.691509934470849,4.384391732509577,46.80372877953517,6,286.7112869268953,1
24.706434209446737,1,21.35121731654388,79.82285093878092,205.29410047115553,66.68071298308068,2.803096753828138,69.11150697672254,74.31001384388742,27.281615009103998,4.676598168098093,25.336246597379603,6,192.83194811366397,0
42.51966421598114,1,23.47547556868188,88.06174239162536,238.04670754347737,100.37516755543939,11.631949835673817,101.14821972153177,70.74686577964818,19.111931920259696,4.35258897511809,16.151442199904473,6,236.2872061262631,1
30.27321939199247,2,20.19247657678923,64.26944610289495,179.86256170220184,87.60317112663795,1.5,46.38723590109644,72.14635838120016,14.507627327407556,4.549717631735828,16.899955198032448,6,147.9328297034816,0
71.72169336598112,2,23.202143503027123,69.45183690925299,261.179794996778,134.40958258011733,36.40643376645227,150.02369285730848,46.188377558340974,13.265018980660098,4.254421210485794,13.826085837429742,6,338.92453569567397,1
37.07704340489077,1,21.393198677497242,84.73455234892552,209.18555211238083,93.22419062300256,4.7541900226798965,81.32624559058382,49.61267280890032,23.400571021701932,4.163050191172832,40.26111258395753,6,186.5767206224275,0
60.75681595624536,2,23.04224938171829,77.95017006406738,284.72961612926406,103.96341062526143,2.1166862721655875,186.49496519708904,51.10857848082835,24.368968162584384,3.8219652382759945,39.86819111297335,6,241.32165002550374,0
41.09091859341802,2,21.89517683410875,78.48491804007227,282.08656408180155,71.78171369101057,2.1900317403306926,59.756436260904074,98.56695616411396,9.496023185500189,4.13405338161121,6.749202581002181,6,169.86117320379026,0
67.3752319472508,2,23.711767290620905,73.76094281921678,346.2173739686407,130.78934429209863,9.491603784413043,139.87140181666436,46.075802536546405,25.917227651030224,4.251053041525517,23.142213407741025,6,248.22613179788334,1
58.5865092058696,2,23.171824287354212,75.10244077733815,208.32145817305513,129.13299940800266,22.94729567026026,114.2100596547921,76.7373731559374,19.751467919474887,4.293686836931672,19.063831687222415,6,252.75834611708757,1
80.0,1,24.598792143419576,88.71668507849645,259.3837898737541,155.67736716944535,26.90141148924724,283.35579323115115,30.19711069507435,12.302759097067897,4.288709820519756,16.428674347809405,6,390.06725610759884,1
47.31709776362978,1,22.6021800245645,82.01578702409843,288.7829775185722,119.16432003686116,9.261895546713712,29.69237989906768,76.41047716589281,6.65790034155479,4.605780422924667,5.4087941764483904,6,202.44130645845163,0
67.83439876946618,1,24.079943959914715,85.8779247306843,80.0,126.1978024829522,17.87209268167823,152.6517478794433,45.867826712604504,31.851973037349612,4.47078558974911,69.05405257396771,6,303.9659224031755,1
34.62355751703028,1,22.4242673996748,89.25498552457312,240.68399411200164,100.68406783831493,3.9840167275428087,106.73433914580106,50.093945173478325,24.15406586959274,4.0662979135954505,52.8688529295164,6,208.79516126318558,0
74.37750496014158,1,23.631557166778226,85.11168041264597,119.32529020651424,118.12350353366926,7.11182252932463,58.03972017728466,55.73877706346524,14.017548691393271,4.033867404035377,11.914059505258576,6,197.2754773741246,0
43.624563703422524,2,23.375267341616773,81.33351027055686,308.7682755685075,119.7712854933893,4.324229002380599,58.84089108321564,91.96362819928771,14.09435524357229,4.421453790700074,14.79977531034838,6,193.2232607736062,0
53.21540756866948,2,22.7428237428631,72.07658546518648,295.75182858721666,90.43542890070619,7.242701987093876,84.83170945131684,71.2850465378367,25.256101677916035,4.186399068117586,68.0290027154546,6,184.2179544068251,0
30.338331432052453,2,20.449138778185528,68.01987019647049,261.8395810208938,86.83411596154325,8.314415685384139,83.2499255545886,73.96538128317873,33.30345877763322,4.534842181679854,28.266363448942222,6,179.6403749406745,0
20.0,2,21.484252033006324,82.19240778316924,233.53367147799744,118.6981715193197,9.924620855229055,36.15155559270426,47.60293430728167,9.640771592600935,3.774944361436923,5.0,6,199.32965975239938,0
24.468969788420125,2,24.49787367416085,77.34153731603466,305.8670149288425,104.215816064654,10.156215467879548,144.59958514572025,47.50698673371558,6.091734876797388,4.062750055783768,13.022937480312887,6,250.78107005497387,1
35.7225818344603,2,22.624728965029057,72.42783836549528,278.4152570038377,102.28380515774197,5.285805569582729,61.064431012468546,66.31007586744167,9.270951692157233,4.016899860783524,21.285276807287275,6,179.6100142324908,0
40.44558284537726,2,22.16176895513169,77.71734741251078,241.99407378447287,110.19206164627805,9.737732890021757,48.99648215128656,63.209405430063335,6.254653294964964,4.2478995024260815,7.483735632354028,6,193.51400827472895,0
23.288994604292352,2,22.479513937144205,76.70586269621975,306.9856551051642,111.34714115302711,4.484793533367509,70.91134598996874,58.447648292654186,15.160689113081776,4.814501671994578,15.62543855992161,6,176.50661277291692,0
67.49817438218784,2,20.627643967883134,67.53021204577766,229.07824115179181,101.1313325919893,8.140636950316148,25.325206091111564,80.52481586946888,15.915723007195048,4.4799654542216665,13.37039308250552,6,171.77164357813132,0
74.57474525692076,1,21.246303460635616,81.45378932937248,220.69188498078967,126.8057366625182,1.9552736977041876,166.24492829528117,47.9589767478101,24.388699623636157,4.122583479475439,15.727589452921176,6,238.74402780988586,0
76.65099354197866,2,22.145536945490154,78.08247948737933,165.7909506651078,96.18915537483413,3.7612757672825414,98.03877096888027,61.75119361580867,43.026933650391015,3.9013721555806233,23.78207572171187,6,203.88595205539568,0
52.762835276349485,2,20.579765033555226,72.16735390509939,304.48805427520927,132.6348781047668,4.9038731503327115,70.80417857577011,63.05506935396398,17.13222864381166,3.7122019360772787,23.93466558794638,6,187.11617778081055,0
44.098691562969684,1,21.302335692070084,87.4240408087944,277.0412965777153,95.31421843692476,8.483120875671641,137.10038487964965,40.01666051918078,10.361012059988052,4.361573758889782,27.828431853144263,6,234.523991151607,0
41.53737494559561,2,22.020912578557056,78.95876574079702,186.4226523851652,112.72306499883253,19.005134175357835,78.47839616269832,58.279095971238064,20.895052011323273,4.4149051662884995,20.1288032601182,6,241.48258668402508,0
49.990724187994935,1,24.9,90.42429121616475,203.79733018904608,123.50959950855518,5.3090867763421565,86.87423350469827,58.91038768009639,16.065000773347382,4.416885378601233,17.014425213932707,6,226.1536352389982,0
20.0,1,21.56984172868772,80.57355289147837,138.26331603708647,104.03783487833114,3.1877338061440637,30.201120077230513,66.231608491189,9.899373806782657,4.742068795187935,9.995031760867688,6,170.35385826050805,0
34.055070131254396,1,22.555610261208017,84.31019210267621,234.31674723791863,120.17895240582499,23.6698391095709,58.237531167537064,57.73004576724717,22.53575160977378,3.928496416050904,12.532427549635367,6,243.89262471249924,0
41.960025219182185,2,21.571894505680465,66.53917705087412,282.0894027891861,124.6071476561157,13.609344234532948,47.65936462004026,58.62950082115566,5.522813365462896,4.043111051850661,9.398760753779818,6,195.2425470274602,0
78.99266860453156,2,21.08154109677165,73.03370915207326,250.55131631557396,130.6685334903703,7.021443337054862,118.29268305117047,50.75539261397796,6.190454505274708,4.105026549382354,8.304124927363912,6,216.76712113895275,0
